Country,LST_C,Month,NDVI,NDWI,Population_density,Rainfall_mm,Year,Incidence
Angola,30.94710303084834,1.0,0.5979108932861799,-0.5819135140836562,0.1682690198261749,118.89735325794472,2015,154.48
Angola,29.47526702960072,2.0,0.6218243492643428,-0.5994966215744207,0.1682690198261749,102.0033480166698,2015,154.48
Angola,31.577579593461333,3.0,0.6341965085611853,-0.6114342219785684,0.1682690198261749,183.4857035565609,2015,154.48
Angola,30.69090268357956,4.0,0.6158809861422218,-0.5989528156694741,0.1682690198261749,89.4188597000291,2015,154.48
Angola,30.081486807897672,5.0,0.579010921718262,-0.5905420097572757,0.1682690198261749,10.656598585487046,2015,154.48
Angola,28.101971166806138,6.0,0.4979585609302739,-0.5433439556310723,0.1682690198261749,0.6781920753956636,2015,154.48
Angola,29.8851825088006,7.0,0.4218024899738087,-0.4812511653721757,0.1682690198261749,0.1956996610399234,2015,154.48
Angola,33.04646074585069,8.0,0.3743876887630001,-0.4328452232015482,0.1682690198261749,1.9527387678911552,2015,154.48
Angola,38.69448092384833,9.0,0.4147061079627355,-0.4584648673433607,0.1682690198261749,17.49629228059673,2015,154.48
Angola,41.14769379286351,10.0,0.4700110520264027,-0.4990470604393288,0.1682690198261749,73.117817390434,2015,154.48
Angola,39.82488576026189,11.0,0.487416236165582,-0.5071178120433152,0.1682690198261749,129.30533552922267,2015,154.48
Angola,35.99953570388628,12.0,0.4943905214704868,-0.5057112538586448,0.1682690198261749,170.54302933745623,2015,154.48
Angola,31.67970653562564,1.0,0.6051089110717714,-0.5807990140993339,0.1761116925098038,151.49621652211658,2016,155.66
Angola,28.10085424631617,2.0,0.6165530295780028,-0.5870011687072403,0.1761116925098038,159.18650274746352,2016,155.66
Angola,30.29216942961645,3.0,0.6250409541758231,-0.5982635459708698,0.1761116925098038,195.83478326938604,2016,155.66
Angola,30.95311833403576,4.0,0.6301399647656832,-0.6141064605681407,0.1761116925098038,87.09092911618903,2016,155.66
Angola,30.20007322131828,5.0,0.5852267384416336,-0.6005665907668359,0.1761116925098038,5.996051069815764,2016,155.66
Angola,29.031221453416805,6.0,0.5079368855173363,-0.5546775427050904,0.1761116925098038,0.1430292740541408,2016,155.66
Angola,29.572161485733684,7.0,0.433594554940127,-0.495711801449389,0.1761116925098038,0.2291079816300852,2016,155.66
Angola,33.669976772488575,8.0,0.3918301173029902,-0.4556435637534842,0.1761116925098038,2.774679115669945,2016,155.66
Angola,37.37861997860581,9.0,0.423738728649299,-0.4728594766770694,0.1761116925098038,19.223929908015265,2016,155.66
Angola,40.37922139946937,10.0,0.4735083286382099,-0.5043331473618465,0.1761116925098038,66.94484155490214,2016,155.66
Angola,36.97916043272447,11.0,0.5122840535923248,-0.5221309317004654,0.1761116925098038,139.9204031673162,2016,155.66
Angola,31.491511385986275,12.0,0.5743785092003083,-0.5608362494323326,0.1761116925098038,151.1216639138586,2016,155.66
Angola,31.46493523599508,1.0,0.6230533812567247,-0.6021255389807131,0.1840444547096321,124.0047586907658,2017,154.97
Angola,29.28014944514692,2.0,0.6201622836987692,-0.5961411008232402,0.1840444547096321,142.09645918381443,2017,154.97
Angola,29.93061222710266,3.0,0.617731645345502,-0.5924585921071999,0.1840444547096321,144.3344614949674,2017,154.97
Angola,30.01619773350156,4.0,0.6468022953241317,-0.6234175922844478,0.1840444547096321,71.26586743281909,2017,154.97
Angola,30.69340390767842,5.0,0.6119485904109219,-0.6129660234372694,0.1840444547096321,12.73520296423704,2017,154.97
Angola,29.01992563319209,6.0,0.5148069478312084,-0.5525825938193804,0.1840444547096321,0.2075404441456257,2017,154.97
Angola,29.73868123195016,7.0,0.444093032109838,-0.5035054984627778,0.1840444547096321,0.0448842433706298,2017,154.97
Angola,33.39627443365897,8.0,0.3982998929949077,-0.4630677311911339,0.1840444547096321,1.9862355559169904,2017,154.97
Angola,38.04877850048812,9.0,0.3903767706907139,-0.4410958214949352,0.1840444547096321,17.782742704391325,2017,154.97
Angola,41.37491448484506,10.0,0.4549617116629769,-0.4919617101123484,0.1840444547096321,73.7328322506616,2017,154.97
Angola,37.61897494363751,11.0,0.5041965926961456,-0.5177517718981524,0.1840444547096321,145.91870467165245,2017,154.97
Angola,27.05011139210617,12.0,0.5182417051226018,-0.5140761846222001,0.1840444547096321,187.93571343769813,2017,154.97
Angola,31.90765204637155,1.0,0.5822121292692864,-0.5682298664951841,0.1931195629282072,157.1887998233589,2018,228.9
Angola,29.97197790229096,2.0,0.6240869348366871,-0.5993454461714778,0.1931195629282072,150.7532375109785,2018,228.9
Angola,29.48054130659993,3.0,0.6355951781695045,-0.6049955816230501,0.1931195629282072,179.3574674363162,2018,228.9
Angola,29.14848945064768,4.0,0.6289429702954853,-0.6075568332365173,0.1931195629282072,128.22012939032763,2018,228.9
Angola,30.2747780286326,5.0,0.6135910767526882,-0.6133267418318681,0.1931195629282072,15.267157090440946,2018,228.9
Angola,28.28797030880053,6.0,0.5504870974794186,-0.5816308009543166,0.1931195629282072,0.1674660476228973,2018,228.9
Angola,28.90702166923214,7.0,0.4662065525205374,-0.5221170535730156,0.1931195629282072,0.0982127011560237,2018,228.9
Angola,32.45771766980033,8.0,0.4124223374994678,-0.456278171132352,0.1931195629282072,4.719037280394872,2018,228.9
Angola,37.44877158488245,9.0,0.432381668593748,-0.4697010956859941,0.1931195629282072,25.746193549488687,2018,228.9
Angola,40.64436955622078,10.0,0.4736971655118185,-0.5066991008764617,0.1931195629282072,62.56331707245584,2018,228.9
Angola,40.81105468891264,11.0,0.5008036010906479,-0.5185380915394754,0.1931195629282072,117.02066560496786,2018,228.9
Angola,36.85172727518021,12.0,0.5471945321589542,-0.5537857441080334,0.1931195629282072,135.5326235271645,2018,228.9
Angola,29.44706615924362,1.0,0.6401708673015443,-0.6057631646616495,0.2261820805850899,172.78194562938984,2020,251.6
Angola,29.90821427032833,2.0,0.6311576288960346,-0.5985280149345529,0.2261820805850899,150.8542803290996,2020,251.6
Angola,30.85508982561497,3.0,0.6203704773745345,-0.596348117925354,0.2261820805850899,170.63171713465084,2020,251.6
Angola,30.271321518423527,4.0,0.6278065818988453,-0.6149173875346126,0.2261820805850899,85.7043262685184,2020,251.6
Angola,30.043758963260768,5.0,0.5984660517661677,-0.6061100558338445,0.2261820805850899,7.772356088759345,2020,251.6
Angola,28.27434982623575,6.0,0.5172770998524665,-0.5609369209458653,0.2261820805850899,0.8445597338363694,2020,251.6
Angola,28.65281441095312,7.0,0.4443055103977227,-0.5041124560712587,0.2261820805850899,0.3325593555407789,2020,251.6
Angola,31.50804513902376,8.0,0.3869125570435279,-0.447789151739526,0.2261820805850899,6.176127821405368,2020,251.6
Angola,37.376003480793344,9.0,0.4209426429247525,-0.4687461385133457,0.2261820805850899,21.90237654505465,2020,251.6
Angola,39.3017319805066,10.0,0.4739063251521109,-0.5075879403374288,0.2261820805850899,81.70310998902697,2020,251.6
Angola,34.484524353612514,11.0,0.5122316526463624,-0.5186211762542015,0.2261820805850899,130.33587436779155,2020,251.6
Angola,31.852218054409715,12.0,0.5592706066056315,-0.5535644742403752,0.2261820805850899,125.08653898437922,2020,251.6
Benin,36.19342397112813,1.0,0.3043819915827772,-0.3936644147094302,0.8387524727412357,0.8157841256552608,2015,358.15
Benin,44.39448703179698,2.0,0.3043393974514545,-0.4206742838612132,0.8387524727412357,13.161545046159096,2015,358.15
Benin,45.36414196134354,3.0,0.3076603142211717,-0.4044043097455104,0.8387524727412357,57.79682845555322,2015,358.15
Benin,41.54178014562369,4.0,0.3564377873480958,-0.405227661379916,0.8387524727412357,25.71858328589937,2015,358.15
Benin,39.18535851845713,5.0,0.4271386084073097,-0.4716358781376378,0.8387524727412357,92.58064050606689,2015,358.15
Benin,35.96452427612481,6.0,0.4922966047323027,-0.5062826597305751,0.8387524727412357,102.65024254120684,2015,358.15
Benin,36.217180061932375,7.0,0.5546155987644713,-0.5429297686150917,0.8387524727412357,158.20519855887204,2015,358.15
Benin,27.487807242504584,8.0,0.518047522009865,-0.4882597403498168,0.8387524727412357,240.1388924464912,2015,358.15
Benin,34.63067812935974,9.0,0.632448337494807,-0.5778175947247938,0.8387524727412357,162.5483099540465,2015,358.15
Benin,34.58974844349963,10.0,0.6819727558665093,-0.6374269239053876,0.8387524727412357,100.7595420046206,2015,358.15
Benin,38.03416868053164,11.0,0.538994961433722,-0.5590168649136096,0.8387524727412357,9.303038689034477,2015,358.15
Benin,35.105257592088066,12.0,0.3765261370027603,-0.4490401825031178,0.8387524727412357,1.024486604631966,2015,358.15
Benin,39.16299822965444,1.0,0.3050231294192371,-0.4094388349992491,0.8719010105471209,1.645189096956716,2016,368.57
Benin,39.76158053229303,2.0,0.2425771712065443,-0.3301385757829838,0.8719010105471209,2.064468340565869,2016,368.57
Benin,46.74930360132004,3.0,0.3188050115110872,-0.4151115973649885,0.8719010105471209,53.41588787134019,2016,368.57
Benin,36.01738353001111,4.0,0.4738242925942029,-0.4937235459310897,0.8719010105471209,80.2120262345908,2016,368.57
Benin,21.80867616763128,5.0,0.4558377408515798,-0.483487516627948,0.8719010105471209,130.23879112348882,2016,368.57
Benin,34.63784333761651,6.0,0.5656302447011619,-0.5625479263418144,0.8719010105471209,137.48835291407914,2016,368.57
Benin,31.77334825002477,7.0,0.550797458285047,-0.5333163846529227,0.8719010105471209,173.13620031975302,2016,368.57
Benin,27.3835568726316,8.0,0.5974583161699808,-0.5584781884040534,0.8719010105471209,202.36456926203223,2016,368.57
Benin,30.86973716157853,9.0,0.6951300174064643,-0.6315781242178912,0.8719010105471209,224.88365005177155,2016,368.57
Benin,35.115334418354514,10.0,0.6264938830765227,-0.5978603797822574,0.8719010105471209,70.26901787603109,2016,368.57
Benin,32.669563068863866,11.0,0.4481470566174439,-0.490476654431485,0.8719010105471209,5.823493475778558,2016,368.57
Benin,38.83908362430734,12.0,0.4155825924204706,-0.4882200360611757,0.8719010105471209,3.1446268546149407,2016,368.57
Benin,37.34727898004321,1.0,0.3417862160004558,-0.4303021303782416,0.9112005809625002,2.041091641059157,2017,367.91
Benin,38.93230707592231,2.0,0.2728059506784255,-0.3527858689033602,0.9112005809625002,3.0167930100032367,2017,367.91
Benin,47.5596343234492,3.0,0.3235821354811295,-0.4206221973597134,0.9112005809625002,15.703448398845168,2017,367.91
Benin,37.46080245542472,4.0,0.3916244081685822,-0.4529650760037266,0.9112005809625002,39.3194911662083,2017,367.91
Benin,38.91261303506036,5.0,0.4204049054596278,-0.4757812689746981,0.9112005809625002,124.21995189350996,2017,367.91
Benin,25.22636272047338,6.0,0.4982958634446464,-0.4837596486514287,0.9112005809625002,228.6206047545257,2017,367.91
Benin,28.140720937518303,7.0,0.5933791269865822,-0.5580428828568851,0.9112005809625002,201.91233142539843,2017,367.91
Benin,24.315853522754896,8.0,0.6344562122383752,-0.5792004130482856,0.9112005809625002,236.31792136789164,2017,367.91
Benin,31.36248361442066,9.0,0.6790399446293159,-0.6137152992821332,0.9112005809625002,160.3431227589634,2017,367.91
Benin,33.20042258743133,10.0,0.6572674221132916,-0.6006265786969142,0.9112005809625002,49.29967916756696,2017,367.91
Benin,36.1815218542658,11.0,0.5076091278467063,-0.542959878887773,0.9112005809625002,9.646997973801884,2017,367.91
Benin,37.892759541447695,12.0,0.427986210337934,-0.4921021718102321,0.9112005809625002,4.449479681607327,2017,367.91
Benin,36.40804257448252,1.0,0.3318130582661351,-0.4209492318861746,0.941807831155081,0.7540889791783885,2018,386.2
Benin,41.70015529966824,2.0,0.3118146444177435,-0.4143608924447144,0.941807831155081,22.48107971025253,2018,386.2
Benin,41.12688803703367,3.0,0.3490011417763055,-0.4264636258205767,0.941807831155081,40.94622292619646,2018,386.2
Benin,42.35031422700317,4.0,0.4161555349007163,-0.464333086621183,0.941807831155081,47.39839866110359,2018,386.2
Benin,36.02979970080767,5.0,0.4162011809703181,-0.4696789270838029,0.941807831155081,128.4752220710822,2018,386.2
Benin,34.05468870092637,6.0,0.5295162850056655,-0.5257931206618699,0.941807831155081,151.45413708881514,2018,386.2
Benin,-40.17391951024885,7.0,0.3006168824089753,-0.2758096828886913,0.941807831155081,196.5916621817831,2018,386.2
Benin,29.788123429592183,8.0,0.5483151919244492,-0.5201270536002062,0.941807831155081,286.4995795995388,2018,386.2
Benin,27.39954681845298,9.0,0.6770335041585248,-0.6168876480890787,0.941807831155081,201.05569782317943,2018,386.2
Benin,31.26851460394638,10.0,0.6520200811526558,-0.6104603312728851,0.941807831155081,108.52236632219964,2018,386.2
Benin,34.565628359228285,11.0,0.5642797723111936,-0.5722020955102711,0.941807831155081,9.74653564147533,2018,386.2
Benin,36.08899573484557,12.0,0.4139601909752122,-0.473808930429445,0.941807831155081,2.182475113146863,2018,386.2
Benin,33.890340649917974,1.0,0.3151766795346085,-0.3902962540652989,1.0203488731633623,0.7085831897904237,2020,388.3
Benin,38.91601175682598,2.0,0.2480866061579745,-0.32800074923919,1.0203488731633623,0.3377388963936432,2020,388.3
Benin,43.32195294476439,3.0,0.3194220833979289,-0.413249054228687,1.0203488731633623,33.62750689719939,2020,388.3
Benin,39.1515488085109,4.0,0.3888232287117182,-0.4269866683049461,1.0203488731633623,71.12870854335104,2020,388.3
Benin,40.38498566616825,5.0,0.4916472414103141,-0.5168900279796219,1.0203488731633623,122.26872579066104,2020,388.3
Benin,22.55885740172525,6.0,0.5092178503428669,-0.5055579321334599,1.0203488731633623,176.1426322650081,2020,388.3
Benin,31.36586681768072,7.0,0.5024766747257828,-0.4978329273030998,1.0203488731633623,229.013953077062,2020,388.3
Benin,26.98132868967656,8.0,0.566689913035698,-0.53230665111924,1.0203488731633623,181.96324593764496,2020,388.3
Benin,30.48312350595184,9.0,0.6488676283133695,-0.5924095495764324,1.0203488731633623,241.7916414564456,2020,388.3
Benin,30.620992265787955,10.0,0.635816278473016,-0.5546368387287631,1.0203488731633623,87.26336441489546,2020,388.3
Benin,38.47794627465038,11.0,0.5388385191641083,-0.5650647152913892,1.0203488731633623,3.4631195868882503,2020,388.3
Benin,38.36886220399978,12.0,0.4059199167873891,-0.4758651288627123,1.0203488731633623,3.013003031903089,2020,388.3
Burkina Faso,36.3556008310792,1.0,0.2271730315671603,-0.3621494663189605,0.542162700117242,0.0373546098160254,2015,429.04
Burkina Faso,43.41074379480822,2.0,0.2250921231719878,-0.3753499102923582,0.542162700117242,1.342879634199473,2015,429.04
Burkina Faso,45.96545052470614,3.0,0.2100598382693911,-0.3469591437323602,0.542162700117242,6.3432008727399705,2015,429.04
Burkina Faso,44.41758532575995,4.0,0.2022374917310545,-0.3320125708045361,0.542162700117242,6.8447906906510205,2015,429.04
Burkina Faso,46.06344968277732,5.0,0.227503254896921,-0.3629247181959991,0.542162700117242,43.31340524840999,2015,429.04
Burkina Faso,36.03748763122781,6.0,0.2563307500012511,-0.3673501503909941,0.542162700117242,89.31519312953127,2015,429.04
Burkina Faso,36.77979426377273,7.0,0.3001471368507218,-0.394325581850873,0.542162700117242,193.2986505111608,2015,429.04
Burkina Faso,25.649236362170136,8.0,0.4251242660784593,-0.4433302514917659,0.542162700117242,271.7260587175821,2015,429.04
Burkina Faso,32.67839493787736,9.0,0.5217164111624775,-0.533966400890841,0.542162700117242,208.25111004596616,2015,429.04
Burkina Faso,37.98395112795856,10.0,0.4877538399372717,-0.5322473200344175,0.542162700117242,47.02872949041978,2015,429.04
Burkina Faso,41.668443462224445,11.0,0.3720002067591884,-0.4669617476113735,0.542162700117242,1.7919320459366157,2015,429.04
Burkina Faso,35.76144064285707,12.0,0.2781105193245762,-0.4042731561430626,0.542162700117242,0.7548298736466688,2015,429.04
Burkina Faso,37.12188834913853,1.0,0.2352260660344695,-0.3721161926419412,0.5623496949426889,0.4659169529276961,2016,411.62
Burkina Faso,41.282691857051866,2.0,0.2108650506695573,-0.3477223093905511,0.5623496949426889,0.5540033094994202,2016,411.62
Burkina Faso,42.48665351493912,3.0,0.2236915102364871,-0.3680537988248575,0.5623496949426889,6.860846416582202,2016,411.62
Burkina Faso,47.67383773795121,4.0,0.2467772208490188,-0.3824975842214357,0.5623496949426889,26.54444911903052,2016,411.62
Burkina Faso,38.73437851546202,5.0,0.2630758227742409,-0.3744810784624749,0.5623496949426889,75.80099831517481,2016,411.62
Burkina Faso,35.34028873149423,6.0,0.3105209846399003,-0.3999384843521907,0.5623496949426889,100.3384252896107,2016,411.62
Burkina Faso,33.145451064997914,7.0,0.3549838477583661,-0.424936939305907,0.5623496949426889,207.44353829165843,2016,411.62
Burkina Faso,29.298080724875334,8.0,0.4766507431462443,-0.4967642338346159,0.5623496949426889,256.2803856180008,2016,411.62
Burkina Faso,34.749250715941976,9.0,0.5501251801573285,-0.555008663630197,0.5623496949426889,134.96010482786082,2016,411.62
Burkina Faso,40.6385353488367,10.0,0.4487664253435259,-0.5067081554447904,0.5623496949426889,17.85568911230807,2016,411.62
Burkina Faso,38.526437232078806,11.0,0.3153017508873483,-0.4297741077904327,0.5623496949426889,3.042390474897651,2016,411.62
Burkina Faso,37.85122935627009,12.0,0.2617552188104797,-0.396366810626265,0.5623496949426889,0.8677067319590204,2016,411.62
Burkina Faso,37.2817491604604,1.0,0.2471211171946396,-0.3932673892147111,0.5854365230927249,0.1083219826927283,2017,411.99
Burkina Faso,40.11492280589772,2.0,0.2139123126566815,-0.3545926389979123,0.5854365230927249,0.4689851567476375,2017,411.99
Burkina Faso,46.14305056735829,3.0,0.216030540721895,-0.3641804259704363,0.5854365230927249,3.2896041728243546,2017,411.99
Burkina Faso,40.799358606040656,4.0,0.2276712016046829,-0.3593688138683513,0.5854365230927249,24.41899805475544,2017,411.99
Burkina Faso,36.53640685161076,5.0,0.2572403507060115,-0.3651602161874234,0.5854365230927249,87.15397583927361,2017,411.99
Burkina Faso,39.50994856512231,6.0,0.3304055363113977,-0.4134035254038051,0.5854365230927249,126.55940615280085,2017,411.99
Burkina Faso,33.54437546849105,7.0,0.3986398500348369,-0.4554582131575064,0.5854365230927249,146.28976712571617,2017,411.99
Burkina Faso,32.750807953461816,8.0,0.4285353365027793,-0.4675530660176678,0.5854365230927249,201.22048678541577,2017,411.99
Burkina Faso,31.035047648387227,9.0,0.5183364666166531,-0.5326896157036486,0.5854365230927249,102.02518208421708,2017,411.99
Burkina Faso,40.71030262995484,10.0,0.4142273156305214,-0.4851201043731475,0.5854365230927249,27.205797893130537,2017,411.99
Burkina Faso,41.72994965025325,11.0,0.291903796452001,-0.4201631477854188,0.5854365230927249,2.1301602346000093,2017,411.99
Burkina Faso,37.85583800932577,12.0,0.2460238440225455,-0.3772044336567887,0.5854365230927249,0.9812215875453408,2017,411.99
Burkina Faso,36.854226440866285,1.0,0.2231269363177683,-0.3653573643660213,0.6036404745356868,0.0985291121671529,2018,398.7
Burkina Faso,41.5913110766854,2.0,0.2162760241073267,-0.3607838860193768,0.6036404745356868,3.63162749358089,2018,398.7
Burkina Faso,47.95780713978982,3.0,0.2367993053468985,-0.3871191405909111,0.6036404745356868,16.302275455983622,2018,398.7
Burkina Faso,47.383849117301175,4.0,0.2290911591334797,-0.3630706064602106,0.6036404745356868,15.731844478526188,2018,398.7
Burkina Faso,38.453709047012566,5.0,0.2384536987391043,-0.3627879902458983,0.6036404745356868,63.43962198248162,2018,398.7
Burkina Faso,36.68250142689195,6.0,0.2984436368863638,-0.3975371983370407,0.6036404745356868,96.36517799753857,2018,398.7
Burkina Faso,34.75192148071331,7.0,0.3764192119324288,-0.4436106101792437,0.6036404745356868,189.5450758441702,2018,398.7
Burkina Faso,30.24518923466664,8.0,0.4700829858517653,-0.5012815817263206,0.6036404745356868,249.29843932231788,2018,398.7
Burkina Faso,30.22424694822758,9.0,0.520711474387459,-0.5323027860939172,0.6036404745356868,177.54658345140592,2018,398.7
Burkina Faso,37.53532396948125,10.0,0.4652358934111577,-0.5172819902648323,0.6036404745356868,50.23934274822366,2018,398.7
Burkina Faso,41.34086903974548,11.0,0.3604877439194524,-0.4643603147556333,0.6036404745356868,2.09197589184974,2018,398.7
Burkina Faso,38.50510283155871,12.0,0.2870067066171921,-0.4187398102875335,0.6036404745356868,0.814498933021933,2018,398.7
Burkina Faso,37.1966684330456,1.0,0.2391092917578393,-0.3766614836957409,0.6452577880412704,0.2052883026400287,2020,389.9
Burkina Faso,41.670062063529,2.0,0.2178085631853396,-0.3601070924746184,0.6452577880412704,0.2171173745835408,2020,389.9
Burkina Faso,43.236087420249504,3.0,0.206132077890915,-0.3462036882671516,0.6452577880412704,10.660179305610017,2020,389.9
Burkina Faso,48.926224754856754,4.0,0.2371184800657206,-0.3719069255674557,0.6452577880412704,20.62530071810813,2020,389.9
Burkina Faso,43.7323374268584,5.0,0.2613895062968174,-0.383726140506915,0.6452577880412704,51.93738241257012,2020,389.9
Burkina Faso,35.547861389285515,6.0,0.2759952320219156,-0.3802852670414009,0.6452577880412704,103.8663430213356,2020,389.9
Burkina Faso,33.73349973293267,7.0,0.2985164797021462,-0.3963147075787158,0.6452577880412704,213.2282765980981,2020,389.9
Burkina Faso,24.79194458325248,8.0,0.4360256978359861,-0.4673880768142841,0.6452577880412704,248.8832682077936,2020,389.9
Burkina Faso,34.16823317692513,9.0,0.5432020305667415,-0.5501241124288409,0.6452577880412704,183.43471112667547,2020,389.9
Burkina Faso,39.38487777108688,10.0,0.4805862658794617,-0.5271031258481481,0.6452577880412704,49.283391978625225,2020,389.9
Burkina Faso,42.1260538123789,11.0,0.3424905926708022,-0.463034021439647,0.6452577880412704,0.2099429133139446,2020,389.9
Burkina Faso,41.58617903687546,12.0,0.2960186304411246,-0.4363694160709954,0.6452577880412704,0.0597697804819998,2020,389.9
Burundi,26.944884717696507,1.0,0.6100857771287246,-0.5452794776934837,4.212697181348773,78.55796187610935,2015,191.91
Burundi,23.814554469843525,2.0,0.6334068498007315,-0.5807875983070002,4.212697181348773,120.5313972156684,2015,191.91
Burundi,28.585688834674663,3.0,0.5439975867113591,-0.4945524479209407,4.212697181348773,201.8984631663103,2015,191.91
Burundi,27.426701732500028,4.0,0.6116995385214122,-0.5101764131548817,4.212697181348773,219.97345291839423,2015,191.91
Burundi,23.959280765105404,5.0,0.5663492419597265,-0.517483147144143,4.212697181348773,89.69968992500019,2015,191.91
Burundi,31.082996635860592,6.0,0.6312280163234393,-0.6132196457102117,4.212697181348773,7.631990560795058,2015,191.91
Burundi,30.04149343100372,7.0,0.4995114893525472,-0.511378985038131,4.212697181348773,0.3750894927581787,2015,191.91
Burundi,37.08766248091594,8.0,0.4475661046699009,-0.5206413755736049,4.212697181348773,11.055683745774278,2015,191.91
Burundi,36.46463183723865,9.0,0.4241319400314149,-0.4690001928117272,4.212697181348773,47.615257432102,2015,191.91
Burundi,34.58544420392193,10.0,0.4715048761888789,-0.4846393035507542,4.212697181348773,207.25178176144595,2015,191.91
Burundi,24.24681556568002,11.0,0.511698161108388,-0.4984586870021705,4.212697181348773,193.9950182472471,2015,191.91
Burundi,26.62602229938228,12.0,0.6272822571762081,-0.5273456072592774,4.212697181348773,163.57507060090768,2015,191.91
Burundi,25.298028748025224,1.0,0.6310261724205788,-0.5613435591621396,4.44668155800957,178.07696255518945,2016,195.1
Burundi,28.892565547604864,2.0,0.6519200427816447,-0.5903633696794265,4.44668155800957,114.3853818094453,2016,195.1
Burundi,28.81701062737945,3.0,0.6546206643378566,-0.5977791918960393,4.44668155800957,152.49627766981808,2016,195.1
Burundi,23.9159608812618,4.0,0.6340392936617606,-0.5704354434682914,4.44668155800957,250.40962195293503,2016,195.1
Burundi,28.15942478086351,5.0,0.5935225840806538,-0.5754651290345358,4.44668155800957,66.15705957426259,2016,195.1
Burundi,31.25376111883581,6.0,0.5513320545199415,-0.5647860571775727,4.44668155800957,2.362391462639045,2016,195.1
Burundi,30.0168992502776,7.0,0.4685608755378198,-0.5053203822710137,4.44668155800957,1.1027526083107293,2016,195.1
Burundi,35.45793620748735,8.0,0.4068523828858016,-0.4633815437668647,4.44668155800957,12.010391359615694,2016,195.1
Burundi,36.51071917875483,9.0,0.3957678154376004,-0.4291593817121676,4.44668155800957,50.34464257362337,2016,195.1
Burundi,33.49653026370096,10.0,0.4439655638054188,-0.4672382024489724,4.44668155800957,113.57216080952408,2016,195.1
Burundi,33.23754476226138,11.0,0.5634524538263949,-0.5055756570727363,4.44668155800957,164.66143640568072,2016,195.1
Burundi,29.6493865147616,12.0,0.6136207439193185,-0.5715551855938285,4.44668155800957,133.7214632526385,2016,195.1
Burundi,29.68270354689829,1.0,0.6056567561186486,-0.5681163330922795,4.51715953917884,97.38839884596344,2017,194.5
Burundi,28.958220829278023,2.0,0.5955642949753037,-0.5854153065709585,4.51715953917884,164.36186743266492,2017,194.5
Burundi,28.813824790431795,3.0,0.6157911903454402,-0.5736739599021929,4.51715953917884,168.66645666221044,2017,194.5
Burundi,19.37011960182115,4.0,0.5363674380344532,-0.4807892380734952,4.51715953917884,173.80737392369386,2017,194.5
Burundi,25.393521839646564,5.0,0.6007596705484649,-0.5109624686948919,4.51715953917884,86.12620488932573,2017,194.5
Burundi,29.03129442184722,6.0,0.5755810309475647,-0.5823303072398044,4.51715953917884,1.0339042474180866,2017,194.5
Burundi,31.931527871150163,7.0,0.5081249720863481,-0.5462754456910175,4.51715953917884,1.006135674229228,2017,194.5
Burundi,32.53567097888519,8.0,0.4041259188238467,-0.4374661369439336,4.51715953917884,15.613220523746886,2017,194.5
Burundi,31.568477885346223,9.0,0.4218124880898026,-0.4269780601299263,4.51715953917884,55.429778406149005,2017,194.5
Burundi,31.056002991788336,10.0,0.4044552047402665,-0.4554326701409462,4.51715953917884,117.81916584140556,2017,194.5
Burundi,28.14089169944602,11.0,0.5489000807489747,-0.4947329376748076,4.51715953917884,173.40863013047496,2017,194.5
Burundi,21.931059363877484,12.0,0.5489565469557859,-0.4732942616779514,4.51715953917884,161.4001638625519,2017,194.5
Burundi,27.13048065694406,1.0,0.6226574486924931,-0.5737463424334694,4.657217980759285,188.24838581431624,2018,250.3
Burundi,26.286475767345973,2.0,0.5805988627183071,-0.4870159176046335,4.657217980759285,98.10676138708914,2018,250.3
Burundi,30.00730342569626,3.0,0.6295273764918904,-0.5711697357065335,4.657217980759285,224.9087875944449,2018,250.3
Burundi,26.18296439219316,4.0,0.6700522040404033,-0.5789168208875564,4.657217980759285,326.1004712542364,2018,250.3
Burundi,22.405313808432595,5.0,0.5686951004242266,-0.5059040735257423,4.657217980759285,79.71549301038111,2018,250.3
Burundi,26.379883098722445,6.0,0.5767361565987923,-0.5796949343466569,4.657217980759285,3.883363795589714,2018,250.3
Burundi,31.17643645271996,7.0,0.5103884200901745,-0.5569024955719579,4.657217980759285,0.1287444445525894,2018,250.3
Burundi,28.80308569847432,8.0,0.4795006976434712,-0.5305863785380429,4.657217980759285,18.58328465175257,2018,250.3
Burundi,35.89577003310152,9.0,0.4481225604158599,-0.4913766524084375,4.657217980759285,31.76421069468705,2018,250.3
Burundi,34.90688649849328,10.0,0.4490935559269728,-0.4978142005817947,4.657217980759285,111.16553160154628,2018,250.3
Burundi,24.414526419255147,11.0,0.5525408682032196,-0.4678434038132449,4.657217980759285,171.29267000548458,2018,250.3
Burundi,28.34581360546271,12.0,0.6422716158256768,-0.5961857549514491,4.657217980759285,247.01807702042385,2018,250.3
Burundi,26.61993207377279,1.0,0.6612470178011887,-0.6041341062126188,4.956788938445426,155.63911235697398,2020,294.9
Burundi,24.73611803715011,2.0,0.633845401561061,-0.5804439399976197,4.956788938445426,166.23462326686763,2020,294.9
Burundi,28.41703841690488,3.0,0.642279647582985,-0.6003232880173828,4.956788938445426,188.8453448817584,2020,294.9
Burundi,27.14946531731462,4.0,0.6224552220277665,-0.532203299223894,4.956788938445426,256.24188385892177,2020,294.9
Burundi,25.82400327810624,5.0,0.5698615194084589,-0.498679636664539,4.956788938445426,80.05776848686405,2020,294.9
Burundi,30.558309154924483,6.0,0.622368430228953,-0.6152326925416324,4.956788938445426,7.989209676009672,2020,294.9
Burundi,31.647540669426466,7.0,0.5094652790893085,-0.5518939842456776,4.956788938445426,1.7538121809201996,2020,294.9
Burundi,35.22076820882128,8.0,0.4399764316194838,-0.4840184275088643,4.956788938445426,8.76211059298121,2020,294.9
Burundi,34.844354794299406,9.0,0.4490514813182493,-0.4839413316344589,4.956788938445426,54.77615850192179,2020,294.9
Burundi,29.576370544323783,10.0,0.4500948874120814,-0.4522567048111032,4.956788938445426,119.03974202633454,2020,294.9
Burundi,29.28977091519172,11.0,0.5617343512469972,-0.5303830450385802,4.956788938445426,164.3790286167072,2020,294.9
Burundi,28.7768379600022,12.0,0.6383953006454157,-0.5724444567754363,4.956788938445426,269.0666095830685,2020,294.9
Cameroon,28.17582988192667,1.0,0.5160723579945418,-0.524727566637962,0.4513686705102512,5.921246690398245,2015,316.34
Cameroon,35.27232106177407,2.0,0.4137356503956345,-0.4641496670006831,0.4513686705102512,31.531942803227583,2015,316.34
Cameroon,32.3525628048203,3.0,0.4541697089694597,-0.4715283345845835,0.4513686705102512,74.67189392790095,2015,316.34
Cameroon,33.97762464371006,4.0,0.5513285816618775,-0.5485487398824105,0.4513686705102512,80.94969208709264,2015,316.34
Cameroon,32.82259287944311,5.0,0.6169552017811962,-0.5944459902320917,0.4513686705102512,175.79474483715967,2015,316.34
Cameroon,27.884416473529505,6.0,0.5448393112483717,-0.5309597183057257,0.4513686705102512,120.25711856683888,2015,316.34
Cameroon,28.625009344807903,7.0,0.6823386184314987,-0.6331484270597952,0.4513686705102512,182.96865782799065,2015,316.34
Cameroon,26.95620756103274,8.0,0.6355028756086002,-0.5834881177704903,0.4513686705102512,249.6395323554416,2015,316.34
Cameroon,29.42984638118301,9.0,0.6824563074919802,-0.6202900719730449,0.4513686705102512,257.05394569259704,2015,316.34
Cameroon,30.95222755157684,10.0,0.6896646364943284,-0.6394713290200484,0.4513686705102512,263.0301371635055,2015,316.34
Cameroon,29.10345419531009,11.0,0.6433494626954822,-0.619918677377007,0.4513686705102512,56.839040326845726,2015,316.34
Cameroon,28.925111638581782,12.0,0.5963376867930629,-0.5930463033363482,0.4513686705102512,5.660358602428386,2015,316.34
Cameroon,30.364157661265164,1.0,0.4796249156096441,-0.5071516107143823,0.4677456238456198,3.76200048966038,2016,306.16
Cameroon,33.768645303816136,2.0,0.4278308944030193,-0.4616709591921442,0.4677456238456198,6.294975948621794,2016,306.16
Cameroon,33.616459083337745,3.0,0.4402443028336037,-0.4673671799077233,0.4677456238456198,127.67615960004665,2016,306.16
Cameroon,30.129455073742022,4.0,0.584396564829573,-0.5701164399112876,0.4677456238456198,131.25868031163603,2016,306.16
Cameroon,29.4151897620128,5.0,0.5371159122821616,-0.5385251033657934,0.4677456238456198,166.70414998811503,2016,306.16
Cameroon,29.2006563131864,6.0,0.6557872201280085,-0.6077713661888977,0.4677456238456198,186.27187738031023,2016,306.16
Cameroon,28.480238815725546,7.0,0.6513725476194154,-0.6073606081369658,0.4677456238456198,226.7851904162137,2016,306.16
Cameroon,27.582201805737085,8.0,0.6536251509299955,-0.5959353270953289,0.4677456238456198,263.51614597990715,2016,306.16
Cameroon,18.582216136751885,9.0,0.5683960136721066,-0.5200767535227364,0.4677456238456198,255.172784744441,2016,306.16
Cameroon,30.465628282595105,10.0,0.6951800143320607,-0.645985643302918,0.4677456238456198,215.45201894273583,2016,306.16
Cameroon,32.43180550330906,11.0,0.6017844432496539,-0.5936687165812095,0.4677456238456198,77.35607837400379,2016,306.16
Cameroon,29.923361972939016,12.0,0.5358038459826848,-0.5406130252691521,0.4677456238456198,28.90188045672849,2016,306.16
Cameroon,29.569888704052293,1.0,0.4966570175668769,-0.5192580737103846,0.4863315584691712,10.55522096247092,2017,303.8
Cameroon,32.64916297362188,2.0,0.4448914325817901,-0.471764230607011,0.4863315584691712,9.261114004878763,2017,303.8
Cameroon,35.79879858884576,3.0,0.4989343366603396,-0.5094157978158032,0.4863315584691712,80.6089226992849,2017,303.8
Cameroon,32.33652263831005,4.0,0.5933443359182441,-0.5838731873615597,0.4863315584691712,138.9597445076361,2017,303.8
Cameroon,32.98544468118346,5.0,0.5959095822286524,-0.5789342264145408,0.4863315584691712,196.0025453325109,2017,303.8
Cameroon,30.459960295089537,6.0,0.6094785751312154,-0.5720790462966544,0.4863315584691712,212.1331244884042,2017,303.8
Cameroon,25.59121974896677,7.0,0.6312941898127493,-0.5798647479264556,0.4863315584691712,201.20296516775505,2017,303.8
Cameroon,13.369327617526192,8.0,0.53151485374478,-0.4793058578841501,0.4863315584691712,209.19112377449247,2017,303.8
Cameroon,30.59578990534608,9.0,0.6864417226382625,-0.6250286392808904,0.4863315584691712,227.3115363813052,2017,303.8
Cameroon,31.58046859672773,10.0,0.6752627332016653,-0.6326661284013952,0.4863315584691712,214.016844398282,2017,303.8
Cameroon,29.84676447147539,11.0,0.6177971493913647,-0.6016379884244375,0.4863315584691712,85.6858619622391,2017,303.8
Cameroon,30.27024936227905,12.0,0.5164799551361036,-0.5295008470548496,0.4863315584691712,13.0590431043667,2017,303.8
Cameroon,28.81510967078536,1.0,0.488093982345651,-0.509580066964447,0.5021101524458808,5.761011730238053,2018,247.0
Cameroon,33.144029392121325,2.0,0.4459847978149589,-0.4725932333896471,0.5021101524458808,54.34074792832829,2018,247.0
Cameroon,32.13840946556765,3.0,0.458308031199664,-0.485843002424569,0.5021101524458808,91.8014784176588,2018,247.0
Cameroon,31.425964387301207,4.0,0.547579019230269,-0.5417062598853544,0.5021101524458808,127.69707342988156,2018,247.0
Cameroon,30.24126599156685,5.0,0.569593120097916,-0.5568840750402887,0.5021101524458808,168.46344213749396,2018,247.0
Cameroon,30.56220787802737,6.0,0.606577927551118,-0.5715833748272474,0.5021101524458808,162.84743721058834,2018,247.0
Cameroon,29.002153700073137,7.0,0.6398447393312097,-0.5913144036698622,0.5021101524458808,233.5759008930821,2018,247.0
Cameroon,25.900220957608624,8.0,0.6911944004725109,-0.6280663973023354,0.5021101524458808,257.3101499126397,2018,247.0
Cameroon,28.5665877573862,9.0,0.6557434845092783,-0.6012064566026386,0.5021101524458808,228.7442761725678,2018,247.0
Cameroon,31.54159915079429,10.0,0.679630292762138,-0.6326432176745117,0.5021101524458808,231.07692144950505,2018,247.0
Cameroon,29.958586462852413,11.0,0.6341297789437107,-0.6122077031148073,0.5021101524458808,79.05136335980934,2018,247.0
Cameroon,29.868960597858468,12.0,0.5589181113178006,-0.565537182997926,0.5021101524458808,15.44725712005361,2018,247.0
Cameroon,28.19581036032579,1.0,0.5260812869362865,-0.5363134414453141,0.5344119423643596,6.395667958518429,2020,260.0
Cameroon,32.039126858394454,2.0,0.4714278465502486,-0.4864706496810829,0.5344119423643596,10.314035817932153,2020,260.0
Cameroon,35.8209740401905,3.0,0.4867415854027181,-0.4998164316758093,0.5344119423643596,91.0599692004666,2020,260.0
Cameroon,34.92238250058653,4.0,0.5643180888581426,-0.5606712632409184,0.5344119423643596,141.55932515453492,2020,260.0
Cameroon,30.93882501424342,5.0,0.6121968061215683,-0.5863685925906431,0.5344119423643596,184.4994838054276,2020,260.0
Cameroon,27.62646632910177,6.0,0.6207518459963711,-0.5880449578734365,0.5344119423643596,173.35282089308797,2020,260.0
Cameroon,24.08434972170545,7.0,0.548767230460322,-0.5062345095534909,0.5344119423643596,233.08442047247183,2020,260.0
Cameroon,27.67801528606233,8.0,0.6583132261528856,-0.5966824334101936,0.5344119423643596,212.57258110945904,2020,260.0
Cameroon,28.7878643801499,9.0,0.642701921699909,-0.5855319009339266,0.5344119423643596,242.2064425311524,2020,260.0
Cameroon,29.30662433988569,10.0,0.6638151825986035,-0.6139699635760455,0.5344119423643596,270.3017089606681,2020,260.0
Cameroon,31.01071662059735,11.0,0.649130388919827,-0.6319164094001056,0.5344119423643596,72.82585473358519,2020,260.0
Cameroon,30.24396848642539,12.0,0.5308515361229852,-0.546966045879708,0.5344119423643596,22.60218371791685,2020,260.0
Central African Republic,32.45866457701034,1.0,0.4842767012983257,-0.527765537218213,0.0542850597554733,6.929605470304248,2015,386.75
Central African Republic,33.9694787059743,2.0,0.4726285284470525,-0.5098390197312642,0.0542850597554733,25.354514278012942,2015,386.75
Central African Republic,34.89142204106669,3.0,0.5595537681933028,-0.556238680416757,0.0542850597554733,60.21204712475221,2015,386.75
Central African Republic,34.26640276798321,4.0,0.6008246086498322,-0.5837207512636764,0.0542850597554733,56.62235664627536,2015,386.75
Central African Republic,31.35551719678674,5.0,0.6750503999479264,-0.6369804518863533,0.0542850597554733,175.6497424673972,2015,386.75
Central African Republic,29.411622742943017,6.0,0.7364914034913846,-0.6648824369079146,0.0542850597554733,164.76466032394603,2015,386.75
Central African Republic,29.200538064289525,7.0,0.7582877869311027,-0.6815677667148625,0.0542850597554733,179.90897868724528,2015,386.75
Central African Republic,25.101100246780884,8.0,0.7447642880327277,-0.6639396139889369,0.0542850597554733,228.9248338712924,2015,386.75
Central African Republic,28.611413063290502,9.0,0.7777018698460468,-0.6971826076844285,0.0542850597554733,206.46920829413577,2015,386.75
Central African Republic,20.04636642703754,10.0,0.7055557889111778,-0.6457549699681924,0.0542850597554733,211.3256856054495,2015,386.75
Central African Republic,29.476921855861264,11.0,0.6961179946819778,-0.6639449531019437,0.0542850597554733,30.8723521983641,2015,386.75
Central African Republic,30.77079974861823,12.0,0.5891495536983615,-0.6007669637096212,0.0542850597554733,6.638368023087103,2015,386.75
Central African Republic,32.363854734522334,1.0,0.4665725922745945,-0.5157057403933478,0.0551809585380906,3.72371981656724,2016,387.55
Central African Republic,37.47502766654566,2.0,0.4365051405177781,-0.4860384213650496,0.0551809585380906,4.417077980842265,2016,387.55
Central African Republic,34.52516931226653,3.0,0.5032104931792485,-0.5281805570046771,0.0551809585380906,103.84152446387029,2016,387.55
Central African Republic,33.606886406670505,4.0,0.627051484002868,-0.6047355039826815,0.0551809585380906,108.09364245406246,2016,387.55
Central African Republic,33.212746159023254,5.0,0.6848387422910204,-0.6402584226717768,0.0551809585380906,150.26525543271575,2016,387.55
Central African Republic,27.64882066182297,6.0,0.7370436213325554,-0.6668535647245807,0.0551809585380906,173.08868501709267,2016,387.55
Central African Republic,26.92616190839737,7.0,0.7468532838730704,-0.6692790755712976,0.0551809585380906,227.23180666284017,2016,387.55
Central African Republic,24.761809388643805,8.0,0.757747822457785,-0.6774821394417675,0.0551809585380906,217.98984442145505,2016,387.55
Central African Republic,24.41660157363835,9.0,0.7365563190662978,-0.6633552390471638,0.0551809585380906,196.9055296275604,2016,387.55
Central African Republic,28.884820267821546,10.0,0.7594576298346912,-0.6954375785021532,0.0551809585380906,170.4122350513878,2016,387.55
Central African Republic,31.742927489741938,11.0,0.678128781123051,-0.6513838633323499,0.0551809585380906,39.0266016700122,2016,387.55
Central African Republic,31.718670258096047,12.0,0.5463321746208166,-0.5596222856119796,0.0551809585380906,9.889121096382985,2016,387.55
Central African Republic,33.417860748397175,1.0,0.4689478657228769,-0.5115466213465409,0.0564564851418991,8.76897324813269,2017,387.32
Central African Republic,35.404807090801086,2.0,0.4749821938264987,-0.5107311161823187,0.0564564851418991,5.841427923442463,2017,387.32
Central African Republic,36.15176425838796,3.0,0.5021923096445201,-0.5216815189528716,0.0564564851418991,69.68050710336455,2017,387.32
Central African Republic,34.334476988424235,4.0,0.6091927351248645,-0.5940938208301692,0.0564564851418991,112.28908714258228,2017,387.32
Central African Republic,29.486092413094543,5.0,0.7283667535410672,-0.6665038642124036,0.0564564851418991,179.49611470874305,2017,387.32
Central African Republic,27.501686349847063,6.0,0.7440022390179851,-0.6742738460688431,0.0564564851418991,169.43569495020324,2017,387.32
Central African Republic,27.18519625480052,7.0,0.7330960804766913,-0.6577365426263014,0.0564564851418991,236.7325419073524,2017,387.32
Central African Republic,24.51625435798838,8.0,0.7503490611325007,-0.6725144590253554,0.0564564851418991,235.367231800194,2017,387.32
Central African Republic,27.819422561512344,9.0,0.7555739212523106,-0.6812239865509474,0.0564564851418991,212.4551794721038,2017,387.32
Central African Republic,30.085498081965493,10.0,0.747410124256086,-0.6874779044269707,0.0564564851418991,176.96125523148814,2017,387.32
Central African Republic,29.5564860227463,11.0,0.668498647560752,-0.6424989725279531,0.0564564851418991,40.39939051997116,2017,387.32
Central African Republic,28.81840647928887,12.0,0.5446742295894872,-0.5575173217677969,0.0564564851418991,6.98826103566156,2017,387.32
Central African Republic,32.643683183121475,1.0,0.4806678953766407,-0.5256496680339818,0.0576951525304548,3.533022185462976,2018,347.3
Central African Republic,36.64975006535936,2.0,0.4400539146959013,-0.4908843784331961,0.0576951525304548,29.62598209031633,2018,347.3
Central African Republic,34.22448499240733,3.0,0.5757704721556485,-0.5684938920224881,0.0576951525304548,71.76864743052714,2018,347.3
Central African Republic,33.60575458482181,4.0,0.6391372530700891,-0.612752759256134,0.0576951525304548,66.17081355984088,2018,347.3
Central African Republic,29.91747961559457,5.0,0.6729838045626064,-0.6337711965642173,0.0576951525304548,187.2863105842196,2018,347.3
Central African Republic,30.13989191961148,6.0,0.7361088198245657,-0.6732302848331243,0.0576951525304548,175.65605940742782,2018,347.3
Central African Republic,28.419765333955823,7.0,0.7826759105164501,-0.70278238135158,0.0576951525304548,229.1086865739009,2018,347.3
Central African Republic,28.734404065457795,8.0,0.7608639741428836,-0.6816870645399662,0.0576951525304548,229.1004691222169,2018,347.3
Central African Republic,28.04959314303745,9.0,0.7841662828092817,-0.7045472549717462,0.0576951525304548,191.8140313750916,2018,347.3
Central African Republic,29.10918908276405,10.0,0.7483830455783034,-0.686671031947496,0.0576951525304548,185.53357434001904,2018,347.3
Central African Republic,31.11498926086689,11.0,0.667977161663419,-0.6407171142926918,0.0576951525304548,25.863569343713376,2018,347.3
Central African Republic,31.49378044104451,12.0,0.5555001073145508,-0.5724847390089615,0.0576951525304548,9.823074418854617,2018,347.3
Central African Republic,32.07082875509584,1.0,0.4996619257482938,-0.5382328348109325,0.0600785607814747,3.8965398153369297,2020,336.0
Central African Republic,36.81283563214517,2.0,0.4643736403655535,-0.5110679696285887,0.0600785607814747,7.730869984669657,2020,336.0
Central African Republic,36.36262910367708,3.0,0.5127582743654344,-0.5354740216693671,0.0600785607814747,52.22712352553502,2020,336.0
Central African Republic,32.02342564168441,4.0,0.6042923475891415,-0.5906937120889779,0.0600785607814747,90.55768236053945,2020,336.0
Central African Republic,29.464961351713377,5.0,0.6830693728332573,-0.6397078585560033,0.0600785607814747,126.98734305591012,2020,336.0
Central African Republic,25.71225318092805,6.0,0.7258469217694629,-0.6626781140934432,0.0600785607814747,160.02974000315731,2020,336.0
Central African Republic,27.98265851650949,7.0,0.7688432069868515,-0.6896049939441429,0.0600785607814747,209.31008345423248,2020,336.0
Central African Republic,27.52389980448248,8.0,0.7634707521736686,-0.6841398303036432,0.0600785607814747,240.2827494190488,2020,336.0
Central African Republic,27.15754764096014,9.0,0.7696468122332184,-0.6927981445836932,0.0600785607814747,198.55555988740744,2020,336.0
Central African Republic,28.0618057679518,10.0,0.7613489018873095,-0.6932059683034503,0.0600785607814747,154.80755569734475,2020,336.0
Central African Republic,30.07744610683001,11.0,0.6914980228326401,-0.6650184222836737,0.0600785607814747,29.53243308241272,2020,336.0
Central African Republic,31.71070632935276,12.0,0.5948629240309699,-0.6033470873703727,0.0600785607814747,15.021940161454888,2020,336.0
Chad,31.05663812539041,1.0,0.1583199602152733,-0.3166684515086225,0.0888257161303234,0.0295659336173805,2015,194.14
Chad,39.18118512054854,2.0,0.1468306452558639,-0.3037616259368993,0.0888257161303234,0.0426521324284177,2015,194.14
Chad,40.62054130430176,3.0,0.1342721318212314,-0.286889165252946,0.0888257161303234,1.1236442559011233,2015,194.14
Chad,45.71041222258076,4.0,0.1453430597006533,-0.3039271443711656,0.0888257161303234,2.1494123519375288,2015,194.14
Chad,48.66256248721494,5.0,0.1530352582098378,-0.3100977124679414,0.0888257161303234,14.72767137763984,2015,194.14
Chad,47.94210749613362,6.0,0.1741377330445952,-0.3211749241076901,0.0888257161303234,35.70353298797292,2015,194.14
Chad,45.61199493216247,7.0,0.2029913392572834,-0.3383624998439324,0.0888257161303234,66.94214232906467,2015,194.14
Chad,40.77204482747471,8.0,0.2619607286021235,-0.3668955463537021,0.0888257161303234,95.19784691963112,2015,194.14
Chad,44.19583897197534,9.0,0.2560286371809523,-0.3706810594901312,0.0888257161303234,65.16997066054498,2015,194.14
Chad,45.20867601468461,10.0,0.2212991348308687,-0.358679945219285,0.0888257161303234,18.95501391840952,2015,194.14
Chad,39.00640513261759,11.0,0.2005420091939054,-0.3483926849746054,0.0888257161303234,0.252558478293848,2015,194.14
Chad,30.6447368924631,12.0,0.1768393218555494,-0.330998552164214,0.0888257161303234,0.0077374815255018,2015,194.14
Chad,31.521626930903263,1.0,0.1572807532960958,-0.3149629925484661,0.0921542974342616,0.0395392396407973,2016,188.18
Chad,38.50033877611914,2.0,0.1490324551650901,-0.3114744334666938,0.0921542974342616,0.0460445456142058,2016,188.18
Chad,40.78320879437804,3.0,0.1301973490875486,-0.2832203153710718,0.0921542974342616,1.7950817111870363,2016,188.18
Chad,46.22090173226594,4.0,0.143572859369878,-0.3040022215697693,0.0921542974342616,7.302917689710394,2016,188.18
Chad,48.60927914447137,5.0,0.1517099050538803,-0.3065207451693366,0.0921542974342616,22.34094827195086,2016,188.18
Chad,43.95239046383693,6.0,0.1813349676754706,-0.3184935568852174,0.0921542974342616,43.24098299779858,2016,188.18
Chad,43.29160862370857,7.0,0.2054661428294591,-0.3375668878282927,0.0921542974342616,90.61932466801473,2016,188.18
Chad,42.72449129679435,8.0,0.2489849558993229,-0.3640165351533866,0.0921542974342616,86.40638755764401,2016,188.18
Chad,43.8260473975262,9.0,0.2468545135586757,-0.367302272532849,0.0921542974342616,40.68211284831066,2016,188.18
Chad,43.15533595791655,10.0,0.2449598022172,-0.3736588926816704,0.0921542974342616,12.093908655620616,2016,188.18
Chad,39.83476628653451,11.0,0.1949897939510905,-0.3437458577579032,0.0921542974342616,0.0295245494906097,2016,188.18
Chad,33.40298827432386,12.0,0.1713294711925504,-0.3269884499294949,0.0921542974342616,0.0293856902629196,2016,188.18
Chad,34.01177966086208,1.0,0.1586555722401576,-0.3178946693688061,0.0956856380022538,0.018963752393549,2017,188.61
Chad,35.31029301307574,2.0,0.1484467910160368,-0.3067699753276773,0.0956856380022538,0.019946109741685,2017,188.61
Chad,42.39360019746679,3.0,0.1424888950702898,-0.3017871643959935,0.0956856380022538,0.5965870016868183,2017,188.61
Chad,44.89381059722139,4.0,0.1406294941684069,-0.296985302098764,0.0956856380022538,5.7320316053107465,2017,188.61
Chad,47.0988843003181,5.0,0.1556320521837091,-0.3091191877430296,0.0956856380022538,21.13082768242228,2017,188.61
Chad,45.00526771235327,6.0,0.1809435682151333,-0.319501107208289,0.0956856380022538,43.7589703015604,2017,188.61
Chad,43.068866840741066,7.0,0.2336818800133233,-0.3499234867589444,0.0956856380022538,98.31247111853446,2017,188.61
Chad,41.32360344540783,8.0,0.2143699328099437,-0.33877691179046,0.0956856380022538,100.72762529215342,2017,188.61
Chad,43.78166518653636,9.0,0.2633616590856406,-0.3771197378575145,0.0956856380022538,53.13542859673717,2017,188.61
Chad,40.865528881461934,10.0,0.2323826850529102,-0.3617847097758768,0.0956856380022538,9.56224271447268,2017,188.61
Chad,38.05306486312357,11.0,0.1958028932700247,-0.3464434330328967,0.0956856380022538,0.2493660624119686,2017,188.61
Chad,33.300774815133174,12.0,0.1721361572971994,-0.3266430978344586,0.0956856380022538,0.052342806250164,2017,188.61
Chad,31.750747461396664,1.0,0.155575519463785,-0.31581686090673,0.0993759008965981,0.0119676973656617,2018,164.8
Chad,38.051177855416256,2.0,0.1444913498694626,-0.3020463051711324,0.0993759008965981,0.0960507349109431,2018,164.8
Chad,43.67448841410978,3.0,0.1392268399840613,-0.2971365892583172,0.0993759008965981,0.7613627526759547,2018,164.8
Chad,46.75679436249279,4.0,0.1488793853427611,-0.3076015401023218,0.0993759008965981,4.361260287669458,2018,164.8
Chad,47.03107631686056,5.0,0.1482168893142515,-0.3038287541325388,0.0993759008965981,26.19106454829532,2018,164.8
Chad,45.9291664505641,6.0,0.1760925124513921,-0.3188476745530567,0.0993759008965981,54.10886495217842,2018,164.8
Chad,43.58233457921544,7.0,0.232823498103213,-0.3539415490813292,0.0993759008965981,73.97576724410983,2018,164.8
Chad,43.05071574090481,8.0,0.2387726790279412,-0.3572627469067266,0.0993759008965981,112.21484196059326,2018,164.8
Chad,42.48515521453555,9.0,0.2884913580574276,-0.3927215793226348,0.0993759008965981,44.146400068018906,2018,164.8
Chad,43.870547560128784,10.0,0.2526008323078153,-0.3789354677632467,0.0993759008965981,11.163031742021404,2018,164.8
Chad,39.33501969002865,11.0,0.2093008784815031,-0.3552327326194773,0.0993759008965981,0.2830540460963033,2018,164.8
Chad,32.76607400353845,12.0,0.1798308611057494,-0.3340654418058705,0.0993759008965981,0.0465231111520812,2018,164.8
Chad,31.43738943959752,1.0,0.1701719441558732,-0.3243791571946723,0.1071867699714518,0.0201248927762317,2020,206.3
Chad,36.051663521051054,2.0,0.1585011413805135,-0.317416014138395,0.1071867699714518,0.0137732847463635,2020,206.3
Chad,43.26406503090606,3.0,0.1474797366699434,-0.3040220096339733,0.1071867699714518,0.8028503609166845,2020,206.3
Chad,46.28627157925346,4.0,0.1515382316115622,-0.3071636947037379,0.1071867699714518,4.758633155528953,2020,206.3
Chad,48.200961454926414,5.0,0.1633396182107513,-0.3159457517206173,0.1071867699714518,21.30034414649575,2020,206.3
Chad,47.62541200066208,6.0,0.1584258871166531,-0.3113002510142333,0.1071867699714518,36.76152921392893,2020,206.3
Chad,43.63514681965991,7.0,0.2281021224616886,-0.351229924630102,0.1071867699714518,84.17130949022282,2020,206.3
Chad,42.07898189295842,8.0,0.2137579300719604,-0.341816109399175,0.1071867699714518,119.74397866205142,2020,206.3
Chad,41.75302928029764,9.0,0.2835587194176163,-0.3870868881647304,0.1071867699714518,77.69215806134268,2020,206.3
Chad,42.7777652945672,10.0,0.2767661697504459,-0.3932306952017083,0.1071867699714518,18.54285231847662,2020,206.3
Chad,37.22135555585393,11.0,0.2226394619315523,-0.3665990131513469,0.1071867699714518,0.2538678032687321,2020,206.3
Chad,36.60846619277677,12.0,0.1957850643716289,-0.3474052176609823,0.1071867699714518,0.0046934380760138,2020,206.3
Congo,26.392577252030414,1.0,0.6319145589342902,-0.5900014223049608,0.1218185488923542,84.39401242168249,2015,208.99
Congo,29.100048419960657,2.0,0.7086876809682068,-0.6489324665692056,0.1218185488923542,145.22515099963456,2015,208.99
Congo,27.73597919114321,3.0,0.6954822529216088,-0.6394035551462268,0.1218185488923542,208.3552656262864,2015,208.99
Congo,30.72189066738917,4.0,0.7187785792217128,-0.6577680290882585,0.1218185488923542,138.8698756031409,2015,208.99
Congo,29.693527952197822,5.0,0.6799968093338401,-0.6133403955152006,0.1218185488923542,167.62285892259354,2015,208.99
Congo,29.26534954630717,6.0,0.6593779745459707,-0.5997884106207186,0.1218185488923542,39.42903773221326,2015,208.99
Congo,31.156756781727964,7.0,0.6388266306354594,-0.5876659403916096,0.1218185488923542,28.42380274136781,2015,208.99
Congo,31.513918923802727,8.0,0.6210719560822539,-0.5730955353466388,0.1218185488923542,52.04451532571112,2015,208.99
Congo,33.567529973709206,9.0,0.6389796325491791,-0.5946695675883498,0.1218185488923542,98.84849563273538,2015,208.99
Congo,31.39582977826137,10.0,0.6768717588923954,-0.6217776428749286,0.1218185488923542,165.42225624191803,2015,208.99
Congo,28.26038497983248,11.0,0.6860271428444207,-0.6164211508150955,0.1218185488923542,208.889918465917,2015,208.99
Congo,26.872644107439555,12.0,0.6868583220330692,-0.6290871272856223,0.1218185488923542,111.57337817683046,2015,208.99
Congo,26.068650630107083,1.0,0.6460776701250336,-0.6046026009720682,0.1229401082958027,64.22210917663273,2016,201.08
Congo,28.459528660978563,2.0,0.6345948877191039,-0.5822432726711957,0.1229401082958027,111.873533919089,2016,201.08
Congo,29.18256800388881,3.0,0.7279381671528248,-0.6609330960918266,0.1229401082958027,208.3658080098223,2016,201.08
Congo,21.97777196297825,4.0,0.6901233982213465,-0.6232826730633265,0.1229401082958027,233.7713111511784,2016,201.08
Congo,31.615855297994827,5.0,0.7082499438464855,-0.6472039302479455,0.1229401082958027,146.86543824283996,2016,201.08
Congo,29.43355307725413,6.0,0.6641711109836886,-0.6117706176363259,0.1229401082958027,73.26236340790433,2016,201.08
Congo,29.7529839459064,7.0,0.6403027184282511,-0.5895790779837579,0.1229401082958027,33.61329854504399,2016,201.08
Congo,29.66199073601921,8.0,0.5766541697965599,-0.5349512999269395,0.1229401082958027,83.59150277257399,2016,201.08
Congo,32.07485507659958,9.0,0.6276358012320881,-0.5783934557046652,0.1229401082958027,130.2775411161124,2016,201.08
Congo,32.334164905173466,10.0,0.7412012708689977,-0.6757586186464628,0.1229401082958027,207.5478937156356,2016,201.08
Congo,32.095633850417585,11.0,0.7340619612399242,-0.669055076281106,0.1229401082958027,197.9436431560709,2016,201.08
Congo,29.7775911809631,12.0,0.696062482608826,-0.6398752356698,0.1229401082958027,158.2595899881066,2016,201.08
Congo,24.733724728715792,1.0,0.6183342242540226,-0.5761037111668377,0.1269823855603015,98.10226865423914,2017,197.63
Congo,29.685287806529058,2.0,0.7101598028779608,-0.6501360371185912,0.1269823855603015,121.4739568746406,2017,197.63
Congo,30.595083600637555,3.0,0.7203001054426282,-0.655420988542841,0.1269823855603015,185.84949454482148,2017,197.63
Congo,28.484228574511743,4.0,0.7142724032661621,-0.6517221120041549,0.1269823855603015,182.9823880176613,2017,197.63
Congo,34.128406032624504,5.0,0.7455441036328008,-0.6817922731330696,0.1269823855603015,197.5063776303913,2017,197.63
Congo,27.0303281056959,6.0,0.6744855366502447,-0.6029458207572567,0.1269823855603015,79.12269362817844,2017,197.63
Congo,29.59695905623092,7.0,0.6243259592984061,-0.5781354132459352,0.1269823855603015,40.013825942804736,2017,197.63
Congo,30.08653363946088,8.0,0.6302927773191329,-0.5749675412290399,0.1269823855603015,77.14526881784685,2017,197.63
Congo,33.76569199266757,9.0,0.6555049407135312,-0.6090851546648205,0.1269823855603015,105.68689006464108,2017,197.63
Congo,28.673212926822423,10.0,0.7027381507827933,-0.6421520522242591,0.1269823855603015,227.08373869900143,2017,197.63
Congo,0.5710545804304041,11.0,0.509100760752836,-0.4611720042390784,0.1269823855603015,237.6190406512004,2017,197.63
Congo,21.862536906573062,12.0,0.6467836750878041,-0.5969571277088058,0.1269823855603015,181.45770362944253,2017,197.63
Congo,26.696469839066424,1.0,0.6415589402647197,-0.6034660975722166,0.133200315223396,81.41049142871529,2018,235.1
Congo,20.48789431839753,2.0,0.6293398283502312,-0.5713485372853064,0.133200315223396,140.73929593773934,2018,235.1
Congo,29.513993469861504,3.0,0.7014093498433106,-0.6412837366050729,0.133200315223396,133.90459891670528,2018,235.1
Congo,28.9657853395011,4.0,0.6714226904410358,-0.6138035755445923,0.133200315223396,184.0407389803431,2018,235.1
Congo,29.459104531667744,5.0,0.7001732758999657,-0.6440060972754311,0.133200315223396,182.34823569936097,2018,235.1
Congo,30.110204666789755,6.0,0.6989552310081362,-0.6340241992597463,0.133200315223396,71.92727261663397,2018,235.1
Congo,28.57176112956868,7.0,0.6276050989240207,-0.5696866668849736,0.133200315223396,47.94807591575685,2018,235.1
Congo,27.74206314803802,8.0,0.644849599274719,-0.5976393774940095,0.133200315223396,68.11753290650901,2018,235.1
Congo,30.35547270706093,9.0,0.6452931032750308,-0.5949228188468462,0.133200315223396,122.65770161073404,2018,235.1
Congo,28.327126208785696,10.0,0.7350049045531395,-0.664838887759543,0.133200315223396,191.06637593985303,2018,235.1
Congo,28.35763921081949,11.0,0.7273226463408125,-0.6607047374934462,0.133200315223396,220.8510621455828,2018,235.1
Congo,27.25644634716833,12.0,0.6668356543245562,-0.6137172845037545,0.133200315223396,204.8725911706157,2018,235.1
Congo,28.25703086619288,1.0,0.6906721662279807,-0.6388797105344656,0.1464210990053334,74.77368608943593,2020,213.2
Congo,30.37019503305629,2.0,0.6513894425065685,-0.6011922626784532,0.1464210990053334,156.8603090051674,2020,213.2
Congo,27.353879505569346,3.0,0.663164271710993,-0.6023140057868277,0.1464210990053334,164.47178238314177,2020,213.2
Congo,20.008600010140743,4.0,0.6729148848688484,-0.612326753960566,0.1464210990053334,140.49029650550293,2020,213.2
Congo,28.028451773029392,5.0,0.7198158508287074,-0.6522649438929138,0.1464210990053334,149.24714153844073,2020,213.2
Congo,29.25839818102284,6.0,0.665661365814031,-0.5979912604491951,0.1464210990053334,88.54298544850306,2020,213.2
Congo,29.32267403302572,7.0,0.6133768363433544,-0.550803010925226,0.1464210990053334,74.89084822811175,2020,213.2
Congo,31.67323624706988,8.0,0.5739685098433366,-0.5374023678600344,0.1464210990053334,72.28857144337192,2020,213.2
Congo,25.06396338650921,9.0,0.6059958368621498,-0.5499801321441582,0.1464210990053334,98.16346195069036,2020,213.2
Congo,32.5641096479451,10.0,0.7048848982570225,-0.643456638890817,0.1464210990053334,203.6276160439027,2020,213.2
Congo,29.74082722978604,11.0,0.6974002277671876,-0.6353416525948741,0.1464210990053334,215.71596917379765,2020,213.2
Congo,29.16922525562406,12.0,0.7179045946669155,-0.659981509253427,0.1464210990053334,198.8921908660221,2020,213.2
Côte d'Ivoire,32.19733046129423,1.0,0.4773926670986625,-0.5006180451727763,0.6304574088470567,7.200736273582062,2015,146.95
Côte d'Ivoire,34.57724174585469,2.0,0.5190996244715329,-0.539219712941708,0.6304574088470567,60.773376947702666,2015,146.95
Côte d'Ivoire,36.880711904821176,3.0,0.5571529587234432,-0.5502322750395746,0.6304574088470567,79.61162418203584,2015,146.95
Côte d'Ivoire,32.09952612318525,4.0,0.5705164338285861,-0.5386467312471485,0.6304574088470567,98.37248007010112,2015,146.95
Côte d'Ivoire,30.46203799743996,5.0,0.5778028474801854,-0.5448816128976692,0.6304574088470567,126.64996220563268,2015,146.95
Côte d'Ivoire,25.720889591967104,6.0,0.5666172697471359,-0.5291841912238561,0.6304574088470567,135.76417622193438,2015,146.95
Côte d'Ivoire,30.62916832781328,7.0,0.6338539936771531,-0.5908856398832036,0.6304574088470567,137.84420899252666,2015,146.95
Côte d'Ivoire,24.81863286144866,8.0,0.5936077865832887,-0.5400069252539881,0.6304574088470567,152.2163028649513,2015,146.95
Côte d'Ivoire,29.11044377215594,9.0,0.6525129915638919,-0.5835281329813661,0.6304574088470567,121.65160030234594,2015,146.95
Côte d'Ivoire,29.07365455867582,10.0,0.6864028983480073,-0.6177756678557889,0.6304574088470567,151.82526807949915,2015,146.95
Côte d'Ivoire,32.526483189399,11.0,0.6884729307880375,-0.6334680911823141,0.6304574088470567,57.798608509851135,2015,146.95
Côte d'Ivoire,31.136774553610728,12.0,0.5773536801135004,-0.567282599656849,0.6304574088470567,10.883758846229354,2015,146.95
Côte d'Ivoire,32.050251609063494,1.0,0.4610441086579205,-0.4833486207200722,0.6426100950278496,9.526273278524902,2016,140.1
Côte d'Ivoire,36.0529804753792,2.0,0.4334257846453542,-0.4733164001877156,0.6426100950278496,19.02522026641272,2016,140.1
Côte d'Ivoire,34.22030859365613,3.0,0.5033004367914073,-0.5149685443882133,0.6426100950278496,86.20897576542927,2016,140.1
Côte d'Ivoire,34.110620675663384,4.0,0.5607157375733043,-0.5439323305829666,0.6426100950278496,88.58728888142856,2016,140.1
Côte d'Ivoire,30.553449919434115,5.0,0.5891482673909928,-0.5562180362301614,0.6426100950278496,143.81209994161011,2016,140.1
Côte d'Ivoire,31.937187217312665,6.0,0.6525338328799716,-0.6038830618569835,0.6426100950278496,154.1504383837284,2016,140.1
Côte d'Ivoire,27.098673067919226,7.0,0.5538159423613476,-0.4937550270742034,0.6426100950278496,141.76886036076706,2016,140.1
Côte d'Ivoire,25.66113860032389,8.0,0.6191351688498036,-0.5629816469695232,0.6426100950278496,168.96896922392258,2016,140.1
Côte d'Ivoire,27.360016568401186,9.0,0.6428810914025929,-0.5729112727155732,0.6426100950278496,204.9016038762045,2016,140.1
Côte d'Ivoire,29.16717616289816,10.0,0.6832718294709983,-0.6197703385554496,0.6426100950278496,136.3116428183078,2016,140.1
Côte d'Ivoire,29.75668924208189,11.0,0.6251781171812825,-0.5847092981826395,0.6426100950278496,55.589767826286696,2016,140.1
Côte d'Ivoire,31.713138389518825,12.0,0.5441238258265554,-0.5414900747845444,0.6426100950278496,25.0449846892332,2016,140.1
Côte d'Ivoire,33.539014500401265,1.0,0.5153779078690885,-0.5415650688051852,0.6593490078485792,15.33077462146237,2017,138.86
Côte d'Ivoire,33.83983564147099,2.0,0.4379960191734496,-0.4785622626514935,0.6593490078485792,47.79344857687094,2017,138.86
Côte d'Ivoire,36.07790561568645,3.0,0.5324440272342268,-0.5458068455584488,0.6593490078485792,68.94539531122578,2017,138.86
Côte d'Ivoire,30.260678805956555,4.0,0.5878496160461372,-0.5629155793436573,0.6593490078485792,108.218425025975,2017,138.86
Côte d'Ivoire,31.60810397952129,5.0,0.6285298083670332,-0.5859465745123066,0.6593490078485792,131.2476263574074,2017,138.86
Côte d'Ivoire,28.13820192957958,6.0,0.6013532976099843,-0.553246912519123,0.6593490078485792,242.2617204609656,2017,138.86
Côte d'Ivoire,29.044103068254813,7.0,0.6170128444817159,-0.5673540274028109,0.6593490078485792,119.65648431852696,2017,138.86
Côte d'Ivoire,26.398602792296085,8.0,0.556943732921554,-0.5124806327003817,0.6593490078485792,166.53532070898203,2017,138.86
Côte d'Ivoire,29.38100952193573,9.0,0.6836858417560281,-0.6144222710319267,0.6593490078485792,173.74212565795457,2017,138.86
Côte d'Ivoire,31.34301598679614,10.0,0.6824802301800733,-0.6253570546984304,0.6593490078485792,133.58801940565752,2017,138.86
Côte d'Ivoire,31.05590632043603,11.0,0.6322756446892313,-0.5968897013288184,0.6593490078485792,67.71515441552162,2017,138.86
Côte d'Ivoire,31.40956196768683,12.0,0.5316160245732853,-0.5388456575869404,0.6593490078485792,19.43998057726884,2017,138.86
Côte d'Ivoire,33.89464348338769,1.0,0.4808537499386838,-0.5080134138835573,0.675192416965348,4.668034460987065,2018,330.6
Côte d'Ivoire,36.509372460023386,2.0,0.4753615442474991,-0.5121448212685297,0.675192416965348,52.26676374910482,2018,330.6
Côte d'Ivoire,35.237107112615504,3.0,0.5622115249391182,-0.5574363361445063,0.675192416965348,102.42784194404538,2018,330.6
Côte d'Ivoire,29.708812564427063,4.0,0.6062362203905909,-0.5765025746200623,0.675192416965348,95.1650378972928,2018,330.6
Côte d'Ivoire,29.81424273239411,5.0,0.6528825689977795,-0.6120177850510997,0.675192416965348,123.90437510918603,2018,330.6
Côte d'Ivoire,31.56680893269485,6.0,0.6015913709374335,-0.5729832357908863,0.675192416965348,187.26554518156144,2018,330.6
Côte d'Ivoire,27.39863384509278,7.0,0.5645378602390748,-0.5163249735140337,0.675192416965348,192.2536452725919,2018,330.6
Côte d'Ivoire,30.37225988894,8.0,0.7077069126296475,-0.6377846516570084,0.675192416965348,214.59154434742453,2018,330.6
Côte d'Ivoire,26.055437410180232,9.0,0.6822959322723257,-0.6169058104160153,0.675192416965348,202.47745868350825,2018,330.6
Côte d'Ivoire,29.32565977478877,10.0,0.726280121457959,-0.6625776686635062,0.675192416965348,168.22253921358592,2018,330.6
Côte d'Ivoire,32.59522963923813,11.0,0.7019241555686142,-0.649097950157615,0.675192416965348,65.85371300675908,2018,330.6
Côte d'Ivoire,31.56811695194918,12.0,0.5921076308974331,-0.5823298815447474,0.675192416965348,19.22072589649399,2018,330.6
Côte d'Ivoire,31.96919475826216,1.0,0.5109002630754372,-0.5282148297663384,0.7136871619959455,5.915030287719816,2020,287.0
Côte d'Ivoire,36.627940206246016,2.0,0.4775742287565429,-0.5115240380214672,0.7136871619959455,16.987372007844957,2020,287.0
Côte d'Ivoire,35.169913639478104,3.0,0.508679713846672,-0.5262306467991407,0.7136871619959455,118.46625644481796,2020,287.0
Côte d'Ivoire,33.86713177612334,4.0,0.6423114911859878,-0.6055485396582756,0.7136871619959455,105.84418805866942,2020,287.0
Côte d'Ivoire,31.237100954989145,5.0,0.6534720668098941,-0.6040957985833489,0.7136871619959455,152.5772366066863,2020,287.0
Côte d'Ivoire,27.08581569819416,6.0,0.619607123770196,-0.5786397621320298,0.7136871619959455,191.2460207912876,2020,287.0
Côte d'Ivoire,26.5712176781964,7.0,0.5976227617987855,-0.5494652938887286,0.7136871619959455,142.7847830690653,2020,287.0
Côte d'Ivoire,23.25545844893884,8.0,0.6348616012936064,-0.5706750878755034,0.7136871619959455,124.29669912603316,2020,287.0
Côte d'Ivoire,28.00396764830133,9.0,0.6320952279733212,-0.5701347833607272,0.7136871619959455,182.73506561050888,2020,287.0
Côte d'Ivoire,31.82288478376595,10.0,0.693734715377527,-0.6321312386845076,0.7136871619959455,179.0073966963866,2020,287.0
Côte d'Ivoire,34.30920038691458,11.0,0.6016374430236854,-0.590389917580097,0.7136871619959455,40.13814813617531,2020,287.0
Côte d'Ivoire,32.39705888641407,12.0,0.5752695792358856,-0.5722556977951129,0.7136871619959455,35.98577694014342,2020,287.0
Democratic Republic of the Congo,26.21987455740713,1.0,0.6664127098609116,-0.6164026401216945,0.3389329483783075,86.38579845128046,2015,317.07
Democratic Republic of the Congo,27.10397612743157,2.0,0.7127886765629767,-0.6452279005578536,0.3389329483783075,137.78569178978483,2015,317.07
Democratic Republic of the Congo,25.847847318109995,3.0,0.7113933464503155,-0.6345837735125613,0.3389329483783075,186.9267760360888,2015,317.07
Democratic Republic of the Congo,28.836668361627385,4.0,0.7257592977303552,-0.6577484061731698,0.3389329483783075,159.92353388261128,2015,317.07
Democratic Republic of the Congo,28.945869448295543,5.0,0.7232622440770141,-0.663738492440632,0.3389329483783075,119.23856643861735,2015,317.07
Democratic Republic of the Congo,28.82379257140308,6.0,0.6624748325989716,-0.6100755422743128,0.3389329483783075,59.67855146949339,2015,317.07
Democratic Republic of the Congo,30.046995887312704,7.0,0.6264531386977316,-0.5809594706878841,0.3389329483783075,59.803627137969,2015,317.07
Democratic Republic of the Congo,30.721066242550474,8.0,0.5810218410568669,-0.5258054537793657,0.3389329483783075,88.09103271784907,2015,317.07
Democratic Republic of the Congo,31.38397977802646,9.0,0.6197608656861658,-0.5685775093227163,0.3389329483783075,119.469675313319,2015,317.07
Democratic Republic of the Congo,29.00594983184936,10.0,0.6534745071823999,-0.5929484622121629,0.3389329483783075,187.67674245094884,2015,317.07
Democratic Republic of the Congo,29.317367841005296,11.0,0.7248977736669417,-0.6545002288323074,0.3389329483783075,171.03564387419345,2015,317.07
Democratic Republic of the Congo,28.844488538894176,12.0,0.7310780233724274,-0.6590158675171832,0.3389329483783075,151.3930687644759,2015,317.07
Democratic Republic of the Congo,26.575774275982056,1.0,0.6776330730155193,-0.6261358318811836,0.3550489696336392,110.77207576428832,2016,310.59
Democratic Republic of the Congo,29.65829803241597,2.0,0.6726175812664832,-0.6096645906854037,0.3550489696336392,104.78095449873771,2016,310.59
Democratic Republic of the Congo,27.41089001061685,3.0,0.7345190559793162,-0.6626744930908944,0.3550489696336392,205.9102571215932,2016,310.59
Democratic Republic of the Congo,28.488510529902594,4.0,0.7357342566819016,-0.6705203887923508,0.3550489696336392,178.65257445208243,2016,310.59
Democratic Republic of the Congo,29.31152808599897,5.0,0.7191426334821729,-0.6627269165699627,0.3550489696336392,103.04980129683727,2016,310.59
Democratic Republic of the Congo,29.05516911379833,6.0,0.6542890156801867,-0.6180961226506668,0.3550489696336392,63.10443731037914,2016,310.59
Democratic Republic of the Congo,28.559513521921016,7.0,0.5771551979017485,-0.5453597004977427,0.3550489696336392,67.0646603887959,2016,310.59
Democratic Republic of the Congo,30.14101236470153,8.0,0.5633462140055375,-0.5216896575553841,0.3550489696336392,90.68377965726675,2016,310.59
Democratic Republic of the Congo,31.68141644239522,9.0,0.6548481000548668,-0.6015934557507847,0.3550489696336392,115.81354543844218,2016,310.59
Democratic Republic of the Congo,31.90928035922784,10.0,0.7067968089408995,-0.6421858322140853,0.3550489696336392,172.96898967161843,2016,310.59
Democratic Republic of the Congo,28.93267577772088,11.0,0.7235178718479506,-0.656963406583643,0.3550489696336392,176.47515759195952,2016,310.59
Democratic Republic of the Congo,27.974489604686152,12.0,0.7264146000660877,-0.6603319005176223,0.3550489696336392,161.29920140512525,2016,310.59
Democratic Republic of the Congo,27.60253425449353,1.0,0.7167886790418748,-0.6563530800546691,0.3730865788964642,117.18881161126886,2017,307.62
Democratic Republic of the Congo,27.62666727389829,2.0,0.717831916745769,-0.6551360123280393,0.3730865788964642,140.95026853982938,2017,307.62
Democratic Republic of the Congo,26.775851242223723,3.0,0.7366634505569629,-0.6671067610327639,0.3730865788964642,163.6614060596783,2017,307.62
Democratic Republic of the Congo,28.7702317845128,4.0,0.7462392665592756,-0.6779842841669089,0.3730865788964642,181.4056179550881,2017,307.62
Democratic Republic of the Congo,30.00098711257512,5.0,0.7364715144666022,-0.6793925457153136,0.3730865788964642,114.473870402605,2017,307.62
Democratic Republic of the Congo,29.220407926995808,6.0,0.6571290138469768,-0.6165609285393302,0.3730865788964642,69.68593949294463,2017,307.62
Democratic Republic of the Congo,29.26680209184146,7.0,0.5838356227939153,-0.548369619070291,0.3730865788964642,71.3791341194289,2017,307.62
Democratic Republic of the Congo,30.364547302636467,8.0,0.5646417361592068,-0.5217889479338259,0.3730865788964642,98.85554790856116,2017,307.62
Democratic Republic of the Congo,30.871929126804023,9.0,0.6327299780317671,-0.5788600618460388,0.3730865788964642,112.1573662863243,2017,307.62
Democratic Republic of the Congo,31.37886518329231,10.0,0.6901238767820643,-0.6307650157137045,0.3730865788964642,192.30559325668509,2017,307.62
Democratic Republic of the Congo,27.96671954157115,11.0,0.7239539370328002,-0.6543315126509592,0.3730865788964642,193.1131722377312,2017,307.62
Democratic Republic of the Congo,26.868098118927964,12.0,0.7078166603078113,-0.6402421124250923,0.3730865788964642,177.23487912857655,2017,307.62
Democratic Republic of the Congo,27.246455959848163,1.0,0.6682225316379125,-0.6268350831615795,0.391759644078178,97.75207606710867,2018,319.8
Democratic Republic of the Congo,26.93648937128906,2.0,0.6838937550617088,-0.6243329321041542,0.391759644078178,151.22774554584925,2018,319.8
Democratic Republic of the Congo,29.723991733072683,3.0,0.7263094218178047,-0.6619016567928294,0.391759644078178,165.2534600853537,2018,319.8
Democratic Republic of the Congo,26.84265976522016,4.0,0.7429563237642589,-0.679429569377954,0.391759644078178,169.0436293053109,2018,319.8
Democratic Republic of the Congo,28.517904288752284,5.0,0.7044656457979529,-0.6518431620559799,0.391759644078178,141.00202441143614,2018,319.8
Democratic Republic of the Congo,29.06464585453654,6.0,0.7019296296521708,-0.657050095773234,0.391759644078178,64.77931858561887,2018,319.8
Democratic Republic of the Congo,29.19463656618302,7.0,0.6435948656813648,-0.6053625385909405,0.391759644078178,68.23481720547089,2018,319.8
Democratic Republic of the Congo,30.056186132471453,8.0,0.609256530108958,-0.5596057648195001,0.391759644078178,101.26926942986404,2018,319.8
Democratic Republic of the Congo,28.860787695621667,9.0,0.6498937854839998,-0.5937794063763533,0.391759644078178,138.0250260897626,2018,319.8
Democratic Republic of the Congo,30.65712686357211,10.0,0.7039565645388199,-0.6406861139169561,0.391759644078178,196.43903138744628,2018,319.8
Democratic Republic of the Congo,28.015662734088288,11.0,0.7341925160128535,-0.6590454608710812,0.391759644078178,196.8816206980378,2018,319.8
Democratic Republic of the Congo,27.79284273062767,12.0,0.7298366819240052,-0.6618694294667175,0.391759644078178,199.9381987180161,2018,319.8
Democratic Republic of the Congo,26.28677450708292,1.0,0.7135895006880276,-0.6548195714700145,0.4334829812496147,96.62203253043592,2020,324.2
Democratic Republic of the Congo,29.057436353221973,2.0,0.7192589663139339,-0.6559572196374882,0.4334829812496147,118.77116800516092,2020,324.2
Democratic Republic of the Congo,28.50155738503741,3.0,0.7264914191353092,-0.6610742848703856,0.4334829812496147,167.4105572636966,2020,324.2
Democratic Republic of the Congo,27.392668704138227,4.0,0.7479735629767144,-0.6793053745196047,0.4334829812496147,159.81453971712853,2020,324.2
Democratic Republic of the Congo,29.41264483448383,5.0,0.7244938983571582,-0.6632113594359413,0.4334829812496147,105.844295111956,2020,324.2
Democratic Republic of the Congo,29.11217775309542,6.0,0.6681082273084473,-0.6261167728098441,0.4334829812496147,65.84391390518664,2020,324.2
Democratic Republic of the Congo,27.93713317014245,7.0,0.5655229862608546,-0.5314781936605762,0.4334829812496147,71.79734458816014,2020,324.2
Democratic Republic of the Congo,29.34975988703296,8.0,0.57128846097485,-0.5247770460513965,0.4334829812496147,102.72202803123456,2020,324.2
Democratic Republic of the Congo,31.098036800840585,9.0,0.6164932910582405,-0.5622788568599508,0.4334829812496147,115.49396989899836,2020,324.2
Democratic Republic of the Congo,31.38020938227483,10.0,0.6771726627938247,-0.6151010500070236,0.4334829812496147,166.19911536383597,2020,324.2
Democratic Republic of the Congo,28.83973533670817,11.0,0.7417197497896533,-0.6702048425796205,0.4334829812496147,178.19074786903428,2020,324.2
Democratic Republic of the Congo,27.448114302086417,12.0,0.7362935355965919,-0.6664034912503848,0.4334829812496147,174.59855559060114,2020,324.2
Equatorial Guinea,25.96562790587424,1.0,0.6801219545600037,-0.6129592292625737,0.3582602232274521,47.86597070860061,2015,356.28
Equatorial Guinea,19.50381318865141,2.0,0.618016512828393,-0.564760920207491,0.3582602232274521,157.80154219318857,2015,356.28
Equatorial Guinea,13.04199847142858,3.0,0.5559110710967822,-0.5165626111524082,0.3582602232274521,212.88993946244764,2015,356.28
Equatorial Guinea,24.842284782620613,4.0,0.767272077507105,-0.6889748270549806,0.3582602232274521,264.6778221000982,2015,356.28
Equatorial Guinea,27.923773312828125,5.0,0.6336017251478275,-0.5552637665383966,0.3582602232274521,200.3390767434621,2015,356.28
Equatorial Guinea,24.754911539652475,6.0,0.5179598219770879,-0.4142944078560204,0.3582602232274521,44.01691706174736,2015,356.28
Equatorial Guinea,27.770066612067087,7.0,0.7091588696498504,-0.6266658805978503,0.3582602232274521,29.42088888710333,2015,356.28
Equatorial Guinea,27.7368176646154,8.0,0.4869808354044034,-0.4750868459939658,0.3582602232274521,34.51353253308531,2015,356.28
Equatorial Guinea,27.719717709118385,9.0,0.5641993911942724,-0.5134996001270926,0.3582602232274521,177.66987058327825,2015,356.28
Equatorial Guinea,27.70261775362137,10.0,0.6414179469841413,-0.5519123542602193,0.3582602232274521,336.2290428691361,2015,356.28
Equatorial Guinea,26.30647616478568,11.0,0.6202337184209705,-0.5180376985885701,0.3582602232274521,183.80099130027645,2015,356.28
Equatorial Guinea,27.13845621199805,12.0,0.5891009479407378,-0.5356869734276004,0.3582602232274521,41.8488347555307,2015,356.28
Equatorial Guinea,28.72241790406186,1.0,0.5347651989717237,-0.4936234480583729,0.3580576438179066,35.20113679094006,2016,349.86
Equatorial Guinea,22.87919802259847,2.0,0.6318742556712463,-0.5584507754327355,0.3580576438179066,61.28003765185253,2016,349.86
Equatorial Guinea,13.20393606610033,3.0,0.5320703803914476,-0.4770587406549452,0.3580576438179066,326.0968206179789,2016,349.86
Equatorial Guinea,31.49956727114809,4.0,0.7897136347966114,-0.7059751993804637,0.3580576438179066,291.7345839659323,2016,349.86
Equatorial Guinea,25.76936028506277,5.0,0.5591850692404629,-0.3820864908384732,0.3580576438179066,221.98407521769903,2016,349.86
Equatorial Guinea,26.784529264074745,6.0,0.6125808252974191,-0.5123249753488218,0.3580576438179066,155.0175195910168,2016,349.86
Equatorial Guinea,28.88538190958014,7.0,0.6930573324971706,-0.6163539392106664,0.3580576438179066,47.519727680143,2016,349.86
Equatorial Guinea,25.43983152479007,8.0,0.1104579717308198,0.1399436091267695,0.3580576438179066,119.31626622143553,2016,349.86
Equatorial Guinea,21.99428114,9.0,0.6402192098277891,-0.5713468541686725,0.3580576438179066,224.6222487895571,2016,349.86
Equatorial Guinea,22.025529388160404,10.0,0.5364996435139964,-0.4749860431578009,0.3580576438179066,307.19245504449134,2016,349.86
Equatorial Guinea,24.02462735715939,11.0,0.7498358230049494,-0.6765675370562948,0.3580576438179066,264.5388241950548,2016,349.86
Equatorial Guinea,24.197752079745804,12.0,0.7067965812277434,-0.6279198144432777,0.3580576438179066,134.1869418926856,2016,349.86
Equatorial Guinea,25.96554284759469,1.0,0.5696993088380864,-0.5277074757581249,0.37207763301327,117.19599829496212,2017,343.26
Equatorial Guinea,21.57181755834179,2.0,0.5669627244876116,-0.5032286903662148,0.37207763301327,84.5319483445614,2017,343.26
Equatorial Guinea,19.993350391978165,3.0,0.7153148319138957,-0.6031582369502235,0.37207763301327,219.94778834367503,2017,343.26
Equatorial Guinea,23.26686760432378,4.0,0.8097003886957174,-0.7341083318900143,0.37207763301327,283.2305711686909,2017,343.26
Equatorial Guinea,26.23049215236969,5.0,0.6330806238687244,-0.5393138896176985,0.37207763301327,245.2013615131441,2017,343.26
Equatorial Guinea,18.12049747674764,6.0,0.5551924498661369,-0.4760425976433088,0.37207763301327,159.77274863690556,2017,343.26
Equatorial Guinea,26.93213757756975,7.0,0.6406842820315071,-0.5713583296752934,0.37207763301327,25.582157941297844,2017,343.26
Equatorial Guinea,27.205341109482443,8.0,-0.8167456556082087,0.973406694176982,0.37207763301327,45.18102292423941,2017,343.26
Equatorial Guinea,27.478544641395136,9.0,0.2202965286318365,0.1128847416649598,0.37207763301327,161.90031834086184,2017,343.26
Equatorial Guinea,27.751748173307828,10.0,0.3305394784333808,-0.0561091536961056,0.37207763301327,418.3023047521712,2017,343.26
Equatorial Guinea,28.02495170522052,11.0,0.6422980427516087,-0.551300344561475,0.37207763301327,289.31716642058035,2017,343.26
Equatorial Guinea,25.410388281907583,12.0,0.5327799211711053,-0.4614688820812015,0.37207763301327,94.4725418215744,2017,343.26
Equatorial Guinea,25.560631286698086,1.0,0.6028604354342004,-0.5258641703720176,0.3673346050769443,84.46615135074093,2018,269.0
Equatorial Guinea,28.20351288295628,2.0,0.6243460586854814,-0.5410281498612283,0.3673346050769443,186.77570813962765,2018,269.0
Equatorial Guinea,27.234473877524174,3.0,0.6583094705458298,-0.5781573508121889,0.3673346050769443,238.1076252201827,2018,269.0
Equatorial Guinea,27.472690464823028,4.0,0.6701137256219574,-0.5559123003684439,0.3673346050769443,184.1992527047224,2018,269.0
Equatorial Guinea,26.117479014930776,5.0,0.6070452482415013,-0.5312727814615708,0.3673346050769443,304.7264649301818,2018,269.0
Equatorial Guinea,24.51702046708009,6.0,0.5942155127375642,-0.5311136434104115,0.3673346050769443,99.22419746273394,2018,269.0
Equatorial Guinea,29.787808737168948,7.0,0.6748275918860587,-0.5818509861283958,0.3673346050769443,65.00634023552195,2018,269.0
Equatorial Guinea,27.916994154343403,8.0,0.6826472280931588,-0.630174495544171,0.3673346050769443,55.18868847811243,2018,269.0
Equatorial Guinea,25.347077121954843,9.0,0.6560302978912745,-0.5988835955831013,0.3673346050769443,343.3495754759649,2018,269.0
Equatorial Guinea,22.777160089566284,10.0,0.6294133676893903,-0.5675926956220316,0.3673346050769443,318.63614972063846,2018,269.0
Equatorial Guinea,25.55308017278665,11.0,0.6151434018579004,-0.5466924204150478,0.3673346050769443,288.6842136965583,2018,269.0
Equatorial Guinea,25.965254295255104,12.0,0.5781682744196492,-0.5096949780088212,0.3673346050769443,110.32374865830758,2018,269.0
Equatorial Guinea,23.558476037646265,1.0,0.5951073307742916,-0.5582540481839025,0.3772929323325669,83.75377924307654,2020,240.8
Equatorial Guinea,28.386517783416192,2.0,0.700876793320734,-0.6184078238803367,0.3772929323325669,122.2498762668631,2020,240.8
Equatorial Guinea,26.295469175554548,3.0,0.7489905451648584,-0.6481358844817101,0.3772929323325669,205.87296681945435,2020,240.8
Equatorial Guinea,17.79314103796054,4.0,0.3168594091621278,-0.2886504166860213,0.3772929323325669,267.1114885290976,2020,240.8
Equatorial Guinea,16.59162268180922,5.0,0.7438911259945725,-0.4313326837958663,0.3772929323325669,209.8921204780112,2020,240.8
Equatorial Guinea,17.646410602575777,6.0,0.5710984439993853,0.6438464229389801,0.3772929323325669,231.45894078542807,2020,240.8
Equatorial Guinea,18.70119852334233,7.0,0.3448493375292224,-0.3047540220707749,0.3772929323325669,69.26713570191221,2020,240.8
Equatorial Guinea,25.366725208869592,8.0,0.6782888326024691,-0.5851438478566243,0.3772929323325669,125.970062569237,2020,240.8
Equatorial Guinea,-1.4444181627604544,9.0,0.0530434479877476,-0.030937162130385,0.3772929323325669,196.1717057463028,2020,240.8
Equatorial Guinea,29.60157067097746,10.0,0.7421751741641208,-0.6624163125598185,0.3772929323325669,448.0839037590367,2020,240.8
Equatorial Guinea,27.515338883658547,11.0,0.6991128911965802,-0.6073225585246316,0.3772929323325669,261.3462202521122,2020,240.8
Equatorial Guinea,22.232108843212853,12.0,0.6440053033306447,-0.5629953200615612,0.3772929323325669,124.40282488378958,2020,240.8
Gabon,26.900100233842902,1.0,0.6071822617542981,-0.5647030176903254,0.0803375800567131,93.07952397590428,2015,172.6
Gabon,29.36063411164179,2.0,0.6897616915544236,-0.6319493989561578,0.0803375800567131,169.17506660684256,2015,172.6
Gabon,19.06819995026689,3.0,0.6562446091067317,-0.5900925225053958,0.0803375800567131,241.2989736971149,2015,172.6
Gabon,28.07357681632895,4.0,0.6475959303559945,-0.5848332058798114,0.0803375800567131,176.45605489773982,2015,172.6
Gabon,27.36903053872712,5.0,0.6739687205048813,-0.599906788305823,0.0803375800567131,164.574280102325,2015,172.6
Gabon,28.97651934250848,6.0,0.6917403092338397,-0.6245529661618241,0.0803375800567131,10.554974553366453,2015,172.6
Gabon,27.28878876902168,7.0,0.5407267573124126,-0.5033792727181755,0.0803375800567131,4.260028603849049,2015,172.6
Gabon,29.43660294151164,8.0,0.5502363318114227,-0.5197060157376941,0.0803375800567131,5.9510488643431945,2015,172.6
Gabon,31.71589877505577,9.0,0.5239453805735363,-0.4473244965843328,0.0803375800567131,67.44635025716396,2015,172.6
Gabon,29.227929941711224,10.0,0.686774532901117,-0.6105538838053325,0.0803375800567131,181.39220132882647,2015,172.6
Gabon,27.779620096322454,11.0,0.6127626602599634,-0.5462832682699118,0.0803375800567131,284.79744745191675,2015,172.6
Gabon,27.39338552158827,12.0,0.6544399156809554,-0.5893483611730288,0.0803375800567131,99.99789215725048,2015,172.6
Gabon,28.19979337092411,1.0,0.576078193870668,-0.5446978304259942,0.0844891097197559,66.45922394208263,2016,169.11
Gabon,26.61598227094364,2.0,0.5900688594481363,-0.5435200868933482,0.0844891097197559,106.55715549923994,2016,169.11
Gabon,19.899032009388915,3.0,0.6130969283735288,-0.5460499278826751,0.0844891097197559,311.47248739308367,2016,169.11
Gabon,26.815657539921624,4.0,0.6421806277528825,-0.5780972546786114,0.0844891097197559,288.53162475653403,2016,169.11
Gabon,24.175340704308,5.0,0.7051573529062741,-0.6304665877030995,0.0844891097197559,145.59704918798403,2016,169.11
Gabon,28.08531844166309,6.0,0.5712411515299872,-0.5125538825959284,0.0844891097197559,28.41492987236128,2016,169.11
Gabon,27.704586614546304,7.0,0.6259242430589986,-0.5770270524586086,0.0844891097197559,4.931866295611781,2016,169.11
Gabon,26.65249245946925,8.0,0.5953082698410298,-0.5401874446001264,0.0844891097197559,24.33419412840785,2016,169.11
Gabon,30.124946214561763,9.0,0.5834734908149486,-0.517473880197533,0.0844891097197559,96.3443686843771,2016,169.11
Gabon,29.58687482858528,10.0,0.639507908114584,-0.5818771006861937,0.0844891097197559,254.1712290323676,2016,169.11
Gabon,30.1625797168429,11.0,0.7617693433893928,-0.6939462703866295,0.0844891097197559,300.36250478080603,2016,169.11
Gabon,25.164207026286963,12.0,0.6821996679723058,-0.6137490970858557,0.0844891097197559,209.8805682275405,2016,169.11
Gabon,22.02511307516612,1.0,0.6012059579527199,-0.5565714549912538,0.0872528627619595,157.1305600724592,2017,168.87
Gabon,14.53223533534688,2.0,0.6264457357577009,-0.5639333262466258,0.0872528627619595,149.21579937474428,2017,168.87
Gabon,29.30996537148708,3.0,0.7092387247098665,-0.6367546328660179,0.0872528627619595,210.26261246413816,2017,168.87
Gabon,25.72249638718974,4.0,0.6950177202291993,-0.6285715279422376,0.0872528627619595,214.4026721080602,2017,168.87
Gabon,27.53427926658073,5.0,0.6321744430028595,-0.5667754084756765,0.0872528627619595,165.99065193763795,2017,168.87
Gabon,27.579901114195334,6.0,0.6131913503991796,-0.5501204252239867,0.0872528627619595,49.04507788357248,2017,168.87
Gabon,27.00926965182207,7.0,0.5992507099440915,-0.5317983889748535,0.0872528627619595,2.716296517538796,2017,168.87
Gabon,27.36827265035449,8.0,0.6707236167336047,-0.5871797914876814,0.0872528627619595,9.24545820867082,2017,168.87
Gabon,28.713230456877938,9.0,0.5940953589088793,-0.5302355174991448,0.0872528627619595,75.2767235865013,2017,168.87
Gabon,28.964043974906485,10.0,0.6402936638437298,-0.5743723588481702,0.0872528627619595,381.1250539695191,2017,168.87
Gabon,-14.021220886621611,11.0,0.4524277398029064,-0.4072683091369082,0.0872528627619595,302.6241216662355,2017,168.87
Gabon,27.87481539790697,12.0,0.6424364435736408,-0.5816360163853186,0.0872528627619595,182.470854401392,2017,168.87
Gabon,26.08215858999261,1.0,0.574398955599972,-0.5381907534098191,0.0921402191428423,122.9087907588586,2018,248.2
Gabon,26.697923079717707,2.0,0.6258436754895829,-0.5636292884920129,0.0921402191428423,144.12554450405167,2018,248.2
Gabon,23.87972087673548,3.0,0.7064794479691922,-0.6339287678268684,0.0921402191428423,201.9416320083932,2018,248.2
Gabon,28.2097186246752,4.0,0.658016567209838,-0.5913943665741643,0.0921402191428423,172.03887943454646,2018,248.2
Gabon,29.138302214100737,5.0,0.6252267960881657,-0.5619973600624921,0.0921402191428423,208.3024068952684,2018,248.2
Gabon,26.72695415943637,6.0,0.6316594237486843,-0.5627116577415823,0.0921402191428423,30.983464596551723,2018,248.2
Gabon,26.87605162498697,7.0,0.6102125073415462,-0.5474532544700612,0.0921402191428423,14.65696927227903,2018,248.2
Gabon,28.48160004631,8.0,0.6436234651185646,-0.5908640725671178,0.0921402191428423,10.358387271298474,2018,248.2
Gabon,30.8712560303139,9.0,0.5835482718905577,-0.5398091999066752,0.0921402191428423,155.78155207563657,2018,248.2
Gabon,21.40595552604665,10.0,0.6170081549468979,-0.5569647428823724,0.0921402191428423,318.3513730609547,2018,248.2
Gabon,28.02557280725108,11.0,0.6811026545097761,-0.610243823632168,0.0921402191428423,302.2831519071869,2018,248.2
Gabon,26.738799747935065,12.0,0.6046258742175957,-0.5476852803227689,0.0921402191428423,222.3699135418534,2018,248.2
Gabon,24.48486723617988,1.0,0.6276388767640616,-0.5885842840566545,0.0985883693065736,111.82634092837915,2020,215.5
Gabon,29.855520855093427,2.0,0.7201385435890587,-0.6518302459943338,0.0985883693065736,167.3800927390461,2020,215.5
Gabon,23.85387626310687,3.0,0.6808863156898405,-0.5978479522635104,0.0985883693065736,204.78397551381505,2020,215.5
Gabon,25.41176281318798,4.0,0.6744791662596157,-0.6087385884073754,0.0985883693065736,226.57488507796305,2020,215.5
Gabon,30.79927877877888,5.0,0.685855705307326,-0.6163626394147188,0.0985883693065736,164.50340336041089,2020,215.5
Gabon,27.08856235058552,6.0,0.6247502929199231,-0.5616495712724743,0.0985883693065736,80.17625952278468,2020,215.5
Gabon,28.301202601098183,7.0,0.6216679787008853,-0.5661829375779098,0.0985883693065736,15.973252735016136,2020,215.5
Gabon,28.36930080256031,8.0,0.5547491027247443,-0.5060709588076361,0.0985883693065736,30.474352069003267,2020,215.5
Gabon,29.02905234012063,9.0,0.5951986038011039,-0.5357337947840487,0.0985883693065736,65.95620370935654,2020,215.5
Gabon,26.838919675011017,10.0,0.6841304333845131,-0.6006952272032177,0.0985883693065736,334.54860089470503,2020,215.5
Gabon,30.7916866437328,11.0,0.7136688398324049,-0.6469009085669041,0.0985883693065736,378.92654561264624,2020,215.5
Gabon,27.31246546726632,12.0,0.6660688742584788,-0.5981911243252865,0.0985883693065736,218.0809781871107,2020,215.5
Gambia,31.191612170536985,1.0,0.3399864319723382,-0.4411095288987329,1.590103809332324,0.2533603045028466,2015,208.63
Gambia,39.309304563020135,2.0,0.2723217217021878,-0.3862169160589323,1.590103809332324,0.0672163971973696,2015,208.63
Gambia,41.52021173321845,3.0,0.2636361999405038,-0.3803033930097014,1.590103809332324,0.0615969774811407,2015,208.63
Gambia,42.72655884889902,4.0,0.2571781306499294,-0.368405621293234,1.590103809332324,0.0535109220209951,2015,208.63
Gambia,43.505516239784185,5.0,0.2724204161030619,-0.3792806041091904,1.590103809332324,1.3393988858781811,2015,208.63
Gambia,40.58869965640872,6.0,0.2649836964079505,-0.3647168398444503,1.590103809332324,33.30848336048093,2015,208.63
Gambia,27.567960387890857,7.0,0.3174526148833062,-0.357311418301848,1.590103809332324,195.65234768530445,2015,208.63
Gambia,-13.160044787248024,8.0,0.362421045100833,-0.3498598486747747,1.590103809332324,289.7271326513978,2015,208.63
Gambia,27.54017728666276,9.0,0.6816601691003673,-0.6160548214848786,1.590103809332324,280.23439320944914,2015,208.63
Gambia,34.792587466074345,10.0,0.7216138995909873,-0.6563691850111574,1.590103809332324,100.98575770470332,2015,208.63
Gambia,34.0899623572596,11.0,0.624284916205334,-0.5951668371878185,1.590103809332324,2.156004999198895,2015,208.63
Gambia,32.55621851408834,12.0,0.4702639608436635,-0.5195257668603518,1.590103809332324,0.7713676413741423,2015,208.63
Gambia,34.02525577020173,1.0,0.4060705237067638,-0.4680335065100141,1.6178293258986138,0.2690682867769638,2016,124.59
Gambia,18.96848806676597,2.0,0.2614816371948623,-0.3337070970306903,1.6178293258986138,0.1490910680933691,2016,124.59
Gambia,43.13900852790829,3.0,0.2972805098843794,-0.4105791238520529,1.6178293258986138,0.068549728169653,2016,124.59
Gambia,44.83973789055904,4.0,0.2921005437463372,-0.4046059025828486,1.6178293258986138,0.0626699301710943,2016,124.59
Gambia,46.553414513765496,5.0,0.2967533267160444,-0.3994505384415517,1.6178293258986138,3.2480028082800114,2016,124.59
Gambia,37.02034969648221,6.0,0.2919083572414481,-0.3754720457038926,1.6178293258986138,42.42778270448163,2016,124.59
Gambia,38.49392491731254,7.0,0.3781158424162723,-0.3928252537390421,1.6178293258986138,200.83102096645888,2016,124.59
Gambia,31.173225376728368,8.0,0.538766855622065,-0.4922199098788426,1.6178293258986138,225.1715382208333,2016,124.59
Gambia,32.674628427214905,9.0,0.6533871513538257,-0.5807868993647642,1.6178293258986138,309.74633346679013,2016,124.59
Gambia,34.60706342088801,10.0,0.6466911028743709,-0.5963026655784338,1.6178293258986138,14.8927852184882,2016,124.59
Gambia,36.80538527928688,11.0,0.5416896400112444,-0.5470290789188665,1.6178293258986138,1.410215166501555,2016,124.59
Gambia,35.79396297382406,12.0,0.4332310636824582,-0.4872631574017594,1.6178293258986138,0.6686278285313327,2016,124.59
Gambia,32.359007783422086,1.0,0.3601517052371251,-0.444633324809689,1.784814187251761,0.2285752675961289,2017,56.67
Gambia,37.1741689275749,2.0,0.3005460618524,-0.4107791814746974,1.784814187251761,0.0622291046165893,2017,56.67
Gambia,41.90996428186211,3.0,0.2630831800242594,-0.3718997529985734,1.784814187251761,0.0023102059813002,2017,56.67
Gambia,46.20285545826568,4.0,0.2681008084551849,-0.376009830264134,1.784814187251761,0.2421619498197891,2017,56.67
Gambia,47.426416309117805,5.0,0.2921602988618955,-0.3896718556788685,1.784814187251761,6.8436122151325165,2017,56.67
Gambia,45.30384620993598,6.0,0.2924381708179119,-0.4032202523204827,1.784814187251761,77.40540123414395,2017,56.67
Gambia,29.43780523494738,7.0,0.3756487341917694,-0.4190989138672915,1.784814187251761,227.61579094812308,2017,56.67
Gambia,28.81646020201088,8.0,0.638446449795114,-0.581678685898928,1.784814187251761,386.7948917474259,2017,56.67
Gambia,30.474059678326995,9.0,0.6243429456652617,-0.57409912990834,1.784814187251761,104.2722680042624,2017,56.67
Gambia,35.627629954896875,10.0,0.6392592977913572,-0.5904983279390096,1.784814187251761,30.091920496617323,2017,56.67
Gambia,32.277035766677564,11.0,0.4431229271631173,-0.4761137370440071,1.784814187251761,1.3013499300663585,2017,56.67
Gambia,30.125309633741523,12.0,0.3807060406993803,-0.4417549074402884,1.784814187251761,0.4110272845297553,2017,56.67
Gambia,34.31966535452683,1.0,0.3374474026967705,-0.4393186232007448,1.8555987952109965,0.1716060666301119,2018,66.0
Gambia,37.0293679280088,2.0,0.304052380009357,-0.4143575957278571,1.8555987952109965,0.0760671891241137,2018,66.0
Gambia,42.916358711414894,3.0,0.2421594721093878,-0.3565214093795995,1.8555987952109965,0.0230244234695154,2018,66.0
Gambia,45.89363247080527,4.0,0.2617018021132419,-0.3747403321658889,1.8555987952109965,0.109366268929465,2018,66.0
Gambia,47.09392481024361,5.0,0.263676213493687,-0.3734093202644042,1.8555987952109965,0.0713124402827877,2018,66.0
Gambia,36.84231488658217,6.0,0.2495972208276775,-0.3462857541733575,1.8555987952109965,49.664206974104765,2018,66.0
Gambia,18.22450659288674,7.0,0.3005902759316978,-0.3462942710975445,1.8555987952109965,139.44291133498766,2018,66.0
Gambia,35.05826390797764,8.0,0.5514042253215142,-0.5142992242329155,1.8555987952109965,252.908943999351,2018,66.0
Gambia,21.89104648185742,9.0,0.6195345330577585,-0.5573230004245702,1.8555987952109965,233.7996571999456,2018,66.0
Gambia,33.962540280801534,10.0,0.6276148010396391,-0.5772218845829263,1.8555987952109965,50.14561681912082,2018,66.0
Gambia,34.508959272677664,11.0,0.5620290577727506,-0.5739183142241463,1.8555987952109965,1.3619619519463704,2018,66.0
Gambia,34.812997603087986,12.0,0.4580231651439204,-0.5214645649651869,1.8555987952109965,0.4354844068537148,2018,66.0
Gambia,35.56485531791695,1.0,0.3425420090751844,-0.4325383968417147,1.987011408543852,0.1379745727227398,2020,87.3
Gambia,38.196514652060685,2.0,0.2909634787474822,-0.3920209302783078,1.987011408543852,0.0812845074187667,2020,87.3
Gambia,44.52817692828432,3.0,0.2703556745904525,-0.3823017374923837,1.987011408543852,0.0098997547414386,2020,87.3
Gambia,47.3939985775243,4.0,0.2607918939691953,-0.372471927153052,1.987011408543852,0.0391053089011696,2020,87.3
Gambia,46.554793686882746,5.0,0.2625973796549541,-0.3693480001869259,1.987011408543852,2.18020491235686,2020,87.3
Gambia,40.85685152876483,6.0,0.2494120189558834,-0.3472430247057158,1.987011408543852,75.3083507733789,2020,87.3
Gambia,4.879145063129822,7.0,0.2858952519885357,-0.3009683166591446,1.987011408543852,299.2228961006766,2020,87.3
Gambia,23.261310995000017,8.0,0.5862927215819469,-0.5179352064747926,1.987011408543852,243.18490216121324,2020,87.3
Gambia,32.085923500230095,9.0,0.6981311599528705,-0.6261995325678481,1.987011408543852,327.5636863245621,2020,87.3
Gambia,32.59753402762847,10.0,0.6702573478963934,-0.6165074493892594,1.987011408543852,65.93242968316663,2020,87.3
Gambia,36.12786208211369,11.0,0.5228518412985413,-0.5354732017525109,1.987011408543852,0.6407612074913108,2020,87.3
Gambia,32.79716465282877,12.0,0.4486329043325266,-0.4885637491114808,1.987011408543852,0.5178896484944785,2020,87.3
Ghana,36.07502385544026,1.0,0.3555086509366409,-0.4111692552296808,0.865266539814472,6.014820519812941,2015,272.4
Ghana,38.269148471919394,2.0,0.3671025747757698,-0.4231253853133938,0.865266539814472,35.63768328611444,2015,272.4
Ghana,38.54791667331039,3.0,0.3388271212729315,-0.3876585960952606,0.865266539814472,83.02688886341546,2015,272.4
Ghana,35.756439790979854,4.0,0.4748193122253918,-0.4797217949925397,0.865266539814472,74.68014949092968,2015,272.4
Ghana,35.73781716709391,5.0,0.4856181758382461,-0.4877217676895225,0.865266539814472,108.93405776559196,2015,272.4
Ghana,30.213503609382688,6.0,0.4338573837001264,-0.4460511004836255,0.865266539814472,127.56621220011392,2015,272.4
Ghana,30.739244518264915,7.0,0.5501342004947453,-0.5260679299696049,0.865266539814472,123.57053546988952,2015,272.4
Ghana,24.170594564326684,8.0,0.5047127668432073,-0.4548064043242062,0.865266539814472,125.72211887883842,2015,272.4
Ghana,26.001475749552487,9.0,0.6415184544171141,-0.5838640192728908,0.865266539814472,126.04855373972148,2015,272.4
Ghana,31.908528725694744,10.0,0.6110979580026206,-0.5594288528156504,0.865266539814472,152.37578909450193,2015,272.4
Ghana,35.73197940704704,11.0,0.599760654768873,-0.583081718996559,0.865266539814472,37.656576892887344,2015,272.4
Ghana,34.06964535734036,12.0,0.4082878529067693,-0.4415209132045083,0.865266539814472,3.4275289319185145,2015,272.4
Ghana,36.00329255190036,1.0,0.3103938359338294,-0.3687735310038644,0.8969930333972547,4.358321262917772,2016,271.32
Ghana,40.32326711080784,2.0,0.2783146137017184,-0.3354055425443958,0.8969930333972547,9.962421031393244,2016,271.32
Ghana,39.86297652161686,3.0,0.3996375618749849,-0.4540891756069056,0.8969930333972547,110.47327369819595,2016,271.32
Ghana,36.42370705206059,4.0,0.521688210137094,-0.527062864825839,0.8969930333972547,80.64011080774345,2016,271.32
Ghana,32.74142046287321,5.0,0.4815245149711092,-0.4902329827293964,0.8969930333972547,156.2173822858772,2016,271.32
Ghana,30.660537082407423,6.0,0.5922071247093306,-0.5585581129012661,0.8969930333972547,121.13194817483264,2016,271.32
Ghana,32.708228305200905,7.0,0.547538758441364,-0.5218827004723168,0.8969930333972547,144.35343465537284,2016,271.32
Ghana,30.67888163500447,8.0,0.5862562660091156,-0.5367804331386629,0.8969930333972547,118.88667436150526,2016,271.32
Ghana,28.651434060879872,9.0,0.5836829681944831,-0.5204294706664309,0.8969930333972547,237.36563420557889,2016,271.32
Ghana,33.59675162475708,10.0,0.6242887112153228,-0.5739122617506338,0.8969930333972547,118.7711987068122,2016,271.32
Ghana,35.78911170999952,11.0,0.5475366881785676,-0.5484934580162296,0.8969930333972547,41.59147337719899,2016,271.32
Ghana,35.303316157632345,12.0,0.4026502539125192,-0.4424087652667024,0.8969930333972547,17.909044024336538,2016,271.32
Ghana,34.43654747891489,1.0,0.3337867298343862,-0.3899864060641887,0.9152438888546778,15.087217424219798,2017,270.69
Ghana,39.16173892074745,2.0,0.3105443702522986,-0.3694683241261662,0.9152438888546778,18.44374093824458,2017,270.69
Ghana,39.69594670250473,3.0,0.3803199935786838,-0.4386354822274281,0.9152438888546778,50.76414772239138,2017,270.69
Ghana,33.34554500395136,4.0,0.4703858687490035,-0.4812661576832802,0.9152438888546778,108.39774928086148,2017,270.69
Ghana,24.93193183319151,5.0,0.5078729244246916,-0.5082954434606307,0.9152438888546778,140.90002290998544,2017,270.69
Ghana,35.27009092417667,6.0,0.5460990463072141,-0.5186011938089119,0.9152438888546778,225.76930449004007,2017,270.69
Ghana,30.523633921497176,7.0,0.685447465279547,-0.6293808544588423,0.9152438888546778,138.33642639976867,2017,270.69
Ghana,30.628209756596075,8.0,0.5204674712696605,-0.458865164018492,0.9152438888546778,107.51677605219304,2017,270.69
Ghana,29.61589202484086,9.0,0.6181650937794902,-0.5508736869907235,0.9152438888546778,118.29036192950488,2017,270.69
Ghana,33.363823722048494,10.0,0.6018070119280862,-0.5596081286949031,0.9152438888546778,116.96689359514168,2017,270.69
Ghana,36.48454149816051,11.0,0.5280381366438777,-0.535179096500095,0.9152438888546778,49.86680437811912,2017,270.69
Ghana,35.86137713748796,12.0,0.4057595719525841,-0.4373543740349669,0.9152438888546778,21.814907737599142,2017,270.69
Ghana,35.5418780613084,1.0,0.3631029333716185,-0.415597981440544,0.9538007894388356,3.689347239239341,2018,224.3
Ghana,38.84393049060311,2.0,0.3131523066955874,-0.3789770764771814,0.9538007894388356,34.482354696222586,2018,224.3
Ghana,34.279127783463245,3.0,0.4073028587735226,-0.4463460518383291,0.9538007894388356,68.41112764680368,2018,224.3
Ghana,37.11935770897074,4.0,0.4547797258297362,-0.4729627129511577,0.9538007894388356,74.82228815781669,2018,224.3
Ghana,31.281356796175665,5.0,0.5428620308212435,-0.5283298219604623,0.9538007894388356,142.8734577963524,2018,224.3
Ghana,33.54511938345901,6.0,0.5658548588808623,-0.5283273366075756,0.9538007894388356,150.97967700730587,2018,224.3
Ghana,29.13209787184683,7.0,0.5882958595826793,-0.5422823476694095,0.9538007894388356,179.3590474683007,2018,224.3
Ghana,32.43948189297647,8.0,0.6020365671216159,-0.5472376053485842,0.9538007894388356,158.52344041180456,2018,224.3
Ghana,27.72102545624021,9.0,0.5894318387834511,-0.5347567206885812,0.9538007894388356,220.2173990043079,2018,224.3
Ghana,33.036658645036056,10.0,0.6238548851628896,-0.5718510608490411,0.9538007894388356,127.88836806742158,2018,224.3
Ghana,32.34931275919766,11.0,0.5614711981108944,-0.5473549278169666,0.9538007894388356,38.03608535070988,2018,224.3
Ghana,34.86288244407599,12.0,0.4216112712979459,-0.4552551689998261,0.9538007894388356,6.319113954808904,2018,224.3
Ghana,36.251004432831344,1.0,0.3795145849196031,-0.4295801916045696,1.012937574732373,3.871760132192016,2020,162.8
Ghana,40.79677880493043,2.0,0.3109905142222003,-0.3775174462824397,1.012937574732373,3.879104850713596,2020,162.8
Ghana,39.78043316261915,3.0,0.4142459704047413,-0.4580376566462684,1.012937574732373,74.71344829655858,2020,162.8
Ghana,34.336351973210185,4.0,0.5352731022864898,-0.5420722033008117,1.012937574732373,96.72052615524154,2020,162.8
Ghana,37.86059902758316,5.0,0.5472176981882533,-0.5425353880359995,1.012937574732373,166.81703357885496,2020,162.8
Ghana,29.62602012933349,6.0,0.5832609978426244,-0.5514635985211053,1.012937574732373,183.8399690976098,2020,162.8
Ghana,34.42366401834449,7.0,0.5377535297201601,-0.5210801582997041,1.012937574732373,140.57177882825889,2020,162.8
Ghana,30.711727965626626,8.0,0.6610288954390505,-0.6152837497772119,1.012937574732373,73.41739973562511,2020,162.8
Ghana,31.140836567507275,9.0,0.6229183614711725,-0.553408726307132,1.012937574732373,177.5843906133961,2020,162.8
Ghana,32.923444749804695,10.0,0.6287117566563585,-0.5826822614936368,1.012937574732373,139.0339733270668,2020,162.8
Ghana,35.725247667509336,11.0,0.503355163131248,-0.5199081000174547,1.012937574732373,37.14508630640768,2020,162.8
Ghana,37.1482055725258,12.0,0.4631019693817028,-0.5035739623521163,1.012937574732373,18.262103118326223,2020,162.8
Guinea,31.998818301703103,1.0,0.430272407583956,-0.4793866866738961,0.3662737043230439,1.766709051027531,2015,347.77
Guinea,37.52697598890698,2.0,0.4170709324631897,-0.4869645138534546,0.3662737043230439,14.162758180061338,2015,347.77
Guinea,40.281120161307136,3.0,0.4313448193120006,-0.4840323097346507,0.3662737043230439,12.634262175138916,2015,347.77
Guinea,40.9359510145799,4.0,0.4396183040392116,-0.4854490382440178,0.3662737043230439,45.74480526686818,2015,347.77
Guinea,35.88290526629415,5.0,0.5731801859996833,-0.5659317471802151,0.3662737043230439,124.65053191819284,2015,347.77
Guinea,30.7769364742976,6.0,0.6132985710885056,-0.5761726751589062,0.3662737043230439,158.9585538342938,2015,347.77
Guinea,27.922395530184097,7.0,0.7040394970099726,-0.6319684725391309,0.3662737043230439,383.2623483802659,2015,347.77
Guinea,25.55984012421801,8.0,0.6935256376934177,-0.6188499368114162,0.3662737043230439,461.4876658363375,2015,347.77
Guinea,26.347820091240084,9.0,0.6709327138813208,-0.6005362590478208,0.3662737043230439,335.50783294222936,2015,347.77
Guinea,26.438433583753486,10.0,0.7161692656831443,-0.6518538959755414,0.3662737043230439,215.9252276356196,2015,347.77
Guinea,31.14040787518636,11.0,0.6742104703550573,-0.6479073916751306,0.3662737043230439,27.6659036555374,2015,347.77
Guinea,29.01971585904844,12.0,0.5308650356249268,-0.5445858460994418,0.3662737043230439,6.154795789364866,2015,347.77
Guinea,34.34593398616975,1.0,0.4825744970878698,-0.5328015093323992,0.3766342592730133,3.4132883518711283,2016,338.65
Guinea,37.55159824259711,2.0,0.4149154957220672,-0.4711532689749719,0.3766342592730133,3.881937778601983,2016,338.65
Guinea,42.39548910371484,3.0,0.4428700896705301,-0.501010470384336,0.3766342592730133,13.947170818895142,2016,338.65
Guinea,40.41897499242326,4.0,0.5081977844179985,-0.5380767623119798,0.3766342592730133,54.42660630488788,2016,338.65
Guinea,32.747424258716435,5.0,0.5560564706739456,-0.5429819483811247,0.3766342592730133,104.84548078218204,2016,338.65
Guinea,29.11725330123108,6.0,0.5804741767410445,-0.5556153075368222,0.3766342592730133,205.1569975233368,2016,338.65
Guinea,26.32298719378605,7.0,0.6675121366114987,-0.6048662660077991,0.3766342592730133,379.6210074264799,2016,338.65
Guinea,28.829501517176737,8.0,0.725148527104535,-0.6456737169983991,0.3766342592730133,394.9528885161645,2016,338.65
Guinea,27.991698820072035,9.0,0.6997451064197098,-0.6256620397879394,0.3766342592730133,398.1747512537779,2016,338.65
Guinea,30.59281563413533,10.0,0.7242625512410281,-0.6603892769979307,0.3766342592730133,158.9373437826493,2016,338.65
Guinea,30.48192491762304,11.0,0.6485310057192545,-0.6255143887166504,0.3766342592730133,45.49900790913794,2016,338.65
Guinea,29.49985101815044,12.0,0.5278770412128493,-0.5471120966796227,0.3766342592730133,5.118842001367429,2016,338.65
Guinea,33.37607349912455,1.0,0.4631950952513064,-0.5154862316013994,0.385725311114644,1.7497134225244224,2017,336.72
Guinea,35.5767176768571,2.0,0.4110981710409307,-0.4684186099452778,0.385725311114644,17.597318763901484,2017,336.72
Guinea,38.75468202577018,3.0,0.4519018205887258,-0.4981050878778701,0.385725311114644,26.76519628036279,2017,336.72
Guinea,40.93970920456074,4.0,0.4866295393654232,-0.5128308971038432,0.385725311114644,38.89865077663234,2017,336.72
Guinea,32.9044664114856,5.0,0.4955349380619846,-0.5078835141564928,0.385725311114644,156.79563718936762,2017,336.72
Guinea,30.515754476552544,6.0,0.6361484895387911,-0.5927172932604255,0.385725311114644,229.78432456233853,2017,336.72
Guinea,26.50348219688943,7.0,0.6416260473504026,-0.5844408379338596,0.385725311114644,302.43283585128165,2017,336.72
Guinea,22.12724300129712,8.0,0.7018386262346097,-0.6247759954731072,0.385725311114644,426.3575302912145,2017,336.72
Guinea,26.34998803746993,9.0,0.7225428219156381,-0.6497465836259693,0.385725311114644,313.62277788522243,2017,336.72
Guinea,32.966201047299684,10.0,0.694231219509603,-0.6431561434808045,0.385725311114644,120.18489254987828,2017,336.72
Guinea,31.5660737123278,11.0,0.5918272394422187,-0.5853575921666018,0.385725311114644,35.54481812355878,2017,336.72
Guinea,31.531651367353483,12.0,0.4898760016801072,-0.5217386883761553,0.385725311114644,4.308731269658146,2017,336.72
Guinea,33.59728192171221,1.0,0.4317383183988901,-0.4912049804045741,0.3959612520388021,1.0586210739617303,2018,283.9
Guinea,35.957016086076635,2.0,0.4050248291525228,-0.466402900088924,0.3959612520388021,9.16948411311816,2018,283.9
Guinea,38.93854824546625,3.0,0.4494829239520277,-0.5002923004214913,0.3959612520388021,33.35432778239085,2018,283.9
Guinea,41.618426314624735,4.0,0.4741933986623797,-0.5100348972050885,0.3959612520388021,39.43297128830598,2018,283.9
Guinea,37.86614640904355,5.0,0.4785343542137969,-0.5104584900875324,0.3959612520388021,68.81018511214897,2018,283.9
Guinea,32.14041089764667,6.0,0.5644480967558505,-0.5502996889465065,0.3959612520388021,209.9635288515006,2018,283.9
Guinea,21.96651035080427,7.0,0.5980129130717421,-0.5475912218947728,0.3959612520388021,351.10389577783144,2018,283.9
Guinea,27.668971448210865,8.0,0.722691740408273,-0.6435831908326753,0.3959612520388021,447.1542933485764,2018,283.9
Guinea,27.58825489163662,9.0,0.737381132865499,-0.6612169952542932,0.3959612520388021,345.392124451086,2018,283.9
Guinea,28.83217229925241,10.0,0.7328403144316147,-0.6699212898242485,0.3959612520388021,216.44119048498948,2018,283.9
Guinea,30.862255401208905,11.0,0.6570564127809388,-0.6324971041464538,0.3959612520388021,44.42754735861866,2018,283.9
Guinea,32.885845557783895,12.0,0.5554137877014728,-0.5800674842557936,0.3959612520388021,4.483059685082312,2018,283.9
Guinea,31.420725823362627,1.0,0.4524892679013099,-0.5013762811334609,0.4158595604680567,1.8109013154320384,2020,319.5
Guinea,38.51842964480068,2.0,0.4069925587768042,-0.4713219205417889,0.4158595604680567,4.076567065850708,2020,319.5
Guinea,42.03243696978464,3.0,0.4258366504339616,-0.4932585969034831,0.4158595604680567,31.344108449859405,2020,319.5
Guinea,38.28356121815592,4.0,0.4837050105949534,-0.5175278259629954,0.4158595604680567,65.96124261639615,2020,319.5
Guinea,36.69055576296936,5.0,0.5749638542460278,-0.5664187616219228,0.4158595604680567,103.10440756921636,2020,319.5
Guinea,31.48645983516405,6.0,0.6214943526121658,-0.5830609889357563,0.4158595604680567,196.5489179755368,2020,319.5
Guinea,26.04729019349557,7.0,0.6634214040667553,-0.6022304701932002,0.4158595604680567,341.3531713109165,2020,319.5
Guinea,29.925746663277085,8.0,0.7055802743479058,-0.6326518754011691,0.4158595604680567,419.6639717780636,2020,319.5
Guinea,29.676385169298445,9.0,0.740716950991697,-0.6651601911448656,0.4158595604680567,361.8154844622349,2020,319.5
Guinea,30.179894653409725,10.0,0.7366741289851615,-0.6751633480513229,0.4158595604680567,144.67645223801475,2020,319.5
Guinea,32.72865535452828,11.0,0.6371543997917088,-0.6326919986180599,0.4158595604680567,13.327594540526825,2020,319.5
Guinea,34.87525618998278,12.0,0.5590296391867757,-0.5843471625393233,0.4158595604680567,7.278554191622755,2020,319.5
Kenya,42.160198665040696,1.0,0.3082652270678053,-0.4258719541750442,0.6892809501109531,5.039545948199926,2015,73.15
Kenya,43.52607480907871,2.0,0.2565907472336042,-0.3931345418635823,0.6892809501109531,11.4436385638563,2015,73.15
Kenya,44.37121082147386,3.0,0.2452095207321091,-0.3789951400207575,0.6892809501109531,42.80982824611107,2015,73.15
Kenya,40.309195806339,4.0,0.33928516338513,-0.4192702718804296,0.6892809501109531,166.40105900656906,2015,73.15
Kenya,39.53412144286199,5.0,0.3851751697829238,-0.4498447510124198,0.6892809501109531,74.272847000702,2015,73.15
Kenya,39.69974843107307,6.0,0.3381872897236007,-0.4297379654149181,0.6892809501109531,29.48893535896065,2015,73.15
Kenya,38.42124372122971,7.0,0.3054658631895061,-0.3995291558241459,0.6892809501109531,22.918445738252583,2015,73.15
Kenya,41.255290866061145,8.0,0.2748956361540817,-0.3999900459621134,0.6892809501109531,15.673769890435018,2015,73.15
Kenya,43.07464543005327,9.0,0.258541533236627,-0.3879262047435354,0.6892809501109531,17.710884949342084,2015,73.15
Kenya,41.3747840140629,10.0,0.2651650241591825,-0.3834679757648152,0.6892809501109531,62.62580768650668,2015,73.15
Kenya,37.94070977843134,11.0,0.3703589865516029,-0.4323375524454537,0.6892809501109531,148.351518987066,2015,73.15
Kenya,37.891533581673045,12.0,0.4597825589581735,-0.4984897684762236,0.6892809501109531,73.66420794912736,2015,73.15
Kenya,39.39756268618538,1.0,0.3816037273239124,-0.4618278829813041,0.7094321378960731,30.93207233092624,2016,71.23
Kenya,43.389516867068,2.0,0.3255658027601362,-0.4342068619582787,0.7094321378960731,13.409183354142847,2016,71.23
Kenya,44.22636711978636,3.0,0.2968154920875552,-0.4084644378414288,0.7094321378960731,33.472961503522626,2016,71.23
Kenya,36.59661185573152,4.0,0.3191578409910587,-0.3902802743890614,0.7094321378960731,151.05898072396366,2016,71.23
Kenya,37.54829673504174,5.0,0.4150897677486483,-0.4661269163256515,0.7094321378960731,63.8649035978824,2016,71.23
Kenya,38.51928312176026,6.0,0.3385863312366039,-0.4186666583401266,0.7094321378960731,24.5911926974027,2016,71.23
Kenya,38.79743442688726,7.0,0.3018596568972238,-0.3973524475507913,0.7094321378960731,22.891575282744743,2016,71.23
Kenya,39.39326397573783,8.0,0.2936775150104821,-0.4026978076686698,0.7094321378960731,19.18452592139048,2016,71.23
Kenya,42.05356889547538,9.0,0.2605376222787012,-0.3857637715140732,0.7094321378960731,16.604879794577275,2016,71.23
Kenya,44.72565985879781,10.0,0.2659218016027166,-0.3964343261784833,0.7094321378960731,28.012356696942494,2016,71.23
Kenya,40.67831014826711,11.0,0.2828541587644974,-0.3772773350591672,0.7094321378960731,101.6179479054871,2016,71.23
Kenya,40.6921737004536,12.0,0.3370647791175875,-0.4266550247511451,0.7094321378960731,29.21471065620001,2016,71.23
Kenya,43.68504105842894,1.0,0.2865675114971943,-0.4135088386394855,0.7321120623512616,11.156646746923547,2017,70.83
Kenya,41.68406016818056,2.0,0.2555354284812022,-0.3859425596751207,0.7321120623512616,26.58286990378437,2017,70.83
Kenya,46.43056794490122,3.0,0.2526765175926482,-0.392263676311394,0.7321120623512616,25.7250840615674,2017,70.83
Kenya,40.53326155851925,4.0,0.2741350987194117,-0.3808882369795179,0.7321120623512616,85.471235089025,2017,70.83
Kenya,41.68667130413907,5.0,0.3217743020396206,-0.419732126659719,0.7321120623512616,75.6976131975523,2017,70.83
Kenya,39.1057224094376,6.0,0.3148055638103996,-0.4092250594639341,0.7321120623512616,21.77956499815883,2017,70.83
Kenya,36.754155426684775,7.0,0.2590935535792439,-0.3660657231144791,0.7321120623512616,44.2398293427945,2017,70.83
Kenya,40.1160937305236,8.0,0.2601941541468625,-0.3790297000727806,0.7321120623512616,34.49588077816353,2017,70.83
Kenya,42.41221479149392,9.0,0.2685090269364052,-0.3964540490044678,0.7321120623512616,28.37660605400564,2017,70.83
Kenya,45.73575790355234,10.0,0.2667566200988799,-0.3968793487563526,0.7321120623512616,65.98809727286822,2017,70.83
Kenya,38.59387780728725,11.0,0.3914885165287301,-0.4561406991752667,0.7321120623512616,104.942717280449,2017,70.83
Kenya,41.21607111929898,12.0,0.3401199207479394,-0.4415293902646535,0.7321120623512616,20.222032591897445,2017,70.83
Kenya,41.16149255921978,1.0,0.274028662049328,-0.4057454110169776,0.7561282200171996,11.65600316143322,2018,70.1
Kenya,42.68636024004966,2.0,0.2500462159920815,-0.38599521277958,0.7561282200171996,13.264072794152332,2018,70.1
Kenya,38.84696989278966,3.0,0.3155256167931333,-0.4142904292285198,0.7561282200171996,153.59860020676663,2018,70.1
Kenya,32.663699181869426,4.0,0.4688684701518525,-0.4896078459721307,0.7561282200171996,239.2753066386967,2018,70.1
Kenya,36.66756337173833,5.0,0.4932315223249288,-0.5164976234739119,0.7561282200171996,110.13524291794128,2018,70.1
Kenya,34.43584255409833,6.0,0.4188189489389357,-0.4717272541731872,0.7561282200171996,50.77295737681866,2018,70.1
Kenya,37.2882301218871,7.0,0.3590841885878471,-0.4449445020540047,0.7561282200171996,29.84786194211914,2018,70.1
Kenya,38.70563096555261,8.0,0.3201963320395233,-0.4228863814527898,0.7561282200171996,27.96716338949703,2018,70.1
Kenya,41.39267046854795,9.0,0.3112173212761582,-0.4222294107199503,0.7561282200171996,18.04220814301832,2018,70.1
Kenya,43.13667293669428,10.0,0.3023876535700037,-0.4157060294800643,0.7561282200171996,56.43217861430093,2018,70.1
Kenya,38.831574452146334,11.0,0.3309036484295831,-0.4155605058072846,0.7561282200171996,55.59438069114551,2018,70.1
Kenya,38.97121650118262,12.0,0.3813054332332463,-0.4462073475430442,0.7561282200171996,117.43463296085925,2018,70.1
Kenya,37.24712257310206,1.0,0.4868511480556508,-0.5232189759173813,0.8061231158083275,53.626512787388265,2020,50.9
Kenya,39.50374969466439,2.0,0.4292938185069253,-0.4852527870158524,0.8061231158083275,26.227285139157807,2020,50.9
Kenya,38.743173557531016,3.0,0.4016718348376485,-0.4558339167699982,0.8061231158083275,124.10319528199165,2020,50.9
Kenya,36.62484638179617,4.0,0.4493249009235784,-0.4807496688997395,0.8061231158083275,215.7604472845984,2020,50.9
Kenya,37.95501442169163,5.0,0.4670499338695565,-0.497726893270394,0.8061231158083275,59.69271500677429,2020,50.9
Kenya,37.66624594654334,6.0,0.3918201167391768,-0.4559602212113559,0.8061231158083275,42.92696687384936,2020,50.9
Kenya,36.53577139497831,7.0,0.3488835611535155,-0.4271742347476385,0.8061231158083275,44.48355948788534,2020,50.9
Kenya,39.165967864098725,8.0,0.3228789614099671,-0.4132738554480957,0.8061231158083275,40.43334534651282,2020,50.9
Kenya,40.04144407409596,9.0,0.3197347252633643,-0.4024246153344059,0.8061231158083275,31.314034732784133,2020,50.9
Kenya,43.02997397338733,10.0,0.3313854671992821,-0.4295516790709787,0.8061231158083275,59.30892915140295,2020,50.9
Kenya,39.01529657005332,11.0,0.4095769188532365,-0.455653154623354,0.8061231158083275,101.0980474731344,2020,50.9
Kenya,39.79141365698627,12.0,0.3937640497247824,-0.4598059669170481,0.8061231158083275,46.14479368765727,2020,50.9
Liberia,26.04585205388802,1.0,0.598873651269187,-0.5564450298167487,0.2705272166848096,18.17224749038866,2015,200.85
Liberia,27.77534340144309,2.0,0.6218049071760303,-0.5503812457643711,0.2705272166848096,67.24068487113585,2015,200.85
Liberia,29.36361123330363,3.0,0.7059470978654396,-0.6372253352256046,0.2705272166848096,118.53321481150118,2015,200.85
Liberia,25.24928319010669,4.0,0.6586033016568695,-0.5884589269283773,0.2705272166848096,141.96861859121782,2015,200.85
Liberia,26.642294063555628,5.0,0.5561641376494162,-0.4960170946363423,0.2705272166848096,221.177287050542,2015,200.85
Liberia,24.120507918895093,6.0,0.5148514911985298,-0.4660622940602728,0.2705272166848096,296.4971099136231,2015,200.85
Liberia,26.834292760115623,7.0,0.6753346950030326,-0.6031820981143571,0.2705272166848096,296.41216274252986,2015,200.85
Liberia,20.35015854158113,8.0,0.6804765167049434,-0.5937678466727215,0.2705272166848096,291.68737780911675,2015,200.85
Liberia,28.018923602442275,9.0,0.6368646394080486,-0.5654394056254339,0.2705272166848096,280.3452220148046,2015,200.85
Liberia,31.15815092105453,10.0,0.7137183691085155,-0.6336678690818227,0.2705272166848096,217.3803049822372,2015,200.85
Liberia,26.8839159495598,11.0,0.6796231243899847,-0.5933992469428956,0.2705272166848096,147.09853938978628,2015,200.85
Liberia,27.441995504075653,12.0,0.6691613453450801,-0.6105234636577781,0.2705272166848096,36.82053611532899,2015,200.85
Liberia,28.70921875959376,1.0,0.6933726486896544,-0.6337130004459903,0.2796862102763832,20.505101322615896,2016,194.75
Liberia,28.13012444447351,2.0,0.5957246084909869,-0.5517360387308917,0.2796862102763832,35.77566272678708,2016,194.75
Liberia,30.62143174637811,3.0,0.6299686534701087,-0.5520342479606026,0.2796862102763832,149.5450559605895,2016,194.75
Liberia,32.16426138412028,4.0,0.7577100022148797,-0.6803269099633349,0.2796862102763832,99.98166262358416,2016,194.75
Liberia,28.11920979722948,5.0,0.6366956295897461,-0.566582918307306,0.2796862102763832,217.2546485087852,2016,194.75
Liberia,15.276468139397489,6.0,0.4529701013503168,-0.4131002620351043,0.2796862102763832,341.1201953874687,2016,194.75
Liberia,26.611958142208152,7.0,0.5837862046780686,-0.5163698554194316,0.2796862102763832,296.12575516491944,2016,194.75
Liberia,27.750380349859057,8.0,0.5836345401663968,-0.5072142967069763,0.2796862102763832,337.31866019384125,2016,194.75
Liberia,28.88880255750996,9.0,0.583482875654725,-0.498058737994521,0.2796862102763832,445.0591452048439,2016,194.75
Liberia,27.245232131296014,10.0,0.6879639654820401,-0.5711536039804647,0.2796862102763832,283.58255728218575,2016,194.75
Liberia,28.88111295331221,11.0,0.6130195890899908,-0.5373048309025119,0.2796862102763832,182.27031112392035,2016,194.75
Liberia,26.185341202760373,12.0,0.6621740635042179,-0.6077615430377538,0.2796862102763832,54.90798201293477,2016,194.75
Liberia,27.06558048417019,1.0,0.6309142558904568,-0.5789096284833647,0.2858005275217001,37.26680609094474,2017,192.59
Liberia,19.8056816532929,2.0,0.6264377246584424,-0.5820604656388092,0.2858005275217001,98.67319036964544,2017,192.59
Liberia,28.45799912398934,3.0,0.6524958541722842,-0.5853467713871131,0.2858005275217001,116.23898641700043,2017,192.59
Liberia,27.06020962728628,4.0,0.6690444810237494,-0.6000009074580972,0.2858005275217001,125.0395523159185,2017,192.59
Liberia,22.927094549980904,5.0,0.6253340323328636,-0.5562732324992827,0.2858005275217001,239.8685385048894,2017,192.59
Liberia,28.75628313925642,6.0,0.6746549418558835,-0.5962611306209146,0.2858005275217001,451.0507139939642,2017,192.59
Liberia,27.83020459487452,7.0,0.638238602700744,-0.5639198253849669,0.2858005275217001,289.37579314738423,2017,192.59
Liberia,26.229046545904456,8.0,0.6062380598051876,-0.5020554240533733,0.2858005275217001,314.6085457418371,2017,192.59
Liberia,22.89825989534148,9.0,0.6621849961366562,-0.5737554496886849,0.2858005275217001,407.3575727108365,2017,192.59
Liberia,27.8079648836298,10.0,0.6368205476374058,-0.5597835124601277,0.2858005275217001,265.54905654952364,2017,192.59
Liberia,26.704722780712608,11.0,0.6299097423965209,-0.5613225418915868,0.2858005275217001,158.2579186971356,2017,192.59
Liberia,24.717318621783544,12.0,0.567389232644158,-0.52789259601658,0.2858005275217001,37.43528618964693,2017,192.59
Liberia,27.7857452744326,1.0,0.6571227912039002,-0.6053324519381299,0.2983004633944489,14.368885352066355,2018,361.5
Liberia,29.45350916647893,2.0,0.6190330813563492,-0.5746289953877508,0.2983004633944489,32.88103716143734,2018,361.5
Liberia,28.509405926642,3.0,0.6570297738491954,-0.5885557483862676,0.2983004633944489,171.11839230363495,2018,361.5
Liberia,30.097752960672853,4.0,0.6295433775231336,-0.5621851297131368,0.2983004633944489,157.98529021729132,2018,361.5
Liberia,28.48354642865404,5.0,0.6008126516547226,-0.5283520067693576,0.2983004633944489,223.8966601086497,2018,361.5
Liberia,24.989384875959047,6.0,0.6373027402775899,-0.5698005827165246,0.2983004633944489,381.61746776661977,2018,361.5
Liberia,28.24026063410304,7.0,0.4567232398056364,-0.3809748122462803,0.2983004633944489,285.63733533912654,2018,361.5
Liberia,27.078105957046432,8.0,0.5810405533340902,-0.5043101435734688,0.2983004633944489,316.8701256152783,2018,361.5
Liberia,25.49747495485876,9.0,0.6448878569663359,-0.5712908506563142,0.2983004633944489,423.258990755671,2018,361.5
Liberia,29.907514627016013,10.0,0.6964005282493198,-0.6232839036448032,0.2983004633944489,303.7737184381637,2018,361.5
Liberia,26.095230872563143,11.0,0.695652425764029,-0.6156417241792578,0.2983004633944489,168.00146295483847,2018,361.5
Liberia,27.75953349252995,12.0,0.682558412486906,-0.6227289544621984,0.2983004633944489,60.69459593508172,2018,361.5
Liberia,27.172194269708385,1.0,0.6466721791436844,-0.6069212107730254,0.3033299866820808,16.37727669789217,2020,358.0
Liberia,28.62744662167732,2.0,0.625588969842256,-0.5740704684502258,0.3033299866820808,44.13256174966744,2020,358.0
Liberia,26.842896113402272,3.0,0.5553337877698002,-0.4970091185837125,0.3033299866820808,214.48476272434377,2020,358.0
Liberia,30.368825648778063,4.0,0.7064754694059648,-0.6295944462335539,0.3033299866820808,197.30463878447503,2020,358.0
Liberia,29.66262935804871,5.0,0.7660135692940103,-0.687687477531557,0.3033299866820808,245.10552632187145,2020,358.0
Liberia,29.53670647275852,6.0,0.7082684950338974,-0.6424082495714016,0.3033299866820808,362.9291625251845,2020,358.0
Liberia,24.719720999018687,7.0,0.6449624430685582,-0.5787474559816324,0.3033299866820808,260.84914085100945,2020,358.0
Liberia,25.64862161152544,8.0,0.6360325285517004,-0.5654667984928641,0.3033299866820808,222.8577318542689,2020,358.0
Liberia,29.7895385203306,9.0,0.7030092107193802,-0.6179043597199663,0.3033299866820808,387.05134360978286,2020,358.0
Liberia,28.08755004495518,10.0,0.7097570541218362,-0.624366780924258,0.3033299866820808,277.52987471063864,2020,358.0
Liberia,27.746051366768025,11.0,0.7163016707411598,-0.6366108598132658,0.3033299866820808,102.79540938213238,2020,358.0
Liberia,28.295115208026445,12.0,0.6814846138430626,-0.6040004763239241,0.3033299866820808,83.47710737764783,2020,358.0
Madagascar,26.730927908525903,1.0,0.5110580916410636,-0.5123905748194311,0.3533844348839771,447.1202546503365,2015,117.2
Madagascar,31.81962720072724,2.0,0.5849548751738124,-0.5691988704150293,0.3533844348839771,379.5874155117972,2015,117.2
Madagascar,33.22491671580646,3.0,0.6097660744701754,-0.604014253308784,0.3533844348839771,204.2651230123913,2015,117.2
Madagascar,32.43026210554889,4.0,0.5836191686981232,-0.5981762046953428,0.3533844348839771,36.74962990552848,2015,117.2
Madagascar,30.267676906248266,5.0,0.5496992657728623,-0.5947925062596091,0.3533844348839771,47.07761416880152,2015,117.2
Madagascar,27.71596617121746,6.0,0.4871446996908993,-0.5719548974575516,0.3533844348839771,33.04618994968903,2015,117.2
Madagascar,27.775722183145906,7.0,0.4658095343495507,-0.5544385824183088,0.3533844348839771,24.92676207977268,2015,117.2
Madagascar,30.91154915017588,8.0,0.3971418924155652,-0.5002251058215204,0.3533844348839771,24.59911001707705,2015,117.2
Madagascar,36.939056116334406,9.0,0.4115338438743927,-0.5043171605892592,0.3533844348839771,23.0724734659542,2015,117.2
Madagascar,40.216796426010426,10.0,0.3554185514328363,-0.4557613865857919,0.3533844348839771,49.16324740213328,2015,117.2
Madagascar,39.02315882427396,11.0,0.413271883116771,-0.4771252336644587,0.3533844348839771,70.56739413560044,2015,117.2
Madagascar,38.14555668089296,12.0,0.4676571084678853,-0.5032759546502764,0.3533844348839771,227.54585254596395,2015,117.2
Madagascar,34.81134740825247,1.0,0.5398105552225803,-0.5456922854646361,0.365450923150188,282.7312582146346,2016,67.97
Madagascar,33.566657203106274,2.0,0.5360236877929889,-0.546456898621827,0.365450923150188,267.05424949870684,2016,67.97
Madagascar,33.32611834133196,3.0,0.6031181376993778,-0.5929577009033482,0.365450923150188,273.1364338178288,2016,67.97
Madagascar,32.6485314763778,4.0,0.5959013747860166,-0.6141282715612135,0.365450923150188,43.950355686954005,2016,67.97
Madagascar,30.24269935994268,5.0,0.514647774737996,-0.5804987502558562,0.365450923150188,31.4702713289364,2016,67.97
Madagascar,27.640603484223583,6.0,0.4652724147731804,-0.5507675348088092,0.365450923150188,33.491354238057944,2016,67.97
Madagascar,27.78344520720947,7.0,0.4427387215649305,-0.537217453434938,0.365450923150188,27.207208024527507,2016,67.97
Madagascar,31.77832721564928,8.0,0.3947555425729237,-0.4990629250040809,0.365450923150188,25.51707491806044,2016,67.97
Madagascar,37.33937678213249,9.0,0.3589579535617751,-0.466845144334735,0.365450923150188,18.48519105822905,2016,67.97
Madagascar,40.86131480437304,10.0,0.3350582811358017,-0.4376282618216778,0.365450923150188,39.4474477274233,2016,67.97
Madagascar,39.665587679158605,11.0,0.3873299351274418,-0.4668625213704948,0.365450923150188,82.62312536514416,2016,67.97
Madagascar,38.13664988478915,12.0,0.4361949962685983,-0.4880822883048711,0.365450923150188,118.78454491249852,2016,67.97
Madagascar,35.97357385478745,1.0,0.5150281539709611,-0.5386185775151769,0.377733254602756,214.6899300720117,2017,90.9
Madagascar,34.184113495743546,2.0,0.5732221379516363,-0.56968826702359,0.377733254602756,220.8734509725533,2017,90.9
Madagascar,31.44386715639355,3.0,0.5852840148853867,-0.5867128624466045,0.377733254602756,328.281690942339,2017,90.9
Madagascar,32.33839242261085,4.0,0.557789849733925,-0.5792767011728025,0.377733254602756,96.89988897929491,2017,90.9
Madagascar,31.009666811169566,5.0,0.5473004132710334,-0.5959393618385724,0.377733254602756,43.304381596935485,2017,90.9
Madagascar,28.73278019383075,6.0,0.4904029377870855,-0.5710667483018443,0.377733254602756,45.98867508060779,2017,90.9
Madagascar,28.21122906878617,7.0,0.455480853474177,-0.5454312315593502,0.377733254602756,34.63442813739001,2017,90.9
Madagascar,32.73183779659955,8.0,0.3843425240286707,-0.5023746941478469,0.377733254602756,24.67684443544227,2017,90.9
Madagascar,36.35293981804568,9.0,0.3743613082088378,-0.4784379635947453,0.377733254602756,23.85882113572421,2017,90.9
Madagascar,42.88613720459777,10.0,0.3448752441361165,-0.4472666882064611,0.377733254602756,38.09198040286736,2017,90.9
Madagascar,39.485883826131975,11.0,0.3278503559961054,-0.4301313971689859,0.377733254602756,110.18965041162444,2017,90.9
Madagascar,37.248115386303,12.0,0.4562362008965521,-0.4956762085220345,0.377733254602756,251.9851168229317,2017,90.9
Madagascar,34.270704474245065,1.0,0.5104887075097034,-0.5277444323321129,0.3909770938966769,374.0058439548451,2018,82.4
Madagascar,33.54921345795837,2.0,0.5689779968807246,-0.5691816213275221,0.3909770938966769,274.7299491818861,2018,82.4
Madagascar,33.11270353490276,3.0,0.5688977486857808,-0.5745656640475566,0.3909770938966769,267.92083270342886,2018,82.4
Madagascar,31.7649884694734,4.0,0.5524282384562393,-0.5845832260829045,0.3909770938966769,111.60097237455328,2018,82.4
Madagascar,29.90764309663312,5.0,0.5464878568591782,-0.5965061541118478,0.3909770938966769,42.56375744010008,2018,82.4
Madagascar,28.28352503137716,6.0,0.4675333086174361,-0.5567744150245952,0.3909770938966769,30.70479042882895,2018,82.4
Madagascar,28.056872614237843,7.0,0.4396991032726356,-0.5363116206244096,0.3909770938966769,30.730333196441407,2018,82.4
Madagascar,31.2923636459486,8.0,0.4223835004409171,-0.5165587743335277,0.3909770938966769,23.15976035810484,2018,82.4
Madagascar,37.39617702739476,9.0,0.3652782306636334,-0.4709088502926001,0.3909770938966769,25.906096650819062,2018,82.4
Madagascar,38.7930067399378,10.0,0.3889864879742479,-0.4765720152797607,0.3909770938966769,36.04234390246291,2018,82.4
Madagascar,40.836714884892565,11.0,0.3728035211693421,-0.4567410112615134,0.3909770938966769,83.86430270775676,2018,82.4
Madagascar,39.24266347308565,12.0,0.4618030990698294,-0.5077364974130371,0.3909770938966769,194.97601800327703,2018,82.4
Madagascar,33.93407532334052,1.0,0.5024129599865504,-0.513897898694809,0.4200581441953492,343.6444632545382,2020,133.5
Madagascar,35.82650601531005,2.0,0.5432888992090142,-0.5597470438855838,0.4200581441953492,232.24981289860847,2020,133.5
Madagascar,32.87387156468071,3.0,0.578557633545753,-0.5837044404275136,0.4200581441953492,178.17835920895703,2020,133.5
Madagascar,33.41109606603217,4.0,0.5478355072013376,-0.5793721616244412,0.4200581441953492,66.19115619660506,2020,133.5
Madagascar,30.200246361558925,5.0,0.5094863014137021,-0.5729939361700237,0.4200581441953492,41.34375244023384,2020,133.5
Madagascar,28.643776558767613,6.0,0.4436167165843308,-0.547803537174037,0.4200581441953492,38.62383219211919,2020,133.5
Madagascar,28.36265564636033,7.0,0.42451934228467,-0.5285654265386681,0.4200581441953492,31.81489806777412,2020,133.5
Madagascar,31.785818443548848,8.0,0.39830301073324,-0.500001350163365,0.4200581441953492,22.92970927139753,2020,133.5
Madagascar,38.01959889293857,9.0,0.3427063746531048,-0.4592556824182368,0.4200581441953492,21.12052508641103,2020,133.5
Madagascar,41.43681598762451,10.0,0.3662633825431626,-0.4630106753666845,0.4200581441953492,43.74253108316578,2020,133.5
Madagascar,44.58258386068628,11.0,0.3716990010049585,-0.462659123080792,0.4200581441953492,57.69429903471428,2020,133.5
Madagascar,37.52727096014941,12.0,0.3821928407868579,-0.4533446040499992,0.4200581441953492,167.31699205404007,2020,133.5
Malawi,29.536425527943287,1.0,0.5267928979787819,-0.4331471086910149,1.3612029281516602,260.64582055553194,2015,233.45
Malawi,29.16175054555128,2.0,0.6233837584620039,-0.4656543209578174,1.3612029281516602,179.22471318328286,2015,233.45
Malawi,29.72480179303228,3.0,0.6369721746028351,-0.444769098401398,1.3612029281516602,116.25648271228562,2015,233.45
Malawi,28.86576451821824,4.0,0.5896539731454707,-0.5054418365585338,1.3612029281516602,125.75327844082216,2015,233.45
Malawi,30.313398959361244,5.0,0.5602005510417412,-0.5593216044707587,1.3612029281516602,20.09042496037807,2015,233.45
Malawi,28.76791206581484,6.0,0.494059140455903,-0.5273557071060426,1.3612029281516602,2.913662278132649,2015,233.45
Malawi,29.76272483542812,7.0,0.4161253643947606,-0.5057270264902503,1.3612029281516602,4.318324199104525,2015,233.45
Malawi,31.315387297352416,8.0,0.3242314861240615,-0.3698117727643436,1.3612029281516602,3.048345432915736,2015,233.45
Malawi,36.99018290945145,9.0,0.3044718257353693,-0.3824312858037939,1.3612029281516602,2.7445890998726368,2015,233.45
Malawi,39.65857512149608,10.0,0.2888482574655845,-0.3053341032280184,1.3612029281516602,10.39008000952365,2015,233.45
Malawi,43.94728962117029,11.0,0.320802700293317,-0.3170458524154924,1.3612029281516602,47.61580244184231,2015,233.45
Malawi,38.096191525469344,12.0,0.3637565057126894,-0.2908748190398313,1.3612029281516602,167.9523387990626,2015,233.45
Malawi,37.74625445116967,1.0,0.50708065522458,-0.4249811168998472,1.4014838164677916,219.45269316243096,2016,233.45
Malawi,28.887236506252066,2.0,0.6440173424372493,-0.4283843971686124,1.4014838164677916,153.34916841786577,2016,233.45
Malawi,30.8252246226268,3.0,0.6439282250224116,-0.5199766011639345,1.4014838164677916,184.53602916907928,2016,233.45
Malawi,31.34101127648488,4.0,0.6037265097188946,-0.5517445263016466,1.4014838164677916,93.9485007156833,2016,233.45
Malawi,28.73026009568736,5.0,0.4960733262292326,-0.5021669851992281,1.4014838164677916,24.05935960965483,2016,233.45
Malawi,28.2511110501143,6.0,0.4556953555746014,-0.5076601169636481,1.4014838164677916,3.4532035167255724,2016,233.45
Malawi,29.09757417673666,7.0,0.3847842880320729,-0.4507771971628611,1.4014838164677916,5.205281983716767,2016,233.45
Malawi,29.676092301788167,8.0,0.2631031452784402,-0.295060288761797,1.4014838164677916,3.679427493273609,2016,233.45
Malawi,36.58083451741916,9.0,0.2878067746046477,-0.3170866674700177,1.4014838164677916,2.28952339986545,2016,233.45
Malawi,42.35677174957121,10.0,0.2716439328303101,-0.3126845358381446,1.4014838164677916,15.050905409402496,2016,233.45
Malawi,41.92785205749878,11.0,0.302587141648764,-0.2445231160364734,1.4014838164677916,48.12408507018464,2016,233.45
Malawi,36.69129289688882,12.0,0.4020175631796894,-0.2862371973645268,1.4014838164677916,154.44467536628284,2016,233.45
Malawi,28.47759290515752,1.0,0.5235622786033447,-0.4156569514368757,1.437668139873734,230.6772804380184,2017,231.1
Malawi,30.01359302023302,2.0,0.5952387844947011,-0.5088904660032414,1.437668139873734,278.7583014377323,2017,231.1
Malawi,27.813884553329068,3.0,0.5970724937869301,-0.4868990440756858,1.437668139873734,170.26327264410537,2017,231.1
Malawi,28.6799520822169,4.0,0.617663262672898,-0.5550637069565955,1.437668139873734,110.63990239509404,2017,231.1
Malawi,29.410741824512083,5.0,0.5643821039959072,-0.544670818455276,1.437668139873734,31.358549033569044,2017,231.1
Malawi,27.328753028654194,6.0,0.4852804016076718,-0.5094525447576831,1.437668139873734,3.123236761530048,2017,231.1
Malawi,28.16321422845499,7.0,0.4090491135914765,-0.4411496700532662,1.437668139873734,5.034838040593951,2017,231.1
Malawi,31.572722324638008,8.0,0.3494375465857065,-0.4144003166683834,1.437668139873734,3.6132177640627128,2017,231.1
Malawi,36.35565952260396,9.0,0.288801748089055,-0.3310380541844211,1.437668139873734,2.549436941428802,2017,231.1
Malawi,42.58770476111165,10.0,0.2872876201218045,-0.3086457412220988,1.437668139873734,12.168919565121085,2017,231.1
Malawi,41.07716463272812,11.0,0.3241086425151984,-0.3121222618588994,1.437668139873734,113.97107271629008,2017,231.1
Malawi,32.896097852138205,12.0,0.4467976742730301,-0.4322955781354988,1.437668139873734,225.5313204321164,2017,231.1
Malawi,28.3469619107116,1.0,0.5673060505029712,-0.4437942747760786,1.484074177268493,161.93397177771172,2018,213.6
Malawi,29.52634996443373,2.0,0.5914860741715758,-0.4360694841862745,1.484074177268493,197.0712127552686,2018,213.6
Malawi,27.68098177550108,3.0,0.5955909863584282,-0.4212113409827024,1.484074177268493,217.5392751667825,2018,213.6
Malawi,28.9819705510263,4.0,0.6176372152765777,-0.5909586998287473,1.484074177268493,127.19720428691848,2018,213.6
Malawi,29.263684112074703,5.0,0.556858972681715,-0.4975865276678665,1.484074177268493,27.0156269329582,2018,213.6
Malawi,28.09599347920853,6.0,0.4619119505892234,-0.4870790232782204,1.484074177268493,2.6693815331579382,2018,213.6
Malawi,28.60860030953957,7.0,0.4239121443622281,-0.4610055695075477,1.484074177268493,11.100520041103104,2018,213.6
Malawi,31.48394385090855,8.0,0.3321641788970775,-0.39216786408034,1.484074177268493,4.078943864393046,2018,213.6
Malawi,37.01752882460736,9.0,0.3254606208647745,-0.3407276021548019,1.484074177268493,3.1139201534189693,2018,213.6
Malawi,38.10646321207104,10.0,0.2840624730716128,-0.2793216018952953,1.484074177268493,17.256056682513485,2018,213.6
Malawi,40.58138733823409,11.0,0.2887858534401912,-0.2864183699296172,1.484074177268493,62.596471287056666,2018,213.6
Malawi,37.33426314011005,12.0,0.44539871343527,-0.3844192008286191,1.484074177268493,260.5215342136133,2018,213.6
Malawi,29.010413724385987,1.0,0.5983969305240502,-0.523223271117497,1.5778421894417651,287.4734797286034,2020,228.5
Malawi,27.704250749788265,2.0,0.6274209426710188,-0.4302529174394511,1.5778421894417651,212.2614467489538,2020,228.5
Malawi,29.36863028463024,3.0,0.5822513798039772,-0.4735840316157029,1.5778421894417651,154.55024060404682,2020,228.5
Malawi,31.710620960753104,4.0,0.5534932396470715,-0.5131834751153515,1.5778421894417651,52.77078802028865,2020,228.5
Malawi,29.190233255577944,5.0,0.5078225764041512,-0.5386977468394184,1.5778421894417651,20.201394112923182,2020,228.5
Malawi,28.658016410826427,6.0,0.4446659086377285,-0.4882874877849141,1.5778421894417651,10.12455580929372,2020,228.5
Malawi,27.66359039595181,7.0,0.3710070628889814,-0.4251006402235268,1.5778421894417651,6.487177244568007,2020,228.5
Malawi,31.350776751015587,8.0,0.3181957559781994,-0.3231376532991294,1.5778421894417651,2.35789125248731,2020,228.5
Malawi,36.89057936910013,9.0,0.2856408282540769,-0.3352519896526891,1.5778421894417651,2.561128683625409,2020,228.5
Malawi,40.88439410007837,10.0,0.2986065261091254,-0.2743693312648155,1.5778421894417651,22.8397898583516,2020,228.5
Malawi,44.966286066124624,11.0,0.3429574342195271,-0.3588140066745414,1.5778421894417651,22.61490559232228,2020,228.5
Malawi,14.116802430848695,12.0,0.3480320264257503,-0.2581684756615384,1.5778421894417651,201.1150184660528,2020,228.5
Mali,29.40207985374683,1.0,0.1517451122170205,-0.3151725308626816,0.1150254060674003,0.3516446504754962,2015,391.18
Mali,38.14458889803858,2.0,0.1444155288677566,-0.321110177130865,0.1150254060674003,0.2420747143720279,2015,391.18
Mali,39.1945932091398,3.0,0.1347027870777049,-0.304715571091576,0.1150254060674003,0.7591474126617905,2015,391.18
Mali,46.94010973986166,4.0,0.1384254579947042,-0.3106145250289923,0.1150254060674003,1.7113933068787606,2015,391.18
Mali,49.52506536401252,5.0,0.1381481104831755,-0.3121905303380228,0.1150254060674003,9.206213288577636,2015,391.18
Mali,44.500763473798855,6.0,0.1533319959279476,-0.3124046470255295,0.1150254060674003,28.67730740967159,2015,391.18
Mali,43.17663413708304,7.0,0.1666859107078411,-0.323541450949429,0.1150254060674003,82.86381697845077,2015,391.18
Mali,38.96482798376143,8.0,0.2191139248952559,-0.3467433414172133,0.1150254060674003,123.65314423929703,2015,391.18
Mali,40.26245829313167,9.0,0.2447282565975979,-0.3649480924535215,0.1150254060674003,75.19701582519612,2015,391.18
Mali,43.13395324572101,10.0,0.2242548693330456,-0.3625169292379221,0.1150254060674003,19.00674538677581,2015,391.18
Mali,38.02521335939385,11.0,0.2023808061455666,-0.3563756695354296,0.1150254060674003,0.8053830125774287,2015,391.18
Mali,30.12898442627014,12.0,0.1650228588524301,-0.3258841692436817,0.1150254060674003,0.6515404326826545,2015,391.18
Mali,31.455046059843934,1.0,0.1604947874615194,-0.3267219191982826,0.1198193080419502,0.4327402447367282,2016,383.59
Mali,33.94836448474402,2.0,0.1468507640959563,-0.3142296406941088,0.1198193080419502,0.546806091867792,2016,383.59
Mali,41.3116063694326,3.0,0.1451707387662303,-0.3184097165105655,0.1198193080419502,0.5840923951059099,2016,383.59
Mali,48.978384446454704,4.0,0.1467601561199754,-0.3194352542524669,0.1198193080419502,4.639583399962832,2016,383.59
Mali,47.36507932645261,5.0,0.1480842325869308,-0.3113276260910909,0.1198193080419502,12.365074879258646,2016,383.59
Mali,45.16320307480285,6.0,0.1509608192532356,-0.3115751686311642,0.1198193080419502,35.60951902106274,2016,383.59
Mali,42.81401294947024,7.0,0.1822836173746357,-0.3319859472370052,0.1198193080419502,88.83596021051099,2016,383.59
Mali,40.265029024989246,8.0,0.2115104728640744,-0.3449446066488075,0.1198193080419502,105.9844534464086,2016,383.59
Mali,42.754374751835975,9.0,0.2563555715673656,-0.3798847651804243,0.1198193080419502,54.48005478241949,2016,383.59
Mali,44.28756658118477,10.0,0.2265632567750341,-0.3673876476029633,0.1198193080419502,11.181109258589975,2016,383.59
Mali,38.364993590528165,11.0,0.1902015487800059,-0.3429216793512065,0.1198193080419502,1.4203935252329662,2016,383.59
Mali,33.26196498690172,12.0,0.1668387123300756,-0.3300917932764043,0.1198193080419502,0.6542572000887114,2016,383.59
Mali,31.449006037514668,1.0,0.1573033098917318,-0.3279216106695115,0.1244771985695526,0.1887871176571779,2017,386.16
Mali,35.495201439507085,2.0,0.1447538773673203,-0.3137302331495005,0.1244771985695526,0.3334537939733836,2017,386.16
Mali,43.65922816824924,3.0,0.1451797106146884,-0.3203338558423834,0.1244771985695526,0.5174752053087806,2017,386.16
Mali,47.30160751752182,4.0,0.1448820020750347,-0.315419470503794,0.1244771985695526,2.524924863380971,2017,386.16
Mali,47.11671648272813,5.0,0.1487848598157038,-0.3113264332437658,0.1244771985695526,19.819239419193,2017,386.16
Mali,44.20313412497787,6.0,0.1694862161229167,-0.3199872864104469,0.1244771985695526,32.69662889651949,2017,386.16
Mali,42.24790466135552,7.0,0.1805150303941063,-0.3282687351861396,0.1244771985695526,85.66852188560523,2017,386.16
Mali,40.03706919081358,8.0,0.2046847888311551,-0.343041132764661,0.1244771985695526,100.59374163368328,2017,386.16
Mali,44.14967659627715,9.0,0.2419226755572769,-0.3704817249066226,0.1244771985695526,50.62891914013997,2017,386.16
Mali,43.78833939307757,10.0,0.2160984837073557,-0.3616450250375358,0.1244771985695526,6.281236180625097,2017,386.16
Mali,37.51627280099803,11.0,0.1738048513624023,-0.3367685888117583,0.1244771985695526,0.6578273167810502,2017,386.16
Mali,31.53557578680971,12.0,0.153977502742593,-0.3192779986248595,0.1244771985695526,0.3860099082710543,2017,386.16
Mali,31.1812721168381,1.0,0.1437662600828836,-0.3119544807190768,0.1295908194926202,0.2404891520798542,2018,386.8
Mali,34.39379183523872,2.0,0.1478988001948882,-0.3158062611649523,0.1295908194926202,0.5590364257177453,2018,386.8
Mali,43.84806413573449,3.0,0.1403216011294549,-0.3168403903497075,0.1295908194926202,1.4987444906787877,2018,386.8
Mali,48.95211678162189,4.0,0.1432124438707163,-0.3185579067747734,0.1295908194926202,1.8299367632742751,2018,386.8
Mali,47.7379323753035,5.0,0.1446822455865166,-0.3152097253179623,0.1295908194926202,11.235611411368987,2018,386.8
Mali,42.432195282646994,6.0,0.1499923248943421,-0.3070618202271709,0.1295908194926202,36.51205364770897,2018,386.8
Mali,40.73596540244176,7.0,0.1815346592476766,-0.3262380579516546,0.1295908194926202,78.13049116703823,2018,386.8
Mali,38.375441899629344,8.0,0.2106756646809643,-0.3418148276604654,0.1295908194926202,142.44981732936083,2018,386.8
Mali,39.41091176483432,9.0,0.2550811686781474,-0.3737512633650111,0.1295908194926202,71.0391707464728,2018,386.8
Mali,43.60012138840597,10.0,0.2284533030635497,-0.3684787404331897,0.1295908194926202,15.029408940889612,2018,386.8
Mali,37.65720274887332,11.0,0.1894969271002723,-0.3459201406933693,0.1295908194926202,0.6104632742700098,2018,386.8
Mali,33.613204974324944,12.0,0.1705877659309496,-0.3364307662880176,0.1295908194926202,0.5127367843148722,2018,386.8
Mali,30.5935369882734,1.0,0.1565190464754528,-0.3222015461785871,0.1406085459319739,0.2755978210360172,2020,
Mali,36.616093662503744,2.0,0.1466084726647067,-0.3161796752443075,0.1406085459319739,0.5019069113759611,2020,
Mali,41.55883192510146,3.0,0.1422818738111197,-0.3157391248209916,0.1406085459319739,1.1916325500841016,2020,
Mali,47.58860749764835,4.0,0.1436775611721961,-0.3155021276135889,0.1406085459319739,3.777845458492765,2020,
Mali,47.88357072597112,5.0,0.1471062774280026,-0.3146884244842328,0.1406085459319739,12.146886120051454,2020,
Mali,42.124924294446856,6.0,0.1607279751148958,-0.3097240216760103,0.1406085459319739,36.9916202961525,2020,
Mali,41.04531883830922,7.0,0.1758198196901347,-0.3268162760623754,0.1406085459319739,87.90302905300126,2020,
Mali,41.01228723263928,8.0,0.215716857439826,-0.3462923267984595,0.1406085459319739,126.19126042120952,2020,
Mali,44.23928337356469,9.0,0.2563481020519921,-0.3791613716516419,0.1406085459319739,73.48858819860538,2020,
Mali,44.2462764337766,10.0,0.2529097715867213,-0.3864968106850592,0.1406085459319739,20.92501733004119,2020,
Mali,37.574149467193344,11.0,0.2001189512441784,-0.3581179958000995,0.1406085459319739,0.2918149768656056,2020,
Mali,36.00704302499613,12.0,0.1836793313209923,-0.3487413032783325,0.1406085459319739,0.310376103166829,2020,
Mozambique,29.966215901023563,1.0,0.6313547694655929,-0.5718777577972697,0.2585047536599414,236.84021170199773,2015,339.02
Mozambique,27.731665432976826,2.0,0.6838457131010099,-0.6112491383641253,0.2585047536599414,183.5793630293548,2015,339.02
Mozambique,32.60165789523734,3.0,0.6517971270997577,-0.605072628284304,0.2585047536599414,133.04925861637545,2015,339.02
Mozambique,30.175065360681742,4.0,0.6675218937331625,-0.6242753967363636,0.2585047536599414,45.27913423801184,2015,339.02
Mozambique,29.893412125810297,5.0,0.6452331826399926,-0.63281367023986,0.2585047536599414,15.759193233877616,2015,339.02
Mozambique,27.990892726299013,6.0,0.5762954023740191,-0.602261377106329,0.2585047536599414,10.678678218285905,2015,339.02
Mozambique,28.744937529580287,7.0,0.5076702155135948,-0.5594649647995583,0.2585047536599414,14.729810414205588,2015,339.02
Mozambique,32.37609290051525,8.0,0.4295734182627732,-0.5077802824210746,0.2585047536599414,9.315315029242685,2015,339.02
Mozambique,40.56835558415164,9.0,0.3467161201515624,-0.4330085431791426,0.2585047536599414,10.41889733748362,2015,339.02
Mozambique,46.22038822290106,10.0,0.3468214939836828,-0.4345600892224302,0.2585047536599414,11.725345242033685,2015,339.02
Mozambique,45.99211120516776,11.0,0.3866869139456517,-0.4518427324509772,0.2585047536599414,44.74675599976611,2015,339.02
Mozambique,39.81598333311008,12.0,0.4732938858033241,-0.4905398151831432,0.2585047536599414,131.23337149269204,2015,339.02
Mozambique,35.15796598151793,1.0,0.5907975278130031,-0.5649270753747986,0.2671616412824992,197.71428971680533,2016,338.3
Mozambique,35.316384758398584,2.0,0.6374349386415253,-0.594825212428896,0.2671616412824992,126.1801321483774,2016,338.3
Mozambique,31.80385837029867,3.0,0.6490049823521526,-0.6047510680785804,0.2671616412824992,183.354775882773,2016,338.3
Mozambique,31.36842219961282,4.0,0.6409175720650322,-0.605528203481644,0.2671616412824992,61.45088483295735,2016,338.3
Mozambique,28.9836338870066,5.0,0.6134773835940882,-0.6108789044019834,0.2671616412824992,23.04098908685608,2016,338.3
Mozambique,27.785928766469645,6.0,0.5868483785910755,-0.6079806670091632,0.2671616412824992,13.502344579056135,2016,338.3
Mozambique,28.76807199930627,7.0,0.5032161564839931,-0.5510378882256546,0.2671616412824992,16.22373954562976,2016,338.3
Mozambique,32.98585162969874,8.0,0.4181068020335395,-0.4949528389394412,0.2671616412824992,9.434413507158329,2016,338.3
Mozambique,39.97955497561887,9.0,0.351965718832635,-0.4453731464507057,0.2671616412824992,7.763082039796473,2016,338.3
Mozambique,47.103823193533,10.0,0.3283453617133238,-0.4273643827302247,0.2671616412824992,17.451459282416657,2016,338.3
Mozambique,47.51795825341683,11.0,0.3574391603995994,-0.4424326729375493,0.2671616412824992,75.10834232110787,2016,338.3
Mozambique,39.32438100939605,12.0,0.4905220157444585,-0.4967033961046878,0.2671616412824992,173.00615520424043,2016,338.3
Mozambique,34.631076599285976,1.0,0.6537094758138803,-0.6066402640170052,0.277133051990529,270.848288765723,2017,337.92
Mozambique,31.182496671850384,2.0,0.6661654377340437,-0.605722425655402,0.277133051990529,219.10723433181377,2017,337.92
Mozambique,28.48386790717581,3.0,0.680023077777705,-0.6230239496709677,0.277133051990529,171.6819385626338,2017,337.92
Mozambique,28.287002156451432,4.0,0.6603817230861219,-0.6170448206139804,0.277133051990529,69.1124029745648,2017,337.92
Mozambique,28.632630180072063,5.0,0.6703632102820873,-0.6412436333112362,0.277133051990529,25.46484505346973,2017,337.92
Mozambique,26.86299821314212,6.0,0.619654802681339,-0.620360528804496,0.277133051990529,14.028913972726665,2017,337.92
Mozambique,28.24477286581164,7.0,0.5603375560027296,-0.5899994568647535,0.277133051990529,16.764274359811502,2017,337.92
Mozambique,31.192689298863275,8.0,0.4714127212718538,-0.5292322442411984,0.277133051990529,12.68603573717925,2017,337.92
Mozambique,38.74253352006672,9.0,0.3941507140232451,-0.4763039547003555,0.277133051990529,8.079369175243565,2017,337.92
Mozambique,45.05012258563777,10.0,0.3613407493247566,-0.4478261226878152,0.277133051990529,18.35302194384003,2017,337.92
Mozambique,43.41204103598471,11.0,0.3936031222659512,-0.4526896159536472,0.277133051990529,97.50627181934556,2017,337.92
Mozambique,37.20480943332879,12.0,0.5821793136908591,-0.5606954131349942,0.277133051990529,206.40507956203783,2017,337.92
Mozambique,34.27573891541191,1.0,0.6392223954799939,-0.5939881553110551,0.2863655119700667,136.0967662270499,2018,305.4
Mozambique,31.172747092727143,2.0,0.6748697643698162,-0.6101377702135806,0.2863655119700667,250.96004827883425,2018,305.4
Mozambique,30.319744905822027,3.0,0.6518412327112487,-0.5877490285539997,0.2863655119700667,143.07835620050247,2018,305.4
Mozambique,30.29286793765997,4.0,0.6879807782380533,-0.6445286886274894,0.2863655119700667,84.57202912577665,2018,305.4
Mozambique,28.449166163963344,5.0,0.6556678621683063,-0.6274368741515146,0.2863655119700667,24.71450814871322,2018,305.4
Mozambique,27.3050984219704,6.0,0.6258251226944758,-0.6283647826481632,0.2863655119700667,11.060738640757556,2018,305.4
Mozambique,27.17885086895997,7.0,0.5537387443221813,-0.5817985236886617,0.2863655119700667,24.55720025052461,2018,305.4
Mozambique,32.71075190070539,8.0,0.4570433002426686,-0.5155786341451252,0.2863655119700667,10.877819934126538,2018,305.4
Mozambique,40.43206733971202,9.0,0.3832174596996049,-0.4609360686325673,0.2863655119700667,10.283784299557936,2018,305.4
Mozambique,43.43952062827055,10.0,0.3637686841233836,-0.4477834368217161,0.2863655119700667,17.909278507573145,2018,305.4
Mozambique,45.00373479187187,11.0,0.3891587941780529,-0.4562332983724272,0.2863655119700667,73.9432119586111,2018,305.4
Mozambique,39.19693437526353,12.0,0.5338790142143776,-0.5271318066834282,0.2863655119700667,190.0642994963028,2018,305.4
Mozambique,34.39083032029119,1.0,0.6089468325297018,-0.5752257751242583,0.3068490990420607,267.0166064029854,2020,320.2
Mozambique,30.44848054647436,2.0,0.6552236235442221,-0.6015215109330416,0.3068490990420607,180.54409905853933,2020,320.2
Mozambique,30.57238008147911,3.0,0.6592112001236123,-0.6024943868390891,0.3068490990420607,61.33668818755544,2020,320.2
Mozambique,31.87327575709684,4.0,0.6537498893220557,-0.6220214342753885,0.3068490990420607,40.70808648345167,2020,320.2
Mozambique,29.412296958781887,5.0,0.6184584585395548,-0.6213361098003207,0.3068490990420607,11.092291117527608,2020,320.2
Mozambique,28.2959875334212,6.0,0.5518117569700711,-0.5839626246486604,0.3068490990420607,20.268110110804365,2020,320.2
Mozambique,27.73145264308676,7.0,0.4884310126110563,-0.5432594884102078,0.3068490990420607,15.663319806662177,2020,320.2
Mozambique,33.50663732636512,8.0,0.4157189543456424,-0.4831072797084599,0.3068490990420607,7.855057990838103,2020,320.2
Mozambique,40.09787716464907,9.0,0.3429535794217578,-0.4272867243245679,0.3068490990420607,9.73773382522708,2020,320.2
Mozambique,45.50614136977527,10.0,0.3513745875806,-0.427293388614828,0.3068490990420607,22.1205925687456,2020,320.2
Mozambique,47.63095044076993,11.0,0.40133041567644,-0.4556911909765402,0.3068490990420607,37.05014110228272,2020,320.2
Mozambique,39.53341059721495,12.0,0.507970175606017,-0.5162894968684252,0.3068490990420607,169.18688589524598,2020,320.2
Niger,28.072434602427148,1.0,0.1104709177698083,-0.2816595387106303,0.1274330234902233,0.0514403670616711,2015,371.78
Niger,36.34581722823064,2.0,0.1125332157965811,-0.2900393302489791,0.1274330234902233,0.3448211238538948,2015,371.78
Niger,37.678606612753775,3.0,0.1071269789836622,-0.2788948567308822,0.1274330234902233,0.2878079221999818,2015,371.78
Niger,44.79485501063843,4.0,0.107410866887613,-0.2849590926098096,0.1274330234902233,0.2786048761649273,2015,371.78
Niger,50.37528279447501,5.0,0.1094844774534975,-0.2873506271698401,0.1274330234902233,5.132082106450176,2015,371.78
Niger,47.47762312327489,6.0,0.1101133199005516,-0.2830169376759441,0.1274330234902233,9.952421041969847,2015,371.78
Niger,43.941940680139226,7.0,0.1207650021156496,-0.291422083792128,0.1274330234902233,35.255008840228925,2015,371.78
Niger,42.52768435073866,8.0,0.152310104913411,-0.3051363463668147,0.1274330234902233,62.09837039870326,2015,371.78
Niger,46.14770905258319,9.0,0.1566286036779811,-0.3171039467281863,0.1274330234902233,27.156116028817035,2015,371.78
Niger,47.11122377838375,10.0,0.1364256798568699,-0.3067459674127412,0.1274330234902233,2.3816367612067286,2015,371.78
Niger,38.65118041405007,11.0,0.1234240612652195,-0.2970527693924795,0.1274330234902233,0.0177389765721942,2015,371.78
Niger,27.78745241181268,12.0,0.11222104810242,-0.280558397462321,0.1274330234902233,0.0118378543541391,2015,371.78
Niger,28.360066625714108,1.0,0.1090529612498334,-0.2782400711023784,0.1326983078429436,0.0478837446818849,2016,360.75
Niger,33.820059320108044,2.0,0.1092847852680763,-0.2800345939555227,0.1326983078429436,0.2736433539277652,2016,360.75
Niger,42.16104643681736,3.0,0.1107870330720927,-0.283027195550093,0.1326983078429436,0.4765065895478222,2016,360.75
Niger,48.01490580094455,4.0,0.1100733824435702,-0.2848129157832667,0.1326983078429436,0.9837963239005852,2016,360.75
Niger,47.47719636247776,5.0,0.1083418028278796,-0.279115371467757,0.1326983078429436,10.164321177040357,2016,360.75
Niger,43.150833993940815,6.0,0.1135590256118745,-0.2815129881542712,0.1326983078429436,17.084907750627178,2016,360.75
Niger,44.12098420990392,7.0,0.1348756831396669,-0.3015980057949554,0.1326983078429436,43.44931174213588,2016,360.75
Niger,43.41636901944439,8.0,0.1563269991760296,-0.3139752468812536,0.1326983078429436,48.69524492725296,2016,360.75
Niger,46.59801683032889,9.0,0.1520314389883589,-0.3146253518824282,0.1326983078429436,20.34018742276148,2016,360.75
Niger,46.71505469753336,10.0,0.1312337536712038,-0.3020782125946247,0.1326983078429436,0.831792543754904,2016,360.75
Niger,38.954297730626685,11.0,0.121041880873998,-0.2913996390853921,0.1326983078429436,0.1161823287767142,2016,360.75
Niger,31.87528062029052,12.0,0.1176660795768371,-0.2874114223943618,0.1326983078429436,0.0573487015332399,2016,360.75
Niger,29.290508175502545,1.0,0.1171733448885823,-0.2918716010958452,0.1383531333093285,0.0333352016824331,2017,358.65
Niger,32.94589544595019,2.0,0.110994838872208,-0.2836758752250772,0.1383531333093285,0.2939880239014351,2017,358.65
Niger,41.86853513706477,3.0,0.1105346375805076,-0.2882726702695004,0.1383531333093285,0.0262005069673328,2017,358.65
Niger,45.40567201286993,4.0,0.1076319870971356,-0.2815880097184436,0.1383531333093285,0.4335673440439659,2017,358.65
Niger,47.22651970440545,5.0,0.1095562340319117,-0.2829398026654851,0.1383531333093285,10.475893297276754,2017,358.65
Niger,42.05070309945158,6.0,0.1167242193833533,-0.2800865655261643,0.1383531333093285,19.83204232015389,2017,358.65
Niger,42.54914988598646,7.0,0.139567095284221,-0.3034283508747394,0.1383531333093285,39.18026331031708,2017,358.65
Niger,42.79981950664028,8.0,0.1554866847835307,-0.3095353760491527,0.1383531333093285,48.496309150537314,2017,358.65
Niger,47.30750047848026,9.0,0.1538181734263621,-0.317187761133902,0.1383531333093285,12.053048880021288,2017,358.65
Niger,44.1320953150256,10.0,0.1299117111546298,-0.2995248315279223,0.1383531333093285,1.389346040505723,2017,358.65
Niger,38.1247623478776,11.0,0.122010493249025,-0.2962158309353883,0.1383531333093285,0.0968177524296726,2017,358.65
Niger,29.24889463235023,12.0,0.1155554602893094,-0.2857918912848124,0.1383531333093285,0.1032400953449213,2017,358.65
Niger,28.882870397217378,1.0,0.1103541285251064,-0.2823474530143787,0.144439676080838,0.0424069863020907,2018,356.6
Niger,35.52625919992731,2.0,0.1134145420663155,-0.286996214132255,0.144439676080838,0.3485470319985795,2018,356.6
Niger,44.42898828196687,3.0,0.1112615601649308,-0.2906069650601507,0.144439676080838,0.1358576458742295,2018,356.6
Niger,47.27436609425923,4.0,0.1102958446208009,-0.2878259393512317,0.144439676080838,0.2716201398845094,2018,356.6
Niger,46.58623624534601,5.0,0.1122172988039578,-0.2864969419935294,0.144439676080838,9.96933168257405,2018,356.6
Niger,44.76797452897043,6.0,0.1120630435248362,-0.2808819181237044,0.144439676080838,19.6791195025236,2018,356.6
Niger,42.54232274986528,7.0,0.1309218038756145,-0.2962967270975007,0.144439676080838,39.49047501277889,2018,356.6
Niger,40.04074859546271,8.0,0.1579766723894347,-0.3110103922662716,0.144439676080838,69.5125074772301,2018,356.6
Niger,44.950340061662544,9.0,0.1650823550595533,-0.3205382214791366,0.144439676080838,26.05644115615556,2018,356.6
Niger,44.50523892658517,10.0,0.14082909753342,-0.3064840173533415,0.144439676080838,5.216096533413456,2018,356.6
Niger,38.340484322365626,11.0,0.1247376905192005,-0.2962000971844471,0.144439676080838,0.1006305550556162,2018,356.6
Niger,30.608533060367915,12.0,0.1203438540010693,-0.2929802247682478,0.144439676080838,0.0832580921802131,2018,356.6
Niger,27.841015558526504,1.0,0.1150712354251857,-0.2843120865118207,0.1570508868590176,0.0199449807397575,2020,324.1
Niger,32.85684331819113,2.0,0.1114565437150794,-0.2836940828118767,0.1570508868590176,0.2839224762424838,2020,324.1
Niger,39.5452955937008,3.0,0.1114385714094965,-0.2847329066289285,0.1570508868590176,0.1035394232292268,2020,324.1
Niger,48.6907417948332,4.0,0.1102902998933624,-0.2851595478636287,0.1570508868590176,0.7005367397919495,2020,324.1
Niger,47.96180274577279,5.0,0.1122465850483934,-0.2869925583687828,0.1570508868590176,8.663311477200484,2020,324.1
Niger,45.93687119680886,6.0,0.1136758609901872,-0.2859542104822678,0.1570508868590176,14.190826446748524,2020,324.1
Niger,45.999827930130905,7.0,0.1222723114044812,-0.2935850553209582,0.1570508868590176,48.98819088471979,2020,324.1
Niger,39.20415016714934,8.0,0.1594926110530967,-0.3115230015341376,0.1570508868590176,74.61456283135071,2020,324.1
Niger,45.20397145816157,9.0,0.1686504901505395,-0.3230406442331998,0.1570508868590176,30.74318967921165,2020,324.1
Niger,45.643991128670976,10.0,0.1507467705488102,-0.3172354133560708,0.1570508868590176,4.327260520752875,2020,324.1
Niger,37.88626804073016,11.0,0.1339185029425308,-0.3056866070226705,0.1570508868590176,0.0143393606023578,2020,324.1
Niger,35.4485678968935,12.0,0.127209398465898,-0.3001510471795753,0.1570508868590176,0.0280615081006518,2020,324.1
Nigeria,34.119322160721005,1.0,0.3079227602891451,-0.396556600019808,1.7637888031920583,2.532260818108747,2015,290.86
Nigeria,40.666516887718565,2.0,0.2635212082274999,-0.3825688243952645,1.7637888031920583,12.281545738038815,2015,290.86
Nigeria,38.71035480258557,3.0,0.2490628296667716,-0.3457572565843722,1.7637888031920583,41.12823684093876,2015,290.86
Nigeria,43.24472932776882,4.0,0.2936496743460756,-0.3862180725803619,1.7637888031920583,28.398291194851108,2015,290.86
Nigeria,42.44588152833168,5.0,0.3369109959238691,-0.4204117756874109,1.7637888031920583,106.67800253652958,2015,290.86
Nigeria,34.42423567060985,6.0,0.3049450198022038,-0.3864138423050847,1.7637888031920583,111.78264183018638,2015,290.86
Nigeria,33.938941060139896,7.0,0.3625408688746398,-0.4260130035274507,1.7637888031920583,194.2250184731589,2015,290.86
Nigeria,29.05193025842924,8.0,0.4603154935339568,-0.4741704230399861,1.7637888031920583,283.2507694910683,2015,290.86
Nigeria,32.82720110564698,9.0,0.566895403265707,-0.5564221719769381,1.7637888031920583,201.95829019780308,2015,290.86
Nigeria,36.46922153638637,10.0,0.5392170749650104,-0.5471385346036773,1.7637888031920583,119.51170788857658,2015,290.86
Nigeria,38.32759068576843,11.0,0.4671486293773921,-0.5189504817636815,1.7637888031920583,12.394453067272275,2015,290.86
Nigeria,33.41407332682001,12.0,0.3660372683036607,-0.4394699200344217,1.7637888031920583,1.5246341855458128,2015,290.86
Nigeria,35.397958581156445,1.0,0.3017426764995011,-0.3968213237726998,1.821807870134991,2.043725232313748,2016,281.5
Nigeria,38.42710127548376,2.0,0.2464427627010849,-0.3453043951238709,1.821807870134991,1.7001419949999874,2016,281.5
Nigeria,41.06835593115949,3.0,0.2742417760219126,-0.3749194167685533,1.821807870134991,48.89824717296929,2016,281.5
Nigeria,42.80363502006147,4.0,0.322334671990459,-0.4078988584433173,1.821807870134991,65.90702295561725,2016,281.5
Nigeria,34.60764830812239,5.0,0.3450705316696981,-0.4089729863736975,1.821807870134991,125.5291338029098,2016,281.5
Nigeria,32.93314150882842,6.0,0.4025075800313001,-0.4520956367416454,1.821807870134991,165.16079383007065,2016,281.5
Nigeria,32.38800744900828,7.0,0.4634505931001764,-0.4961410728218275,1.821807870134991,223.2566751020464,2016,281.5
Nigeria,25.00399031305556,8.0,0.5132511852342448,-0.509725041288355,1.821807870134991,245.18002626539004,2016,281.5
Nigeria,32.19405360601713,9.0,0.5590296614121659,-0.5549325078995684,1.821807870134991,215.8341230701364,2016,281.5
Nigeria,36.77497608746131,10.0,0.5437999779652928,-0.5490943939954571,1.821807870134991,100.03667651156596,2016,281.5
Nigeria,38.16247763243551,11.0,0.4280878687305924,-0.4855572503790891,1.821807870134991,11.954518227484002,2016,281.5
Nigeria,35.5526588063649,12.0,0.3425327716449163,-0.4256571639068436,1.821807870134991,3.365247112188572,2016,281.5
Nigeria,36.115228442849215,1.0,0.2956722081298061,-0.3903033643005464,1.8788489774131123,2.781563118567332,2017,281.15
Nigeria,37.85770032555454,2.0,0.2581311769255573,-0.354448792814272,1.8788489774131123,1.8128717527623863,2017,281.15
Nigeria,44.77002716731657,3.0,0.2653381054927371,-0.3742009543689636,1.8788489774131123,19.59512810676041,2017,281.15
Nigeria,42.92318734685067,4.0,0.2860445987856506,-0.3826024660744397,1.8788489774131123,46.23653566422303,2017,281.15
Nigeria,35.65748961727506,5.0,0.3919534219536503,-0.4481760690868985,1.8788489774131123,120.17129212258088,2017,281.15
Nigeria,34.91885765237593,6.0,0.4136318325279516,-0.454174828321079,1.8788489774131123,199.8758233706453,2017,281.15
Nigeria,29.673482983184,7.0,0.4440872727164457,-0.4698621185762537,1.8788489774131123,202.93553108020828,2017,281.15
Nigeria,22.89111912179044,8.0,0.5235241185983196,-0.5123459866559924,1.8788489774131123,250.6340095706856,2017,281.15
Nigeria,32.74511140720032,9.0,0.5555454685425144,-0.5528167967429147,1.8788489774131123,197.54713458613944,2017,281.15
Nigeria,37.57610970138412,10.0,0.496232121652631,-0.5216410365939754,1.8788489774131123,69.30886545480104,2017,281.15
Nigeria,38.41088722292274,11.0,0.4164421958318664,-0.4831600088304654,1.8788489774131123,14.965558799913934,2017,281.15
Nigeria,34.31951067496204,12.0,0.3258761032206218,-0.4103921013539155,1.8788489774131123,3.5686367115688964,2017,281.15
Nigeria,34.05990744274098,1.0,0.2710304629839699,-0.3680868216148197,1.940986864468793,1.7099937594647534,2018,291.9
Nigeria,39.42382523544242,2.0,0.2534143700718615,-0.3629716182004597,1.940986864468793,24.009093297943807,2018,291.9
Nigeria,43.57485743029515,3.0,0.2957239908702156,-0.3954291264289672,1.940986864468793,32.92384386848317,2018,291.9
Nigeria,40.44137290049614,4.0,0.2939464756998252,-0.387820703795748,1.940986864468793,57.831266934169626,2018,291.9
Nigeria,33.39653329754836,5.0,0.3446326978283904,-0.4164498446998947,1.940986864468793,120.71099094122248,2018,291.9
Nigeria,34.036443195979864,6.0,0.359686286437842,-0.4247503636846828,1.940986864468793,164.62358570747568,2018,291.9
Nigeria,31.58462329905013,7.0,0.4453512863588902,-0.4738968573194301,1.940986864468793,233.86717450835445,2018,291.9
Nigeria,28.41556622637489,8.0,0.5134687580315591,-0.5055049929972218,1.940986864468793,278.61727152596137,2018,291.9
Nigeria,32.6217267505416,9.0,0.5580079024016703,-0.550921242345991,1.940986864468793,238.31456062826305,2018,291.9
Nigeria,31.86070141502313,10.0,0.5295173050806214,-0.5381721178302876,1.940986864468793,135.62701278484292,2018,291.9
Nigeria,37.24724632000451,11.0,0.4537293335353323,-0.5055055433759191,1.940986864468793,20.606615752028272,2018,291.9
Nigeria,34.73677289442817,12.0,0.3672680249575745,-0.4446154313933514,1.940986864468793,2.918755580921739,2018,291.9
Nigeria,34.99546852557165,1.0,0.3090308691983829,-0.4003159830068712,2.067170299622844,1.1334064272957298,2020,313.8
Nigeria,37.66444988860236,2.0,0.2657151393845919,-0.3614780200753987,2.067170299622844,1.3928811907835514,2020,313.8
Nigeria,42.287316521519614,3.0,0.2625212776773328,-0.3710191978709644,2.067170299622844,33.486840593233744,2020,313.8
Nigeria,39.74150892624819,4.0,0.324861364770968,-0.4117705478281643,2.067170299622844,59.07516292776111,2020,313.8
Nigeria,37.16734025426549,5.0,0.3608800762186794,-0.4302708628241874,2.067170299622844,113.56684930661338,2020,313.8
Nigeria,32.77896434960248,6.0,0.3811927617004028,-0.4397600454500549,2.067170299622844,161.57845590230122,2020,313.8
Nigeria,31.01122298697772,7.0,0.4167728572182592,-0.4520552035982766,2.067170299622844,253.2450854236743,2020,313.8
Nigeria,31.65396298941356,8.0,0.5417451374896072,-0.5305993038155791,2.067170299622844,230.40983751389868,2020,313.8
Nigeria,26.865487668150497,9.0,0.5464348561603525,-0.5324385268165871,2.067170299622844,240.78898917949985,2020,313.8
Nigeria,35.364509666026755,10.0,0.5279255265052439,-0.5349640398438584,2.067170299622844,100.85011895845948,2020,313.8
Nigeria,38.05264339014632,11.0,0.442304109552053,-0.5055370577858794,2.067170299622844,12.479960153729936,2020,313.8
Nigeria,37.668897758503896,12.0,0.3656886942803544,-0.4586648140212405,2.067170299622844,5.3124031133269405,2020,313.8
Rwanda,29.021483574473024,1.0,0.5786295453816117,-0.5506027611049532,4.59849617651417,35.63175287705121,2015,326.71
Rwanda,26.176828034018328,2.0,0.5967064203445576,-0.5810315832180525,4.59849617651417,81.688167164185,2015,326.71
Rwanda,28.56104807633354,3.0,0.464141238095838,-0.4510560173494871,4.59849617651417,152.11701353889185,2015,326.71
Rwanda,27.584155855440148,4.0,0.6136561245163928,-0.5622892263721012,4.59849617651417,182.72175907849305,2015,326.71
Rwanda,28.62224896343828,5.0,0.6352303125599112,-0.5983162305337654,4.59849617651417,94.23557827793547,2015,326.71
Rwanda,28.88808567800004,6.0,0.6046046170479291,-0.5554607934582134,4.59849617651417,24.208552072857334,2015,326.71
Rwanda,28.95797039020609,7.0,0.5152160823866293,-0.5227745429823787,4.59849617651417,5.033418427368575,2015,326.71
Rwanda,34.2868401380362,8.0,0.4631980062381362,-0.5160048330642092,4.59849617651417,30.904268553807643,2015,326.71
Rwanda,31.539017171720698,9.0,0.4489872349640992,-0.4992260066131884,4.59849617651417,81.49471415315043,2015,326.71
Rwanda,30.77491897151741,10.0,0.503837358050366,-0.5121437679768116,4.59849617651417,144.67360950551063,2015,326.71
Rwanda,27.8535274918329,11.0,0.5828281200760121,-0.557683853230341,4.59849617651417,152.4349224292047,2015,326.71
Rwanda,25.93583393097712,12.0,0.6562795892277389,-0.6070094095107683,4.59849617651417,95.42711162079218,2015,326.71
Rwanda,27.971996274749788,1.0,0.632558348294077,-0.5939031892033632,4.763910541438212,105.75692211636904,2016,554.51
Rwanda,29.96819993135459,2.0,0.5534660905017993,-0.5190186363160811,4.763910541438212,61.32387809996208,2016,554.51
Rwanda,21.14230878093784,3.0,0.5889456745490574,-0.5197101535650063,4.763910541438212,176.98498008044234,2016,554.51
Rwanda,18.26137170350937,4.0,0.5998179536013786,-0.5380387709626447,4.763910541438212,195.74615337062565,2016,554.51
Rwanda,30.620869139554305,5.0,0.6044433032690276,-0.5569908719497059,4.763910541438212,76.70118307883757,2016,554.51
Rwanda,31.7571008509376,6.0,0.5466367599089413,-0.5652112270698975,4.763910541438212,9.228370229533118,2016,554.51
Rwanda,29.423157343571447,7.0,0.4702934346342811,-0.4913242932825435,4.763910541438212,5.462247502512623,2016,554.51
Rwanda,36.08462606877911,8.0,0.3832847609140576,-0.4443819632480438,4.763910541438212,19.69786639899944,2016,554.51
Rwanda,31.88827310918026,9.0,0.3937589097111816,-0.4494032854672892,4.763910541438212,87.61730966526851,2016,554.51
Rwanda,30.439509707515043,10.0,0.452715474635309,-0.4660930116296114,4.763910541438212,147.58536704735258,2016,554.51
Rwanda,28.26889667782723,11.0,0.6460820794920322,-0.6080525407053048,4.763910541438212,166.7627682450493,2016,554.51
Rwanda,30.125924330080373,12.0,0.642742828346108,-0.615916062555278,4.763910541438212,73.26481077185362,2016,554.51
Rwanda,31.3549788383441,1.0,0.5679062460150817,-0.5584400079424695,4.921418139757369,63.222953296399865,2017,505.57
Rwanda,28.732171969113853,2.0,0.5103784826631603,-0.527411063915793,4.921418139757369,84.69101867329002,2017,505.57
Rwanda,30.27496850837393,3.0,0.5997303876381779,-0.5786508553814211,4.921418139757369,119.84114143892928,2017,505.57
Rwanda,21.83116554198612,4.0,0.5909346958489986,-0.5256710293528339,4.921418139757369,128.57413682893554,2017,505.57
Rwanda,24.731916646888163,5.0,0.5338112708854945,-0.4560079431576785,4.921418139757369,128.36984907150327,2017,505.57
Rwanda,28.673041505475613,6.0,0.5608688666842175,-0.5367549567622979,4.921418139757369,6.00005629351232,2017,505.57
Rwanda,29.944025876981456,7.0,0.4509734071525929,-0.469781174547741,4.921418139757369,5.012139404968781,2017,505.57
Rwanda,36.073182436828255,8.0,0.3882385591714872,-0.4701938326986167,4.921418139757369,43.79710398569017,2017,505.57
Rwanda,33.851331132227806,9.0,0.4080645344275713,-0.4550897246456098,4.921418139757369,106.38894936870815,2017,505.57
Rwanda,31.35616628000854,10.0,0.4501771205162482,-0.4872345835190209,4.921418139757369,136.0360966870175,2017,505.57
Rwanda,27.95870034575324,11.0,0.5664445076774075,-0.5406969838208109,4.921418139757369,151.53638000644833,2017,505.57
Rwanda,20.62830047636253,12.0,0.5724114244703339,-0.5321872281995712,4.921418139757369,79.67664834552079,2017,505.57
Rwanda,27.701587748655605,1.0,0.5759958249848897,-0.5601866408198463,5.058527252510921,102.69161955409577,2018,486.5
Rwanda,27.39420213428292,2.0,0.4890513924590878,-0.4845424856746128,5.058527252510921,77.65460113262027,2018,486.5
Rwanda,28.006796242435165,3.0,0.5539434554274615,-0.5250723539889595,5.058527252510921,227.9917805645879,2018,486.5
Rwanda,20.575884755778084,4.0,0.6512534427561859,-0.5973998010364818,5.058527252510921,283.60119879542617,2018,486.5
Rwanda,24.323398968499745,5.0,0.5842581959625507,-0.5253200448739385,5.058527252510921,128.02674209827788,2018,486.5
Rwanda,24.262238761573016,6.0,0.6162889045325302,-0.5991271922887633,5.058527252510921,16.161519011912226,2018,486.5
Rwanda,30.64510982672965,7.0,0.545437068493817,-0.5720355747052476,5.058527252510921,3.545638207522812,2018,486.5
Rwanda,27.716773594136715,8.0,0.4629097163186891,-0.4885468567076234,5.058527252510921,47.00702134513569,2018,486.5
Rwanda,32.99321693981914,9.0,0.4617840773296579,-0.5019172668732178,5.058527252510921,68.47982340870648,2018,486.5
Rwanda,33.05167335492915,10.0,0.5088031927162204,-0.5229939902150559,5.058527252510921,98.94728016208563,2018,486.5
Rwanda,26.204194596853885,11.0,0.6274595679065444,-0.5626049764953044,5.058527252510921,136.4880226094306,2018,486.5
Rwanda,28.07967260377509,12.0,0.5934661377098157,-0.5500560927901377,5.058527252510921,166.93021381879367,2018,486.5
Rwanda,29.46970622667356,1.0,0.6437629006796788,-0.595835795028586,5.4780729617143855,114.41919156688635,2020,230.5
Rwanda,24.584131792003262,2.0,0.6098504900380036,-0.5504109307243443,5.4780729617143855,114.17709559547546,2020,230.5
Rwanda,29.66968823109529,3.0,0.6656770676087936,-0.6302998594178087,5.4780729617143855,138.39811782130127,2020,230.5
Rwanda,25.14408460477111,4.0,0.6014432610382331,-0.4949660506822048,5.4780729617143855,216.5219810461748,2020,230.5
Rwanda,23.83662558656396,5.0,0.6269930460687209,-0.5817110122843178,5.4780729617143855,75.346720226585,2020,230.5
Rwanda,29.165081485498867,6.0,0.5615188787817783,-0.5451643933131217,5.4780729617143855,16.85367097352152,2020,230.5
Rwanda,31.953570390453613,7.0,0.483567750991634,-0.5241812314946082,5.4780729617143855,5.7271338286471085,2020,230.5
Rwanda,33.336104824961545,8.0,0.4483220560643946,-0.4839055775806927,5.4780729617143855,18.229510011765907,2020,230.5
Rwanda,30.687997633384825,9.0,0.4288480635826291,-0.4573751511958889,5.4780729617143855,72.85800842988738,2020,230.5
Rwanda,24.47389006891373,10.0,0.4527197915149451,-0.4648897734368071,5.4780729617143855,180.9245992483532,2020,230.5
Rwanda,28.79209307078496,11.0,0.5960927439660872,-0.5593255743644002,5.4780729617143855,125.90352784182298,2020,230.5
Rwanda,27.659517066450064,12.0,0.67304683083393,-0.6132764596064179,5.4780729617143855,166.356250130008,2020,230.5
Senegal,34.43149550449798,1.0,0.2421089582370613,-0.378164909037851,0.5559989472125054,0.5704167205821323,2015,78.55
Senegal,38.36371484853739,2.0,0.2097696308408186,-0.3469068484307859,0.5559989472125054,0.2605904351004973,2015,78.55
Senegal,43.46669567852542,3.0,0.2107419632171338,-0.3515844219403519,0.5559989472125054,0.0195929636674768,2015,78.55
Senegal,46.85709534732252,4.0,0.198928739117656,-0.3310599166909744,0.5559989472125054,0.0930653361588913,2015,78.55
Senegal,45.70454638600612,5.0,0.211392967933064,-0.3471055361428001,0.5559989472125054,4.604291211310684,2015,78.55
Senegal,41.61167549542037,6.0,0.2154717218026631,-0.3420238891312332,0.5559989472125054,26.318125413708508,2015,78.55
Senegal,37.88508448606427,7.0,0.2608508485114632,-0.3657085440127718,0.5559989472125054,131.71628276594305,2015,78.55
Senegal,25.500892427972595,8.0,0.3698810962715178,-0.4212280150295748,0.5559989472125054,264.0023449552172,2015,78.55
Senegal,29.06764064074324,9.0,0.5058081808776267,-0.5071600294925085,0.5559989472125054,223.572479738468,2015,78.55
Senegal,34.3802278718012,10.0,0.5632502633182911,-0.5680053563833818,0.5559989472125054,68.18555500388491,2015,78.55
Senegal,39.51406494067569,11.0,0.4281653018810135,-0.4997804502587861,0.5559989472125054,1.756605390127198,2015,78.55
Senegal,34.57096280027774,12.0,0.3247555137479487,-0.4217995527400599,0.5559989472125054,0.7228369349309545,2015,78.55
Senegal,37.95336595240308,1.0,0.296833715456274,-0.4258089047748148,0.5783517823151091,0.382741949713257,2016,54.28
Senegal,34.15901477253012,2.0,0.2352956490091935,-0.3634977439263583,0.5783517823151091,0.4785772782279965,2016,54.28
Senegal,46.19318580855958,3.0,0.2322031539891205,-0.3765413465159239,0.5783517823151091,0.0450017215737159,2016,54.28
Senegal,48.59843226341607,4.0,0.2331433543704474,-0.3722158540655531,0.5783517823151091,0.4295031567987524,2016,54.28
Senegal,48.42429534927535,5.0,0.2393403235499832,-0.3706155864617694,0.5783517823151091,4.744754519023228,2016,54.28
Senegal,41.3261370635709,6.0,0.2490871417386728,-0.3645291979306638,0.5783517823151091,46.86465112008206,2016,54.28
Senegal,40.03691332857698,7.0,0.3064230949246738,-0.3974117292018735,0.5783517823151091,169.79858901859768,2016,54.28
Senegal,34.699012991543604,8.0,0.4571815639105576,-0.4716124509633624,0.5783517823151091,176.6261783809243,2016,54.28
Senegal,33.316961414673344,9.0,0.598375120566891,-0.5769566516072946,0.5783517823151091,204.13435440780108,2016,54.28
Senegal,39.753529897375024,10.0,0.5112563774835014,-0.5389662185003816,0.5783517823151091,18.17557082472148,2016,54.28
Senegal,39.91208028462275,11.0,0.3760124779047706,-0.4693843314429707,0.5783517823151091,1.4931293881923422,2016,54.28
Senegal,36.661051758055706,12.0,0.3173014557866876,-0.4305852364924016,0.5783517823151091,0.5938328516812517,2016,54.28
Senegal,35.54404119700706,1.0,0.2724265484036803,-0.4049605889061703,0.5865432236526561,0.4278268730552723,2017,64.62
Senegal,38.358571658394446,2.0,0.2341488538767335,-0.3681936716112396,0.5865432236526561,0.1971946285896765,2017,64.62
Senegal,44.16832571174699,3.0,0.2190893161298774,-0.3553085963946906,0.5865432236526561,0.0068988782603948,2017,64.62
Senegal,49.45634148131415,4.0,0.2200383141925139,-0.3567484196173858,0.5865432236526561,0.1275810906854205,2017,64.62
Senegal,46.7097099542594,5.0,0.2260668372108051,-0.3570155643148974,0.5865432236526561,13.09914436629895,2017,64.62
Senegal,43.52479663852667,6.0,0.2448314885244058,-0.3683130852236619,0.5865432236526561,85.38527066803454,2017,64.62
Senegal,35.9536379029032,7.0,0.3408979096403144,-0.4151394872689895,0.5865432236526561,132.15869840612172,2017,64.62
Senegal,32.329399934865464,8.0,0.5062780757470324,-0.5155077654176892,0.5865432236526561,262.02045309285535,2017,64.62
Senegal,32.82252100112905,9.0,0.5373580199411688,-0.5367404115510092,0.5865432236526561,115.98095188940091,2017,64.62
Senegal,40.81494808448901,10.0,0.4423644061009142,-0.4934421716810362,0.5865432236526561,25.45580654241664,2017,64.62
Senegal,37.43032301525161,11.0,0.338613555464048,-0.4351392186561172,0.5865432236526561,1.060416881496718,2017,64.62
Senegal,33.42388716942536,12.0,0.2736618617995774,-0.3891455399215716,0.5865432236526561,0.3278512636200941,2017,64.62
Senegal,34.89951867159608,1.0,0.249101012623067,-0.3853194659873845,0.5996910481227941,0.1340972674700996,2018,55.8
Senegal,37.96917003782542,2.0,0.2282512683210396,-0.371956704713794,0.5996910481227941,0.1238362749184601,2018,55.8
Senegal,45.18952545820191,3.0,0.1985458555625796,-0.3408998477972807,0.5996910481227941,0.0121256359244186,2018,55.8
Senegal,49.04345256551627,4.0,0.2124095210432339,-0.3517836399022232,0.5996910481227941,0.0916816516316765,2018,55.8
Senegal,49.4123645924214,5.0,0.2174024616017695,-0.3582037925465355,0.5996910481227941,0.8716396845324876,2018,55.8
Senegal,41.18236926794522,6.0,0.2225349497635023,-0.3447929562350249,0.5996910481227941,49.55570486599362,2018,55.8
Senegal,36.87407414439593,7.0,0.3066052219445878,-0.3917548482804136,0.5996910481227941,125.03791622382865,2018,55.8
Senegal,38.09301176711588,8.0,0.4059452393739848,-0.454820107083378,0.5996910481227941,185.42081251644225,2018,55.8
Senegal,25.964557140224784,9.0,0.5248699016110498,-0.5108073328885604,0.5996910481227941,194.5889532514816,2018,55.8
Senegal,37.45068358543785,10.0,0.4750392504713153,-0.507612684920337,0.5996910481227941,43.45771032698795,2018,55.8
Senegal,35.058719315131995,11.0,0.4204741557705055,-0.4958941270877664,0.5996910481227941,0.984255174823681,2018,55.8
Senegal,37.46519050591856,12.0,0.3181682150429383,-0.4359098660921878,0.5996910481227941,0.4977224774698734,2018,55.8
Senegal,35.86488728453505,1.0,0.2616025667934257,-0.3936494949914147,0.6437425358542,0.3161574273453106,2020,49.9
Senegal,39.343686151229065,2.0,0.2294106368324462,-0.3644516060918864,0.6437425358542,0.287180394057744,2020,49.9
Senegal,47.58729761801078,3.0,0.2189828875052117,-0.3646026296582861,0.6437425358542,0.0087368859444588,2020,49.9
Senegal,51.14895485460816,4.0,0.2189915729523193,-0.3622766560036703,0.6437425358542,0.129938877002164,2020,49.9
Senegal,51.10977825125987,5.0,0.2210438894844394,-0.360425087248336,0.6437425358542,4.807903683604144,2020,49.9
Senegal,37.57107288147718,6.0,0.2145159924895905,-0.3322603255703092,0.6437425358542,64.18890268573185,2020,49.9
Senegal,31.250451002676808,7.0,0.2942603038334414,-0.3714262552890616,0.6437425358542,208.85420453977304,2020,49.9
Senegal,28.045803857916923,8.0,0.4277956348281704,-0.4450353364916101,0.6437425358542,179.50167349821348,2020,49.9
Senegal,32.06924713430372,9.0,0.6179988683451536,-0.5852275118090755,0.6437425358542,261.5225347036739,2020,49.9
Senegal,36.8545279287563,10.0,0.5229438774900684,-0.5498991341109005,0.6437425358542,49.85779623452951,2020,49.9
Senegal,41.46948210788046,11.0,0.3798459617394077,-0.4778922855073055,0.6437425358542,0.2715115302381471,2020,49.9
Senegal,37.296391739071495,12.0,0.3214973513390466,-0.4398457076772444,0.6437425358542,0.5127283736692237,2020,49.9
Sierra Leone,28.23622261286988,1.0,0.5755870635035721,-0.5517742854235516,0.5741763550248876,5.394160390385893,2015,376.88
Sierra Leone,34.19093045970776,2.0,0.6171049792027219,-0.5909876643818768,0.5741763550248876,13.52018641794602,2015,376.88
Sierra Leone,33.46026731374174,3.0,0.5298652627460331,-0.5162187126374158,0.5741763550248876,19.868165239485545,2015,376.88
Sierra Leone,34.49447971877244,4.0,0.5521433223053588,-0.5180539946295054,0.5741763550248876,58.44746767953855,2015,376.88
Sierra Leone,33.955248385486705,5.0,0.652962872749775,-0.5881924178011764,0.5741763550248876,189.57952992953733,2015,376.88
Sierra Leone,21.228964098866108,6.0,0.4283845186306681,-0.3799108751681769,0.5741763550248876,269.1114067403165,2015,376.88
Sierra Leone,26.438701404873807,7.0,0.4853677102603081,-0.4352270286100004,0.5741763550248876,487.4476887694027,2015,376.88
Sierra Leone,20.48876184426133,8.0,0.5665665033095403,-0.4363813264492587,0.5741763550248876,479.4487727352452,2015,376.88
Sierra Leone,8.493738636096806,9.0,0.345646006426162,-0.3075863742295981,0.5741763550248876,448.4148541124919,2015,376.88
Sierra Leone,27.405229430774103,10.0,0.7205260994622139,-0.6382217116870263,0.5741763550248876,274.8396613768776,2015,376.88
Sierra Leone,29.26807556529122,11.0,0.7144068164538285,-0.6408633855895758,0.5741763550248876,98.06527933974876,2015,376.88
Sierra Leone,26.50645652012608,12.0,0.613892958990788,-0.5714739668058133,0.5741763550248876,15.354565616905546,2015,376.88
Sierra Leone,29.9337727744888,1.0,0.5473802309350305,-0.5296796440897985,0.575991807922912,8.220934590359203,2016,378.04
Sierra Leone,33.84883340590433,2.0,0.4995490618938051,-0.4968847407424164,0.575991807922912,11.031310490717956,2016,378.04
Sierra Leone,34.64713539709303,3.0,0.5474562804165787,-0.5339944930638372,0.575991807922912,23.03501091135443,2016,378.04
Sierra Leone,38.482641032502045,4.0,0.6394181257359707,-0.6024049675479325,0.575991807922912,59.83315613647095,2016,378.04
Sierra Leone,28.264086317474497,5.0,0.6261623352033839,-0.5789343072578987,0.575991807922912,142.54057220896334,2016,378.04
Sierra Leone,28.862287701063003,6.0,0.636851979385149,-0.5632424877995308,0.575991807922912,359.48199286415576,2016,378.04
Sierra Leone,26.666449343869168,7.0,0.631269873478155,-0.5503603403277809,0.575991807922912,578.1911038370567,2016,378.04
Sierra Leone,26.46809415349709,8.0,0.5982675558571802,-0.5250344023914768,0.575991807922912,486.9306181148646,2016,378.04
Sierra Leone,26.26973896312501,9.0,0.5652652382362054,-0.4997084644551726,0.575991807922912,567.8933744662677,2016,378.04
Sierra Leone,28.1562871376216,10.0,0.6990116565173486,-0.6186367694526704,0.575991807922912,309.7746015271772,2016,378.04
Sierra Leone,28.17645104604222,11.0,0.7219728115128351,-0.6479919558589644,0.575991807922912,147.03366222865253,2016,378.04
Sierra Leone,25.08368466603847,12.0,0.6397030078513279,-0.5947357016696176,0.575991807922912,16.287794848137274,2016,378.04
Sierra Leone,29.67907948754564,1.0,0.600584968706006,-0.5787901876853602,0.5889961566846232,4.954404442804988,2017,379.71
Sierra Leone,33.00271952944617,2.0,0.5762441990208439,-0.5635302055631983,0.5889961566846232,16.115778193922456,2017,379.71
Sierra Leone,32.50421609904095,3.0,0.5897925913530833,-0.5624826259303934,0.5889961566846232,54.97909874368764,2017,379.71
Sierra Leone,33.74297191235701,4.0,0.5677721073909116,-0.5233063447261823,0.5889961566846232,73.02561106701391,2017,379.71
Sierra Leone,27.48445686980594,5.0,0.5964567733681236,-0.5439814743982555,0.5889961566846232,207.17485934809324,2017,379.71
Sierra Leone,29.29349995824351,6.0,0.5588751257190523,-0.4945848036018525,0.5889961566846232,383.3830230913934,2017,379.71
Sierra Leone,24.27190818873834,7.0,0.5934238501531068,-0.526137368786408,0.5889961566846232,467.1142706982099,2017,379.71
Sierra Leone,27.81269837833993,8.0,0.696590035168035,-0.5849547982043024,0.5889961566846232,625.9370658775957,2017,379.71
Sierra Leone,29.392412148924937,9.0,0.7585933660973808,-0.6733715434112977,0.5889961566846232,430.71918263860266,2017,379.71
Sierra Leone,29.313199120390205,10.0,0.6761121791430817,-0.5990119299606605,0.5889961566846232,271.59074402199894,2017,379.71
Sierra Leone,27.551172333303573,11.0,0.6481231187010755,-0.5837675574833877,0.5889961566846232,136.99440676101105,2017,379.71
Sierra Leone,29.66093767303973,12.0,0.6250073165691116,-0.5861612387553442,0.5889961566846232,12.97465535131504,2017,379.71
Sierra Leone,28.911481450575987,1.0,0.5305554065649417,-0.5179448184972221,0.5987796069660227,4.635355587860343,2018,320.4
Sierra Leone,32.9421762229841,2.0,0.5002773758689247,-0.4939263193246173,0.5987796069660227,12.272962756860018,2018,320.4
Sierra Leone,31.02975260494698,3.0,0.5504502608001582,-0.5307038830294071,0.5987796069660227,49.35938793690568,2018,320.4
Sierra Leone,35.34228412182667,4.0,0.5809596439194301,-0.5398348066490624,0.5987796069660227,49.15860386531468,2018,320.4
Sierra Leone,34.39650391483303,5.0,0.5799944815296638,-0.5537779388132887,0.5987796069660227,92.11553953438631,2018,320.4
Sierra Leone,29.303187642816493,6.0,0.6254914027806531,-0.5595789594530693,0.5987796069660227,313.1628047274371,2018,320.4
Sierra Leone,29.73516793148558,7.0,0.6441160895465841,-0.5735066812879112,0.5987796069660227,440.12680125144607,2018,320.4
Sierra Leone,29.3974144671545,8.0,0.6949645130418729,-0.6116101260369073,0.5987796069660227,507.7002458379972,2018,320.4
Sierra Leone,26.88005573480037,9.0,0.6708626111847606,-0.5934244993260144,0.5987796069660227,438.0093934069457,2018,320.4
Sierra Leone,25.772597203120444,10.0,0.7060788455612338,-0.6281562265722858,0.5987796069660227,295.98400118799344,2018,320.4
Sierra Leone,27.71452958639431,11.0,0.7285638880687113,-0.6515830000986373,0.5987796069660227,186.8291742940178,2018,320.4
Sierra Leone,28.63700220519076,12.0,0.6607492704073112,-0.6174842229047715,0.5987796069660227,11.282990244144774,2018,320.4
Sierra Leone,30.283470864718502,1.0,0.5522400130759694,-0.5365424628296082,0.6277757487203546,6.62050587249874,2020,328.2
Sierra Leone,35.03070125690343,2.0,0.5438571939061594,-0.536549151801142,0.6277757487203546,9.250089452885518,2020,328.2
Sierra Leone,37.447433452645136,3.0,0.5885564914242212,-0.5694801499850665,0.6277757487203546,52.73645848271258,2020,328.2
Sierra Leone,29.18346146168202,4.0,0.6378447656036959,-0.5870761873507674,0.6277757487203546,206.19457133773284,2020,328.2
Sierra Leone,30.956274879615783,5.0,0.6303938475025328,-0.561401217074819,0.6277757487203546,228.9363342598349,2020,328.2
Sierra Leone,29.33039906420096,6.0,0.6173272284410419,-0.5525531486259646,0.6277757487203546,298.7188758347233,2020,328.2
Sierra Leone,21.34029345083096,7.0,0.6442033981187448,-0.5646224682890318,0.6277757487203546,487.3264805208764,2020,328.2
Sierra Leone,29.73810412572392,8.0,0.6641049751253827,-0.5834011044577646,0.6277757487203546,401.96752170412793,2020,328.2
Sierra Leone,27.19213377477613,9.0,0.6111244832421192,-0.5314758326062302,0.6277757487203546,408.8018291651507,2020,328.2
Sierra Leone,29.29318166392148,10.0,0.7410458190109384,-0.6585653450500826,0.6277757487203546,233.75556814460649,2020,328.2
Sierra Leone,32.177679188038454,11.0,0.7323359233200575,-0.6658320616098014,0.6277757487203546,62.23493682252569,2020,328.2
Sierra Leone,29.38898724024858,12.0,0.6552486783500859,-0.6009871278731151,0.6277757487203546,20.166295089584285,2020,328.2
South Sudan,37.53957154769749,1.0,0.3710144228257637,-0.4496918934398101,0.1577141747881147,1.6832882783507843,2015,151.95
South Sudan,43.09169469848725,2.0,0.3383726149122213,-0.4205549413189675,0.1577141747881147,6.416725077589085,2015,151.95
South Sudan,42.564507222246725,3.0,0.3456824269918002,-0.4157132114189606,0.1577141747881147,36.80979992875787,2015,151.95
South Sudan,40.90795794015861,4.0,0.415833309287588,-0.451722830924758,0.1577141747881147,52.64324519096895,2015,151.95
South Sudan,37.07980582771764,5.0,0.5494431902915209,-0.5405047310920639,0.1577141747881147,120.122998250541,2015,151.95
South Sudan,34.658466293519105,6.0,0.6321571240683325,-0.5839534930652375,0.1577141747881147,154.57563651423922,2015,151.95
South Sudan,35.54184682122191,7.0,0.6730756092454715,-0.6160810037779116,0.1577141747881147,153.94194500061823,2015,151.95
South Sudan,33.24983261643558,8.0,0.6731097157238144,-0.6187054641903643,0.1577141747881147,162.94716834564056,2015,151.95
South Sudan,31.133573440152464,9.0,0.662183652831612,-0.6137265259357403,0.1577141747881147,128.0719835681752,2015,151.95
South Sudan,33.2086451222226,10.0,0.6234865261899581,-0.6019009083841601,0.1577141747881147,138.63472494044257,2015,151.95
South Sudan,35.71546189191928,11.0,0.5598775260506422,-0.5695668940557462,0.1577141747881147,36.74913234162756,2015,151.95
South Sudan,35.66639000172829,12.0,0.4473380849130552,-0.4967211856974882,0.1577141747881147,5.587639181219392,2015,151.95
South Sudan,37.25720353459448,1.0,0.332268815364697,-0.4139671476552413,0.1680281146847412,1.0138796605027032,2016,142.2
South Sudan,43.9412888563487,2.0,0.3017219646814473,-0.3986151930995418,0.1680281146847412,2.994043056363118,2016,142.2
South Sudan,45.70256139539633,3.0,0.3045972970170141,-0.3953372450711112,0.1680281146847412,46.88442143777343,2016,142.2
South Sudan,40.45930962263529,4.0,0.3836626342940702,-0.4419374534156746,0.1680281146847412,89.12791108133067,2016,142.2
South Sudan,38.32147894506424,5.0,0.5270231303316304,-0.5205080405598881,0.1680281146847412,134.52061233239334,2016,142.2
South Sudan,33.865312824106084,6.0,0.6273188370924468,-0.5811837791872273,0.1680281146847412,147.57110993282373,2016,142.2
South Sudan,31.5842045239826,7.0,0.6937302419153509,-0.6246241880514549,0.1680281146847412,182.0689365276722,2016,142.2
South Sudan,33.04472565462163,8.0,0.7139257411626416,-0.6424988855079106,0.1680281146847412,143.60366826975346,2016,142.2
South Sudan,33.20740470461901,9.0,0.6850685042621792,-0.6326971543580987,0.1680281146847412,116.19040120117954,2016,142.2
South Sudan,33.9487198663992,10.0,0.6262253418149499,-0.6046395879199815,0.1680281146847412,91.47287177144804,2016,142.2
South Sudan,36.55888442483088,11.0,0.5464503526047341,-0.5615968399805876,0.1680281146847412,24.68055240777754,2016,142.2
South Sudan,38.946284818333616,12.0,0.3981255039607707,-0.4649839549914668,0.1680281146847412,3.240878116735757,2016,142.2
South Sudan,41.38137691853541,1.0,0.3209764286059658,-0.4114125088933014,0.1793075810954871,0.9931658219530788,2017,141.68
South Sudan,43.32290043155518,2.0,0.3141489480162008,-0.4058547551199358,0.1793075810954871,9.0130533902733,2017,141.68
South Sudan,44.669861981889525,3.0,0.2969118305664696,-0.383070945414843,0.1793075810954871,21.17148560575107,2017,141.68
South Sudan,44.52516629288429,4.0,0.3386561368110868,-0.4098980468572677,0.1793075810954871,58.99014483726519,2017,141.68
South Sudan,40.24107579945023,5.0,0.4595311687373932,-0.4854226599987231,0.1793075810954871,126.19709969914284,2017,141.68
South Sudan,35.655376578739386,6.0,0.5928333551907317,-0.5566704811883229,0.1793075810954871,132.36323781467055,2017,141.68
South Sudan,33.975145787582335,7.0,0.689283229116721,-0.6202832982768995,0.1793075810954871,190.0296354304409,2017,141.68
South Sudan,32.554318713156654,8.0,0.7014423545949046,-0.6278301597029091,0.1793075810954871,183.05820923251468,2017,141.68
South Sudan,31.66119422728442,9.0,0.7113546713873424,-0.643731804167766,0.1793075810954871,156.01626666273458,2017,141.68
South Sudan,32.3456629966989,10.0,0.6529539355573455,-0.618718293787969,0.1793075810954871,93.63081754236298,2017,141.68
South Sudan,35.825252860079104,11.0,0.575924957225184,-0.5827375888509096,0.1793075810954871,25.922823858018184,2017,141.68
South Sudan,38.4477754326803,12.0,0.4283544428076312,-0.49037015754672,0.1793075810954871,2.222637256783786,2017,141.68
South Sudan,37.54131819362187,1.0,0.3348100172731392,-0.4267852559273972,0.1920503589403076,0.4323951458857243,2018,235.9
South Sudan,42.07767171449412,2.0,0.3130085612489926,-0.407085646265962,0.1920503589403076,9.374688711890068,2018,235.9
South Sudan,42.80309364364903,3.0,0.3471286947615744,-0.4228153864905427,0.1920503589403076,50.49300310090506,2018,235.9
South Sudan,41.74224197596431,4.0,0.4068256437092918,-0.4541542484481984,0.1920503589403076,69.65285950448867,2018,235.9
South Sudan,39.84432732997459,5.0,0.4621523472802401,-0.4862885153180312,0.1920503589403076,149.22880203888306,2018,235.9
South Sudan,34.020300252680805,6.0,0.624696583053365,-0.5797113315505562,0.1920503589403076,148.52712717657428,2018,235.9
South Sudan,32.279166071161185,7.0,0.6882418043515945,-0.6216824207103862,0.1920503589403076,153.4437514131343,2018,235.9
South Sudan,31.546380685693435,8.0,0.6978486910366897,-0.6334575661038959,0.1920503589403076,190.31056912440025,2018,235.9
South Sudan,33.072814840351946,9.0,0.6925270275363204,-0.637096636018444,0.1920503589403076,148.32071753164126,2018,235.9
South Sudan,34.700982923620515,10.0,0.6253662642224647,-0.6094273954141814,0.1920503589403076,98.09125863990155,2018,235.9
South Sudan,37.330701519095776,11.0,0.5061595903880564,-0.5373836532718078,0.1920503589403076,21.79309306266249,2018,235.9
South Sudan,39.71963098731811,12.0,0.368693261444789,-0.4471193126003173,0.1920503589403076,6.143053640389436,2018,235.9
South Sudan,35.32564945729924,1.0,0.4092325895294846,-0.4808268115231438,0.2230416811893202,2.6103661477912783,2020,286.9
South Sudan,41.5243791469534,2.0,0.3679348390628238,-0.4493650838236903,0.2230416811893202,4.678080872810938,2020,286.9
South Sudan,44.10714170612184,3.0,0.3549755465259134,-0.4324386787354857,0.2230416811893202,39.27284311694281,2020,286.9
South Sudan,42.950555227812856,4.0,0.3871797757832295,-0.4496333156604982,0.2230416811893202,65.21677213165657,2020,286.9
South Sudan,36.92094680065249,5.0,0.5098941042512863,-0.5199763858204929,0.2230416811893202,116.91297898670088,2020,286.9
South Sudan,35.069835370359186,6.0,0.6355756597048987,-0.5901962029410139,0.2230416811893202,134.16293151021645,2020,286.9
South Sudan,28.191443438263363,7.0,0.6660386266830965,-0.6015772575365793,0.2230416811893202,181.96873387105745,2020,286.9
South Sudan,25.35028860164295,8.0,0.7081318626669876,-0.6292172423718101,0.2230416811893202,179.27069316310136,2020,286.9
South Sudan,30.905786430961854,9.0,0.6987629164043672,-0.6335079904744597,0.2230416811893202,149.71336654984046,2020,286.9
South Sudan,32.4417183719863,10.0,0.6687626905046642,-0.6292027365547384,0.2230416811893202,116.885540938855,2020,286.9
South Sudan,34.30528513237011,11.0,0.5854517625396227,-0.5881555503696841,0.2230416811893202,28.58718243065471,2020,286.9
South Sudan,36.31343110649833,12.0,0.4897370020767675,-0.5303351004082105,0.2230416811893202,6.068388723778446,2020,286.9
Togo,35.79278889329643,1.0,0.3308498824420898,-0.4021738260181993,1.4211694896568705,4.60594100300627,2015,377.65
Togo,35.29832420138857,2.0,0.3573043290965872,-0.4405954577776249,1.4211694896568705,25.15337992420499,2015,377.65
Togo,42.96174217003298,3.0,0.3914010497434774,-0.4570070871150116,1.4211694896568705,94.82872768384894,2015,377.65
Togo,36.745894568453615,4.0,0.4534462890683621,-0.4704612611156737,1.4211694896568705,50.66065020238865,2015,377.65
Togo,36.12983293347945,5.0,0.5187825759811459,-0.5271515918356071,1.4211694896568705,98.97064198584278,2015,377.65
Togo,31.05933760720069,6.0,0.5483559922032164,-0.5293612074271207,1.4211694896568705,116.87808475688703,2015,377.65
Togo,35.62251050254382,7.0,0.530480519893959,-0.5117643001248691,1.4211694896568705,147.76543367404258,2015,377.65
Togo,26.252805451655863,8.0,0.582246907571309,-0.527384205298985,1.4211694896568705,200.70393965937905,2015,377.65
Togo,29.907827486551746,9.0,0.632770575708273,-0.5561286710973363,1.4211694896568705,155.71027979860372,2015,377.65
Togo,31.15916304130551,10.0,0.6598654036668989,-0.6065447566985691,1.4211694896568705,140.39672057814434,2015,377.65
Togo,36.591770753582985,11.0,0.5959770938669103,-0.5763168093850409,1.4211694896568705,20.59177937671227,2015,377.65
Togo,34.54010723510764,12.0,0.3626593698214773,-0.4061499333054275,1.4211694896568705,2.4957077600479947,2015,377.65
Togo,39.96230674027486,1.0,0.3225707222591009,-0.4165153289474019,1.498359511981027,4.075199726323143,2016,376.39
Togo,38.509818685628666,2.0,0.2224524066857036,-0.2872521159616329,1.498359511981027,6.1391632841585455,2016,376.39
Togo,46.11581868103893,3.0,0.3804521283060472,-0.4494377354903974,1.498359511981027,109.82549339960458,2016,376.39
Togo,41.29494590666549,4.0,0.5267800380198626,-0.5278117625127244,1.498359511981027,114.16638358708371,2016,376.39
Togo,24.447360439132595,5.0,0.4719309137313949,-0.4816672532951361,1.498359511981027,136.67578971670557,2016,376.39
Togo,29.018765461582973,6.0,0.6172251253217971,-0.5751051693683018,1.498359511981027,152.48264225124743,2016,376.39
Togo,35.27304080839511,7.0,0.439129515013046,-0.4496090119757904,1.498359511981027,198.6887942565602,2016,376.39
Togo,28.29140349810348,8.0,0.495782812909927,-0.4631926412280121,1.498359511981027,192.74152376076543,2016,376.39
Togo,30.44845238068017,9.0,0.5925060865284932,-0.5381758522026262,1.498359511981027,251.61420080308133,2016,376.39
Togo,33.31750305633539,10.0,0.6574586835250128,-0.6021525802893248,1.498359511981027,98.88492378951828,2016,376.39
Togo,35.96432199780482,11.0,0.5428539901694455,-0.5554369657804032,1.498359511981027,15.144372910660142,2016,376.39
Togo,37.71692594698113,12.0,0.4381752155681457,-0.4886222405868047,1.498359511981027,10.379002678645955,2016,376.39
Togo,37.77564195209506,1.0,0.3659520293942118,-0.4400473691240422,1.5569960419378224,6.103206264157878,2017,370.86
Togo,38.78168272943387,2.0,0.3093960586970917,-0.3676682053417672,1.5569960419378224,8.597041109701367,2017,370.86
Togo,43.54058993863375,3.0,0.3797066316718271,-0.4468655035795031,1.5569960419378224,27.38687143859929,2017,370.86
Togo,37.60271329076926,4.0,0.5366421657680986,-0.5306083132079306,1.5569960419378224,85.01857684130553,2017,370.86
Togo,27.201940505584272,5.0,0.4872534355299971,-0.4948601125101943,1.5569960419378224,123.07755710470629,2017,370.86
Togo,31.722358329341123,6.0,0.5860107634805299,-0.5513842579963125,1.5569960419378224,232.68424996673548,2017,370.86
Togo,31.51479718096761,7.0,0.5288894410086371,-0.5051432044219457,1.5569960419378224,225.1264174194449,2017,370.86
Togo,28.0267918261505,8.0,0.5061071863931028,-0.455385574370805,1.5569960419378224,189.07184732877923,2017,370.86
Togo,30.357892735259465,9.0,0.6698496152800167,-0.6095922983914832,1.5569960419378224,143.58140916713833,2017,370.86
Togo,32.27184475769031,10.0,0.6505969717167559,-0.5983019890105961,1.5569960419378224,63.07180476969031,2017,370.86
Togo,36.2457798026589,11.0,0.5478033487162631,-0.5633181409583435,1.5569960419378224,29.181702370283503,2017,370.86
Togo,36.49170215495599,12.0,0.3822261101696469,-0.418673250981432,1.5569960419378224,9.058994650409334,2017,370.86
Togo,37.2453625043906,1.0,0.3405228435108378,-0.4103196854091945,1.6681948734561285,2.90562469823698,2018,267.3
Togo,40.94641271845854,2.0,0.3124490095920379,-0.3935468431235713,1.6681948734561285,27.87990657261931,2018,267.3
Togo,32.50886349734682,3.0,0.4002916774929725,-0.4550849539704175,1.6681948734561285,71.7979914979231,2018,267.3
Togo,39.061414356244605,4.0,0.464739401915987,-0.4751244253778297,1.6681948734561285,75.28711207476817,2018,267.3
Togo,30.83979716822812,5.0,0.5164020577549941,-0.5135074056099653,1.6681948734561285,114.441267903498,2018,267.3
Togo,33.62474517794852,6.0,0.5481302921602379,-0.5237017301805124,1.6681948734561285,157.80187649159018,2018,267.3
Togo,24.39171327418872,7.0,0.473286107107308,-0.4452770148168359,1.6681948734561285,208.6906719307933,2018,267.3
Togo,30.836885453144124,8.0,0.5915008672306804,-0.5450263408604754,1.6681948734561285,209.7777359220818,2018,267.3
Togo,23.6622220840976,9.0,0.6649973475229466,-0.6022277470680089,1.6681948734561285,239.52727080410816,2018,267.3
Togo,33.0198532940022,10.0,0.6220526253356174,-0.5743852814031312,1.6681948734561285,150.60834292495863,2018,267.3
Togo,34.33711175582559,11.0,0.5724662607451854,-0.569850215629533,1.6681948734561285,15.58575516884317,2018,267.3
Togo,37.20469463843496,12.0,0.4255229889401937,-0.4812466481074711,1.6681948734561285,3.7454745623063954,2018,267.3
Togo,35.14384381793356,1.0,0.3669128634781056,-0.4425824329315108,1.8004038016658812,3.8131138097133936,2020,228.9
Togo,40.346845556068224,2.0,0.2918278758748617,-0.3741259801863744,1.8004038016658812,0.8120090000392429,2020,228.9
Togo,41.01119735739847,3.0,0.380867125541292,-0.4470188690444572,1.8004038016658812,57.57823839000001,2020,228.9
Togo,36.18451571340829,4.0,0.5157772799225645,-0.5234690063790854,1.8004038016658812,103.3577403843232,2020,228.9
Togo,37.41476075983351,5.0,0.5362126560934115,-0.5249581135421836,1.8004038016658812,176.0183858312785,2020,228.9
Togo,27.529711953330747,6.0,0.5184644243986634,-0.5086515961606108,1.8004038016658812,177.9528221159396,2020,228.9
Togo,32.711818171410535,7.0,0.3102301833208601,-0.3544969228789751,1.8004038016658812,242.93348811481508,2020,228.9
Togo,32.86109034283859,8.0,0.6077658201740604,-0.5789685748044197,1.8004038016658812,107.75681280824024,2020,228.9
Togo,27.57860662239789,9.0,0.5967953972975721,-0.5574441825881925,1.8004038016658812,234.9591714542973,2020,228.9
Togo,31.612850568234894,10.0,0.6900938470543282,-0.6306856543732432,1.8004038016658812,110.35724466201997,2020,228.9
Togo,37.587273806404205,11.0,0.573842460020632,-0.5714528997227821,1.8004038016658812,9.365032848865672,2020,228.9
Togo,38.896777115167446,12.0,0.4617872547133591,-0.5109903160970961,1.8004038016658812,5.9450850484656,2020,228.9
Uganda,32.7927497827817,1.0,0.4547558800859632,-0.457785974441642,1.5227551613151853,9.658685283983685,2015,203.83
Uganda,37.1952785537873,2.0,0.375839264602246,-0.3996503955857748,1.5227551613151853,29.64706705078303,2015,203.83
Uganda,41.02526675792742,3.0,0.3203285703819995,-0.3554452670036683,1.5227551613151853,86.87359444502844,2015,203.83
Uganda,28.578703439932653,4.0,0.5640662182290492,-0.4895685207098679,1.5227551613151853,199.542980673802,2015,203.83
Uganda,28.90587393813894,5.0,0.614508593988489,-0.5154423325013371,1.5227551613151853,133.03442327158413,2015,203.83
Uganda,29.858123352093056,6.0,0.612581321387086,-0.5308684932087886,1.5227551613151853,130.24120700196588,2015,203.83
Uganda,31.555794791620443,7.0,0.5500452042081588,-0.481765906544188,1.5227551613151853,73.53894269455414,2015,203.83
Uganda,31.94722116878545,8.0,0.5605103067295278,-0.5230425173111851,1.5227551613151853,89.62815778764977,2015,203.83
Uganda,32.48581908307816,9.0,0.524510674258234,-0.4901160940619642,1.5227551613151853,102.0777557275953,2015,203.83
Uganda,31.926365858942475,10.0,0.5009746074511415,-0.449495154621307,1.5227551613151853,187.5175090201897,2015,203.83
Uganda,29.93916174058388,11.0,0.6037091132113135,-0.5478740968332086,1.5227551613151853,185.24911362699635,2015,203.83
Uganda,29.791722820828035,12.0,0.6101592029530765,-0.5537728772427046,1.5227551613151853,73.50989650349491,2015,203.83
Uganda,29.523507498929813,1.0,0.4699071637896531,-0.4455611247860355,1.5708772889777602,41.24817433500527,2016,203.09
Uganda,37.32250174625744,2.0,0.4452941728362265,-0.4514133234972559,1.5708772889777602,19.37584428487242,2016,203.09
Uganda,37.7261353167867,3.0,0.3923751896490717,-0.3953911472414963,1.5708772889777602,87.34609026253241,2016,203.09
Uganda,30.813344918174742,4.0,0.5756862974621212,-0.5339311129335461,1.5708772889777602,245.9912202598761,2016,203.09
Uganda,29.02600260951896,5.0,0.6170777148649714,-0.5365325257573625,1.5708772889777602,130.5199666759995,2016,203.09
Uganda,29.95799484261053,6.0,0.5777733341511146,-0.5220368823548504,1.5708772889777602,78.84971933287588,2016,203.09
Uganda,30.44874310406124,7.0,0.5625909235897391,-0.501547579875007,1.5708772889777602,69.18921971937158,2016,203.09
Uganda,32.53000309737277,8.0,0.5542882260401927,-0.5099574228748828,1.5708772889777602,80.96649512235983,2016,203.09
Uganda,32.69550880825011,9.0,0.4878597613074449,-0.4366769348596911,1.5708772889777602,107.83165105523362,2016,203.09
Uganda,28.977166908941506,10.0,0.4997223952691182,-0.4613522759951097,1.5708772889777602,127.6157213608066,2016,203.09
Uganda,32.20462711602272,11.0,0.5264947555697082,-0.4851120170949174,1.5708772889777602,107.45791389744149,2016,203.09
Uganda,34.72753794977307,12.0,0.4934356437723778,-0.4786881265139651,1.5708772889777602,33.841517440323926,2016,203.09
Uganda,38.89845969033578,1.0,0.3728739444988066,-0.401248961651573,1.6224663413211675,22.02374744205889,2017,200.66
Uganda,41.80930483290832,2.0,0.3427019418310521,-0.3830636817489664,1.6224663413211675,83.79597348338876,2017,200.66
Uganda,37.952722055979386,3.0,0.4451423615376485,-0.4467713481847802,1.6224663413211675,95.59757305477534,2017,200.66
Uganda,33.85148038406583,4.0,0.4597969394995116,-0.4358400697630843,1.6224663413211675,145.73048141270868,2017,200.66
Uganda,30.27767614171259,5.0,0.5602862221917845,-0.5086482512937445,1.6224663413211675,146.8984266323781,2017,200.66
Uganda,31.623209378307045,6.0,0.4990333212938442,-0.4336698403346415,1.6224663413211675,76.47634164933093,2017,200.66
Uganda,28.82576489304436,7.0,0.5032049763065598,-0.4399788210560607,1.6224663413211675,135.6970229027348,2017,200.66
Uganda,30.6100436153812,8.0,0.5398572337828428,-0.4860210221511499,1.6224663413211675,123.9872911358887,2017,200.66
Uganda,30.24294257015434,9.0,0.540728374560476,-0.4613687131342255,1.6224663413211675,141.20028695506818,2017,200.66
Uganda,26.379853087139857,10.0,0.6140931582898328,-0.5377395297300415,1.6224663413211675,126.1758875704016,2017,200.66
Uganda,31.69177280755165,11.0,0.6237878129378145,-0.57581892813694,1.6224663413211675,107.25568288642496,2017,200.66
Uganda,32.05636325936482,12.0,0.4966927182740016,-0.4855534625565001,1.6224663413211675,23.728586265907804,2017,200.66
Uganda,34.71059404528367,1.0,0.3800097378073614,-0.4133475216123113,1.671748701088614,20.703120166183936,2018,289.2
Uganda,34.1107989454399,2.0,0.3418334174685354,-0.3744620231079871,1.671748701088614,46.070533095643846,2018,289.2
Uganda,33.364672914658094,3.0,0.4662198628500936,-0.4315991919459599,1.671748701088614,170.67658992134582,2018,289.2
Uganda,28.209863561307145,4.0,0.5753709578428698,-0.5420855572025707,1.671748701088614,227.4733081228701,2018,289.2
Uganda,28.195029864365104,5.0,0.5989341867694618,-0.5098787082221381,1.671748701088614,187.1880800214145,2018,289.2
Uganda,29.93665587720928,6.0,0.5979854739247761,-0.5242334106582126,1.671748701088614,125.74706925145875,2018,289.2
Uganda,30.51444065449825,7.0,0.5686573544829199,-0.5082572609080399,1.671748701088614,62.81992909937007,2018,289.2
Uganda,30.471501476386983,8.0,0.5300828505703621,-0.4799996694938164,1.671748701088614,133.49665632715073,2018,289.2
Uganda,32.68684070822744,9.0,0.5716041050514564,-0.5251545374306019,1.671748701088614,103.1239623764958,2018,289.2
Uganda,32.17573065012056,10.0,0.5480124996787433,-0.50731032435388,1.671748701088614,126.2426551630833,2018,289.2
Uganda,29.45253897237365,11.0,0.5640125371717544,-0.5061448144924394,1.671748701088614,86.09984377191168,2018,289.2
Uganda,33.57524633371273,12.0,0.5191081271601239,-0.4815160170237513,1.671748701088614,99.01404581963024,2018,289.2
Uganda,31.95045137025232,1.0,0.5628797711410032,-0.5276207607244255,1.779538721712437,57.75572619980501,2020,283.8
Uganda,33.64648421846341,2.0,0.5355677086326468,-0.5043403540904529,1.779538721712437,41.11331805527091,2020,283.8
Uganda,30.796684509707724,3.0,0.553744329395895,-0.519302814845262,1.779538721712437,169.0971948883817,2020,283.8
Uganda,28.365438999937744,4.0,0.5795457588863276,-0.5248097144273762,1.779538721712437,187.15539362343736,2020,283.8
Uganda,29.854859420141786,5.0,0.6151750702936297,-0.5354233146807351,1.779538721712437,128.84055379930982,2020,283.8
Uganda,31.466862301754244,6.0,0.6237913848692513,-0.5551557237633895,1.779538721712437,99.539568631613,2020,283.8
Uganda,28.528604516098746,7.0,0.5341296159937171,-0.4501557879661239,1.779538721712437,110.99240978516076,2020,283.8
Uganda,31.072948786571285,8.0,0.5348173145368816,-0.4785572180105051,1.779538721712437,147.33979427726837,2020,283.8
Uganda,31.11449475025552,9.0,0.5604908331760899,-0.4923151038591024,1.779538721712437,138.0130220614212,2020,283.8
Uganda,29.628742091070983,10.0,0.6012001980822647,-0.5393113392365851,1.779538721712437,175.35496302394745,2020,283.8
Uganda,30.87348628309169,11.0,0.5891969326605585,-0.5116019136489715,1.779538721712437,179.0280820397902,2020,283.8
Uganda,30.28056590077132,12.0,0.6195353517931111,-0.5740587723369237,1.779538721712437,72.88841679738287,2020,283.8
United Republic of Tanzania,30.96682474681387,1.0,0.5600061566641051,-0.5280534794430771,0.4385623891567243,124.8516618123866,2015,112.94
United Republic of Tanzania,32.35396230108009,2.0,0.5486210810122147,-0.5178279746540445,0.4385623891567243,88.79906504611607,2015,112.94
United Republic of Tanzania,31.609962232984905,3.0,0.505908899927003,-0.492067902880756,0.4385623891567243,129.52465849050685,2015,112.94
United Republic of Tanzania,29.408512053127968,4.0,0.5539108170342312,-0.5155035354424808,0.4385623891567243,202.0271689189633,2015,112.94
United Republic of Tanzania,30.04989701455238,5.0,0.561394677296544,-0.528218341914401,0.4385623891567243,68.83704273208565,2015,112.94
United Republic of Tanzania,32.22887423292168,6.0,0.5117218194701886,-0.5382461623584818,0.4385623891567243,10.849757960324125,2015,112.94
United Republic of Tanzania,33.51960697623632,7.0,0.3852886950714522,-0.4467386249941893,0.4385623891567243,5.028883536429531,2015,112.94
United Republic of Tanzania,36.24149721073312,8.0,0.3461172607589296,-0.4250998970308548,0.4385623891567243,6.21207032837787,2015,112.94
United Republic of Tanzania,39.322534326915125,9.0,0.3185163034987773,-0.4081085614607981,0.4385623891567243,11.377914456007154,2015,112.94
United Republic of Tanzania,43.77199461167626,10.0,0.3126206572149106,-0.4053279542052771,0.4385623891567243,48.527814622648,2015,112.94
United Republic of Tanzania,37.05386406833368,11.0,0.4133683684520626,-0.4542025960815692,0.4385623891567243,123.95857555043844,2015,112.94
United Republic of Tanzania,33.309536359416384,12.0,0.5554939758737395,-0.5178127242859916,0.4385623891567243,172.14416122300403,2015,112.94
United Republic of Tanzania,31.18643815627208,1.0,0.5533568763078225,-0.5172657478943642,0.4512129519155661,265.2909894618575,2016,113.68
United Republic of Tanzania,32.690887607508934,2.0,0.6019829801394327,-0.5620302310053586,0.4512129519155661,129.53939372793155,2016,113.68
United Republic of Tanzania,33.40099626480602,3.0,0.5948638461741848,-0.5530206386041452,0.4512129519155661,148.4439661110404,2016,113.68
United Republic of Tanzania,27.729989225323347,4.0,0.5668753219520438,-0.5196128419893618,0.4512129519155661,229.58872203317023,2016,113.68
United Republic of Tanzania,30.25991978824777,5.0,0.5899147455671065,-0.5673859480299203,0.4512129519155661,45.15648894480031,2016,113.68
United Republic of Tanzania,30.701471837035225,6.0,0.5063428908070057,-0.5342063924510879,0.4512129519155661,6.822549634133347,2016,113.68
United Republic of Tanzania,31.902924069452617,7.0,0.4273732919309937,-0.4834594462018181,0.4512129519155661,4.665938151423992,2016,113.68
United Republic of Tanzania,35.23175626805231,8.0,0.3556484843573294,-0.4343763277268472,0.4512129519155661,6.099100929476883,2016,113.68
United Republic of Tanzania,38.88691957522921,9.0,0.3248286325182108,-0.4110595301661354,0.4512129519155661,9.969605017546,2016,113.68
United Republic of Tanzania,42.39227059056402,10.0,0.3507698458131962,-0.4348458721962698,0.4512129519155661,27.70664752056194,2016,113.68
United Republic of Tanzania,41.83381537334398,11.0,0.3550927320838799,-0.431698512267887,0.4512129519155661,57.6532164200521,2016,113.68
United Republic of Tanzania,38.13059740535531,12.0,0.4456715715465292,-0.4600971407767921,0.4512129519155661,80.129937249277,2016,113.68
United Republic of Tanzania,36.09034159816723,1.0,0.4768266672566723,-0.4822620835463282,0.464730357218331,102.7454568474814,2017,113.86
United Republic of Tanzania,33.97207739284866,2.0,0.4997444367205174,-0.4946706179473196,0.464730357218331,141.40184975179693,2017,113.86
United Republic of Tanzania,31.072552721707485,3.0,0.567225123453532,-0.5225219143972566,0.464730357218331,167.35637268806838,2017,113.86
United Republic of Tanzania,29.430680590353216,4.0,0.5510592926309211,-0.4976140233271902,0.464730357218331,160.50464727711605,2017,113.86
United Republic of Tanzania,31.7159009069595,5.0,0.5597877612657205,-0.5412123358336451,0.464730357218331,89.50982238382457,2017,113.86
United Republic of Tanzania,32.01847637711225,6.0,0.4846215507315253,-0.5080004588525566,0.464730357218331,8.328322976522289,2017,113.86
United Republic of Tanzania,32.81521536310926,7.0,0.4162763372124876,-0.4710751422136396,0.464730357218331,7.305488083282376,2017,113.86
United Republic of Tanzania,35.84436033978056,8.0,0.3513618312704223,-0.4304776261160828,0.464730357218331,8.956253074568519,2017,113.86
United Republic of Tanzania,39.84959783116913,9.0,0.3328378720553377,-0.417914977348676,0.464730357218331,13.75756438943172,2017,113.86
United Republic of Tanzania,42.68137872247887,10.0,0.3438513096229148,-0.426516835980227,0.464730357218331,48.118543520871015,2017,113.86
United Republic of Tanzania,37.23059972539958,11.0,0.3884220593312878,-0.4336367712567414,0.464730357218331,115.80534779876945,2017,113.86
United Republic of Tanzania,34.72219060210053,12.0,0.4966668437115757,-0.4952249011880224,0.464730357218331,138.93582209048355,2017,113.86
United Republic of Tanzania,30.57117120746549,1.0,0.537542381759575,-0.4935594515881605,0.4779532835649592,213.61332240508864,2018,124.3
United Republic of Tanzania,32.96341262130052,2.0,0.5682332371712195,-0.544784859767993,0.4779532835649592,72.88401142974267,2018,124.3
United Republic of Tanzania,27.55357236336465,3.0,0.6062450761628108,-0.5472712326310046,0.4779532835649592,235.7264525228729,2018,124.3
United Republic of Tanzania,28.18089263209613,4.0,0.6053167993982005,-0.5599882581280251,0.4779532835649592,258.2477142325054,2018,124.3
United Republic of Tanzania,29.510681947553813,5.0,0.5966343086924977,-0.5646100010230042,0.4779532835649592,73.07337292370772,2018,124.3
United Republic of Tanzania,30.124186696489108,6.0,0.537300596382314,-0.545930117320351,0.4779532835649592,9.082153204248373,2018,124.3
United Republic of Tanzania,31.32957965451635,7.0,0.4330123441765466,-0.4785731564032707,0.4779532835649592,6.250246050532572,2018,124.3
United Republic of Tanzania,34.47231911496343,8.0,0.3705309475804302,-0.4394978483125097,0.4779532835649592,9.76662169540258,2018,124.3
United Republic of Tanzania,38.986814084066346,9.0,0.3536820730348472,-0.4328940448220468,0.4779532835649592,10.343227601600278,2018,124.3
United Republic of Tanzania,39.657072954770136,10.0,0.340489164750056,-0.4103748049157384,0.4779532835649592,36.257910196674445,2018,124.3
United Republic of Tanzania,37.17617635260722,11.0,0.3907722737046888,-0.441546412951588,0.4779532835649592,72.81226432859107,2018,124.3
United Republic of Tanzania,34.60690776600024,12.0,0.5001886327275593,-0.4903366243575786,0.4779532835649592,189.97056831092547,2018,124.3
United Republic of Tanzania,28.86903527236585,1.0,0.6223457757223333,-0.5615943255107164,0.5068751498012696,263.87205611011626,2020,120.2
United Republic of Tanzania,30.45319259905525,2.0,0.6270532390072001,-0.5666817648171645,0.5068751498012696,138.25801129970856,2020,120.2
United Republic of Tanzania,28.879563078262454,3.0,0.6268304055403724,-0.5705389920468802,0.5068751498012696,302.891117462628,2020,120.2
United Republic of Tanzania,28.19350751946892,4.0,0.5950602429758892,-0.5420989501330478,0.5068751498012696,214.30542330957425,2020,120.2
United Republic of Tanzania,29.536700076374466,5.0,0.588210922620282,-0.5473473462133625,0.5068751498012696,48.085411507995154,2020,120.2
United Republic of Tanzania,30.009703324855607,6.0,0.532972046101177,-0.540058444203649,0.5068751498012696,7.4684711380951585,2020,120.2
United Republic of Tanzania,30.289239217335485,7.0,0.4502887322838635,-0.4792921645318636,0.5068751498012696,7.430074873842773,2020,120.2
United Republic of Tanzania,35.16929643184565,8.0,0.3829586535570004,-0.444417997447854,0.5068751498012696,7.886413784622366,2020,120.2
United Republic of Tanzania,37.7443725710113,9.0,0.3488040926224807,-0.4191005162751423,0.5068751498012696,14.58132041831452,2020,120.2
United Republic of Tanzania,40.48197117265109,10.0,0.3741972178636336,-0.4411569657832667,0.5068751498012696,44.05771022881467,2020,120.2
United Republic of Tanzania,36.981836448952365,11.0,0.490580437089339,-0.4797772708353833,0.5068751498012696,118.21979468752512,2020,120.2
United Republic of Tanzania,32.67056675370639,12.0,0.5373148978023522,-0.5156183774918098,0.5068751498012696,138.6033143137718,2020,120.2
Zambia,28.587009230620065,1.0,0.6256232338834726,-0.5797124370039077,0.1763001919394586,221.25217601295628,2015,207.89
Zambia,29.988994487444256,2.0,0.6820911615607295,-0.6263404609748772,0.1763001919394586,160.96896058657347,2015,207.89
Zambia,31.138321562379105,3.0,0.6637561866008032,-0.6209762756735892,0.1763001919394586,107.84532300528328,2015,207.89
Zambia,28.653524610989344,4.0,0.6518225113863114,-0.6218033530975879,0.1763001919394586,101.35095393253104,2015,207.89
Zambia,28.115267472348144,5.0,0.6128293951764255,-0.6120841365500533,0.1763001919394586,2.36344787480597,2015,207.89
Zambia,27.14476910186564,6.0,0.542784417972787,-0.5787471731886893,0.1763001919394586,0.0024871741056405,2015,207.89
Zambia,28.5970254838976,7.0,0.4587429640529464,-0.5226499430879199,0.1763001919394586,0.0001101503787619,2015,207.89
Zambia,33.713916583948865,8.0,0.3780797650594893,-0.4651056138541787,0.1763001919394586,0.0070410970655437,2015,207.89
Zambia,39.52094721527968,9.0,0.3477375312084234,-0.437893286376314,0.1763001919394586,2.6361190882471583,2015,207.89
Zambia,44.30683322108733,10.0,0.3891844007761569,-0.4560816091916614,0.1763001919394586,17.716833914269028,2015,207.89
Zambia,43.05874858792745,11.0,0.4339849854180141,-0.4842529224469764,0.1763001919394586,96.89047363027188,2015,207.89
Zambia,35.096956151166694,12.0,0.5553386820043867,-0.5427403770354261,0.1763001919394586,172.97761939852103,2015,207.89
Zambia,34.87732120240706,1.0,0.6374160351688021,-0.6051327963913865,0.1827927247998764,221.36544700402104,2016,204.19
Zambia,31.021705186285235,2.0,0.6797426833963258,-0.6289021706216499,0.1827927247998764,163.32402260290218,2016,204.19
Zambia,28.696484980205312,3.0,0.672586720112103,-0.6195642234218464,0.1827927247998764,222.71865305246163,2016,204.19
Zambia,29.78812793999631,4.0,0.6461439446607052,-0.6183452206272554,0.1827927247998764,27.98743026867686,2016,204.19
Zambia,28.15348311874335,5.0,0.5996062174060597,-0.6112939241924189,0.1827927247998764,2.0930209288039863,2016,204.19
Zambia,27.356007936730165,6.0,0.5251364608412099,-0.5798530294216734,0.1827927247998764,0.0003473835470188,2016,204.19
Zambia,28.268921157119628,7.0,0.4471451131557466,-0.5178795809121648,0.1827927247998764,0.0001582490657752,2016,204.19
Zambia,33.28400091685764,8.0,0.3781092317825056,-0.4686784764464926,0.1827927247998764,0.0274375573759662,2016,204.19
Zambia,40.55231925635082,9.0,0.3493380257429537,-0.4419984323037328,0.1827927247998764,1.1482047670414803,2016,204.19
Zambia,45.949004736263085,10.0,0.377152175014565,-0.4574543947252469,0.1827927247998764,11.39834699369558,2016,204.19
Zambia,44.84040910822203,11.0,0.4188737400291064,-0.4791343917805172,0.1827927247998764,106.1046064352536,2016,204.19
Zambia,32.674320435507624,12.0,0.6064980750087039,-0.5772621674600208,0.1827927247998764,191.2402483922341,2016,204.19
Zambia,25.511886521937143,1.0,0.6527597686439223,-0.5968357509059043,0.1900597832988491,262.493431710821,2017,203.32
Zambia,27.736585910003544,2.0,0.6692064856727555,-0.6165155858714646,0.1900597832988491,304.0698034416849,2017,203.32
Zambia,28.061380864644043,3.0,0.6545859068763197,-0.6074784899073825,0.1900597832988491,146.01331396647743,2017,203.32
Zambia,28.91240873222208,4.0,0.668846478316343,-0.6319780318567044,0.1900597832988491,68.4116811947498,2017,203.32
Zambia,28.19921525587271,5.0,0.6232276852802373,-0.6135823825449677,0.1900597832988491,2.267256973767813,2017,203.32
Zambia,27.02564422262056,6.0,0.563257570663655,-0.5880786760764916,0.1900597832988491,0.0005353130953254,2017,203.32
Zambia,27.507004753499803,7.0,0.4944409003460237,-0.5467657135133211,0.1900597832988491,0.0001772108934318,2017,203.32
Zambia,32.27195104218925,8.0,0.4149309560369132,-0.485521661230668,0.1900597832988491,0.0098589066085062,2017,203.32
Zambia,38.92017899422882,9.0,0.358437062280027,-0.4486869825311457,0.1900597832988491,1.0784153360725026,2017,203.32
Zambia,43.25970865125461,10.0,0.3892060440626257,-0.463486368284068,0.1900597832988491,37.50854653811397,2017,203.32
Zambia,39.57136342726909,11.0,0.4584290418158386,-0.4920828467083625,0.1900597832988491,132.48138208126187,2017,203.32
Zambia,28.20645109493288,12.0,0.6165585859598571,-0.5698177659155403,0.1900597832988491,228.18989630861955,2017,203.32
Zambia,31.89460076750301,1.0,0.6683307640988142,-0.6254252939832748,0.1968989005130354,133.88020075530798,2018,156.7
Zambia,25.32054040880964,2.0,0.6784481166236053,-0.6203129087316593,0.1968989005130354,277.17126921933374,2018,156.7
Zambia,27.738689966238496,3.0,0.6406569901988127,-0.5897574605733925,0.1968989005130354,199.69250041217785,2018,156.7
Zambia,28.59743941611218,4.0,0.6524159106806333,-0.6210047797100877,0.1968989005130354,69.17377258178072,2018,156.7
Zambia,28.55650407838141,5.0,0.6171766522275527,-0.6128307301320118,0.1968989005130354,5.409935109646522,2018,156.7
Zambia,26.482319288651624,6.0,0.5538794025969408,-0.5870208382374541,0.1968989005130354,0.0003478820608787,2018,156.7
Zambia,26.715279264075,7.0,0.4789791470792023,-0.5379184884987754,0.1968989005130354,0.0001679400959186,2018,156.7
Zambia,32.90386146322992,8.0,0.3988437781402544,-0.4746419532052172,0.1968989005130354,0.1960767142695094,2018,156.7
Zambia,40.480782580024766,9.0,0.3719110922521343,-0.4596309180865183,0.1968989005130354,1.2226800843772736,2018,156.7
Zambia,42.822304074289264,10.0,0.4082720613973076,-0.4763996424737712,0.1968989005130354,16.49692377002786,2018,156.7
Zambia,42.77952794003848,11.0,0.4428647728896952,-0.4938364933307326,0.1968989005130354,67.36686995827766,2018,156.7
Zambia,36.25328839983111,12.0,0.5255390405891827,-0.5325100899584151,0.1968989005130354,188.7177386570993,2018,156.7
Zambia,29.91490741240404,1.0,0.656241684204222,-0.6132862845553628,0.2128878995847458,250.45735423482907,2020,189.9
Zambia,26.61226305576308,2.0,0.6328584324119009,-0.5836755070381011,0.2128878995847458,237.0431408923297,2020,189.9
Zambia,26.24379003418968,3.0,0.6361782866647168,-0.5898659200998416,0.2128878995847458,189.9300709199536,2020,189.9
Zambia,29.828643942814526,4.0,0.6498115233580755,-0.6211248883850912,0.2128878995847458,36.160334684886166,2020,189.9
Zambia,28.21800476812796,5.0,0.5779077265217217,-0.5968935713204395,0.2128878995847458,2.8400661073819946,2020,189.9
Zambia,27.25988848364669,6.0,0.5117901267688508,-0.5590787871702714,0.2128878995847458,0.6046980782213218,2020,189.9
Zambia,27.180215053678094,7.0,0.4555911552780253,-0.5219902614636159,0.2128878995847458,0.0707645741251724,2020,189.9
Zambia,32.670220919281014,8.0,0.383688972261552,-0.4658105744137017,0.2128878995847458,0.2154333367200178,2020,189.9
Zambia,39.42199929593443,9.0,0.3491279309931809,-0.4406778251884392,0.2128878995847458,2.269095618010201,2020,189.9
Zambia,44.61435279091744,10.0,0.4082446409469469,-0.4742983901137364,0.2128878995847458,20.210484341611064,2020,189.9
Zambia,37.508499238534704,11.0,0.4540248792747976,-0.4856243092737254,0.2128878995847458,85.04102242633937,2020,189.9
Zambia,26.502029015234207,12.0,0.5839567495171135,-0.5493393719807695,0.2128878995847458,237.84266822360783,2020,189.9
Zimbabwe,34.27928077857199,1.0,0.5726924782027583,-0.5670731835946112,0.2757582709817789,115.61032140769592,2015,87.08
Zimbabwe,35.45854429395993,2.0,0.5791211348067122,-0.5852046202574438,0.2757582709817789,86.37924019036431,2015,87.08
Zimbabwe,35.84922200383794,3.0,0.5566862377114423,-0.5823603246678564,0.2757582709817789,63.553691422034944,2015,87.08
Zimbabwe,30.22110561999433,4.0,0.5506718644089749,-0.5693867025691665,0.2757582709817789,48.43605403982664,2015,87.08
Zimbabwe,30.10253547496395,5.0,0.5047117100563538,-0.5577605447130678,0.2757582709817789,0.9419849042638986,2015,87.08
Zimbabwe,26.974967751347343,6.0,0.42453263674701,-0.5212839360707318,0.2757582709817789,0.9039213574179216,2015,87.08
Zimbabwe,28.20888636712049,7.0,0.3587608700579706,-0.4886898345604653,0.2757582709817789,0.4818910225869494,2015,87.08
Zimbabwe,32.80362764381624,8.0,0.3100601237855275,-0.4554843350451134,0.2757582709817789,0.3860277637571344,2015,87.08
Zimbabwe,39.69614004864585,9.0,0.299230732452129,-0.4433388288152458,0.2757582709817789,3.6172432457575976,2015,87.08
Zimbabwe,46.33387895824679,10.0,0.3020363091017662,-0.4335933825837801,0.2757582709817789,9.041363077529038,2015,87.08
Zimbabwe,50.92871987355017,11.0,0.3012836484335791,-0.4332314529055182,0.2757582709817789,46.35656799112474,2015,87.08
Zimbabwe,40.56551448720907,12.0,0.4315614337874707,-0.4871527917748323,0.2757582709817789,76.00822979625934,2015,87.08
Zimbabwe,38.792374613893465,1.0,0.4767302201425084,-0.5218467445731997,0.2798692621090429,104.58089556723678,2016,58.2
Zimbabwe,39.407745432419794,2.0,0.5115295720860457,-0.5448853108716858,0.2798692621090429,105.92998877793856,2016,58.2
Zimbabwe,30.077823827100328,3.0,0.5809559913389306,-0.5857163314952754,0.2798692621090429,149.4538811873232,2016,58.2
Zimbabwe,32.68041618644606,4.0,0.5699757867326198,-0.5879779270286333,0.2798692621090429,23.71838777643274,2016,58.2
Zimbabwe,29.30411390270953,5.0,0.4996429558635791,-0.5682815411099663,0.2798692621090429,2.189179805581147,2016,58.2
Zimbabwe,27.16800385434628,6.0,0.4135294796870477,-0.5200315207347278,0.2798692621090429,1.5223179507167082,2016,58.2
Zimbabwe,28.097948110875976,7.0,0.353112008469059,-0.4801656226116184,0.2798692621090429,0.7571786603440741,2016,58.2
Zimbabwe,32.61317343533374,8.0,0.3087674280404836,-0.4581872769836356,0.2798692621090429,0.4698900900796008,2016,58.2
Zimbabwe,40.17730753008433,9.0,0.2784580504166943,-0.4266116658965195,0.2798692621090429,1.0473571411813354,2016,58.2
Zimbabwe,47.11740755081289,10.0,0.2766914176428309,-0.4276615333923704,0.2798692621090429,10.073358484397335,2016,58.2
Zimbabwe,43.76935218237264,11.0,0.3052404960390972,-0.4324247241966517,0.2798692621090429,80.90883059178536,2016,58.2
Zimbabwe,37.50130084435755,12.0,0.4560635909579393,-0.5017253474183626,0.2798692621090429,227.03382690870112,2016,58.2
Zimbabwe,29.89449999922808,1.0,0.5616102074898995,-0.5554989632073835,0.2831631486420778,292.14535659317653,2017,95.22
Zimbabwe,26.57556771829723,2.0,0.5958792851178665,-0.570240705666542,0.2831631486420778,239.06484025253096,2017,95.22
Zimbabwe,28.487919624813365,3.0,0.621707210228785,-0.6069277521071517,0.2831631486420778,88.32810643410896,2017,95.22
Zimbabwe,29.240603439121408,4.0,0.5850125760275007,-0.6032810122522337,0.2831631486420778,32.71507887303137,2017,95.22
Zimbabwe,28.192266291526806,5.0,0.5578673252881666,-0.5938702012493479,0.2831631486420778,3.91152303508743,2017,95.22
Zimbabwe,26.10268956622097,6.0,0.4899300673217436,-0.5578394461487938,0.2831631486420778,1.068647529171665,2017,95.22
Zimbabwe,26.888404384086822,7.0,0.4227242824758144,-0.5199055806497033,0.2831631486420778,0.9454674407003394,2017,95.22
Zimbabwe,31.02484013852665,8.0,0.3591176085220021,-0.4819817467239055,0.2831631486420778,0.637220861114171,2017,95.22
Zimbabwe,38.95450830074172,9.0,0.3156987834536056,-0.4502099385377925,0.2831631486420778,1.6892322770669526,2017,95.22
Zimbabwe,45.04984211891487,10.0,0.3242072839236713,-0.4477504158592521,0.2831631486420778,41.2588781083133,2017,95.22
Zimbabwe,41.69882976471559,11.0,0.3487872670096947,-0.4470269699770432,0.2831631486420778,82.31204028418382,2017,95.22
Zimbabwe,39.963342707189966,12.0,0.508343907700921,-0.5430965725304279,0.2831631486420778,98.18589364963924,2017,95.22
Zimbabwe,39.33752185971895,1.0,0.532501021484874,-0.561179389450508,0.286489914900202,64.22500853192136,2018,51.0
Zimbabwe,27.45142327973524,2.0,0.5713303831672115,-0.5533268423877616,0.286489914900202,321.17242874230845,2018,51.0
Zimbabwe,31.587352121889428,3.0,0.6179322455128172,-0.6049794978217945,0.286489914900202,84.04419865642397,2018,51.0
Zimbabwe,29.976112312831035,4.0,0.5965801694111327,-0.6021037026997137,0.286489914900202,22.14782657764322,2018,51.0
Zimbabwe,28.82704063449373,5.0,0.5351591177761532,-0.5773796747256292,0.286489914900202,5.383228210911244,2018,51.0
Zimbabwe,25.941770139589654,6.0,0.4579928484217999,-0.5399708393676095,0.286489914900202,0.848456858779354,2018,51.0
Zimbabwe,27.16812521796448,7.0,0.3766220852633329,-0.4876473799403923,0.286489914900202,1.2723780739995876,2018,51.0
Zimbabwe,33.67057656022362,8.0,0.3283833322701954,-0.4536226225034414,0.286489914900202,1.3921233186321402,2018,51.0
Zimbabwe,40.95221796377742,9.0,0.3084970375403523,-0.4450301754537306,0.286489914900202,1.732978936442751,2018,51.0
Zimbabwe,45.061894514312485,10.0,0.3033158225197567,-0.4463908414289398,0.286489914900202,10.656584611641424,2018,51.0
Zimbabwe,47.22097271358213,11.0,0.3084271271416284,-0.4366775638352337,0.286489914900202,46.62647780748671,2018,51.0
Zimbabwe,39.84467984647578,12.0,0.4285431850301754,-0.4905840377545671,0.286489914900202,82.12839196425487,2018,51.0
Zimbabwe,36.51544446898413,1.0,0.4907311491167363,-0.527222733674925,0.2953892676199843,182.1171567294544,2020,98.5
Zimbabwe,33.59406613824185,2.0,0.5781975152008356,-0.5803314616248347,0.2953892676199843,162.66883113054524,2020,98.5
Zimbabwe,34.35644859713981,3.0,0.570529922986456,-0.5872339426212738,0.2953892676199843,30.7426004381203,2020,98.5
Zimbabwe,34.850026693565184,4.0,0.5050952583027033,-0.5593259134023615,0.2953892676199843,21.19918136308615,2020,98.5
Zimbabwe,30.417968055301905,5.0,0.4327865103025181,-0.5254502330670029,0.2953892676199843,2.568485705764104,2020,98.5
Zimbabwe,27.3199117555688,6.0,0.3757271852513198,-0.5001032329709102,0.2953892676199843,3.635801846997416,2020,98.5
Zimbabwe,26.71177334042736,7.0,0.3275729853971788,-0.4666962132517314,0.2953892676199843,0.95618574667028,2020,98.5
Zimbabwe,33.160409742885754,8.0,0.2946045454641141,-0.4407849115235953,0.2953892676199843,0.8384918269852097,2020,98.5
Zimbabwe,38.77419632039376,9.0,0.2722259491870285,-0.4173408375194469,0.2953892676199843,6.113574730721611,2020,98.5
Zimbabwe,42.5540030742059,10.0,0.3074790172483293,-0.4253895235284271,0.2953892676199843,26.227328150873785,2020,98.5
Zimbabwe,46.52491326335853,11.0,0.3545340562758289,-0.4552918802616119,0.2953892676199843,68.78488045123633,2020,98.5
Zimbabwe,33.96940078644487,12.0,0.5009855173103949,-0.5261327559982645,0.2953892676199843,239.8107345792242,2020,98.5
