design,split,repeat,model,learner,Country,Year,observed,baseline,raw_prediction,prediction,alpha
one_lag,grouped,1,M0_persistence,baseline,Côte d'Ivoire,2016,140.1,146.95,146.95,146.95,
one_lag,grouped,1,M0_persistence,baseline,Côte d'Ivoire,2017,138.86,140.1,140.1,140.1,
one_lag,grouped,1,M0_persistence,baseline,Côte d'Ivoire,2018,330.6,138.86,138.86,138.86,
one_lag,grouped,1,M0_persistence,baseline,Côte d'Ivoire,2020,287.0,330.6,330.6,330.6,
one_lag,grouped,1,M0_persistence,baseline,Democratic Republic of the Congo,2016,310.59,317.07,317.07,317.07,
one_lag,grouped,1,M0_persistence,baseline,Democratic Republic of the Congo,2017,307.62,310.59,310.59,310.59,
one_lag,grouped,1,M0_persistence,baseline,Democratic Republic of the Congo,2018,319.8,307.62,307.62,307.62,
one_lag,grouped,1,M0_persistence,baseline,Democratic Republic of the Congo,2020,324.2,319.8,319.8,319.8,
one_lag,grouped,1,M0_persistence,baseline,Kenya,2016,71.23,73.15,73.15,73.15,
one_lag,grouped,1,M0_persistence,baseline,Kenya,2017,70.83,71.23,71.23,71.23,
one_lag,grouped,1,M0_persistence,baseline,Kenya,2018,70.1,70.83,70.83,70.83,
one_lag,grouped,1,M0_persistence,baseline,Kenya,2020,50.9,70.1,70.1,70.1,
one_lag,grouped,1,M0_persistence,baseline,Madagascar,2016,67.97,117.2,117.2,117.2,
one_lag,grouped,1,M0_persistence,baseline,Madagascar,2017,90.9,67.97,67.97,67.97,
one_lag,grouped,1,M0_persistence,baseline,Madagascar,2018,82.4,90.9,90.9,90.9,
one_lag,grouped,1,M0_persistence,baseline,Madagascar,2020,133.5,82.4,82.4,82.4,
one_lag,grouped,1,M0_persistence,baseline,Senegal,2016,54.28,78.55,78.55,78.55,
one_lag,grouped,1,M0_persistence,baseline,Senegal,2017,64.62,54.28,54.28,54.28,
one_lag,grouped,1,M0_persistence,baseline,Senegal,2018,55.8,64.62,64.62,64.62,
one_lag,grouped,1,M0_persistence,baseline,Senegal,2020,49.9,55.8,55.8,55.8,
one_lag,grouped,1,M0_persistence,baseline,United Republic of Tanzania,2016,113.68,112.94,112.94,112.94,
one_lag,grouped,1,M0_persistence,baseline,United Republic of Tanzania,2017,113.86,113.68,113.68,113.68,
one_lag,grouped,1,M0_persistence,baseline,United Republic of Tanzania,2018,124.3,113.86,113.86,113.86,
one_lag,grouped,1,M0_persistence,baseline,United Republic of Tanzania,2020,120.2,124.3,124.3,124.3,
one_lag,grouped,1,M0_persistence,baseline,Zambia,2016,204.19,207.89,207.89,207.89,
one_lag,grouped,1,M0_persistence,baseline,Zambia,2017,203.32,204.19,204.19,204.19,
one_lag,grouped,1,M0_persistence,baseline,Zambia,2018,156.7,203.32,203.32,203.32,
one_lag,grouped,1,M0_persistence,baseline,Zambia,2020,189.9,156.7,156.7,156.7,
one_lag,grouped,1,M1_history_rf,rf,Côte d'Ivoire,2016,140.1,146.95,159.61759682893052,150.75027904867915,0.30000000000000004
one_lag,grouped,1,M1_history_rf,rf,Côte d'Ivoire,2017,138.86,140.1,158.8809636067083,145.73428908201248,0.30000000000000004
one_lag,grouped,1,M1_history_rf,rf,Côte d'Ivoire,2018,330.6,138.86,157.18471697034465,144.3574150911034,0.30000000000000004
one_lag,grouped,1,M1_history_rf,rf,Côte d'Ivoire,2020,287.0,330.6,359.8264775061589,339.3679432518477,0.30000000000000004
one_lag,grouped,1,M1_history_rf,rf,Democratic Republic of the Congo,2016,310.59,317.07,325.38067871849245,319.5632036155477,0.30000000000000004
one_lag,grouped,1,M1_history_rf,rf,Democratic Republic of the Congo,2017,307.62,310.59,316.08558910461744,312.2386767313852,0.30000000000000004
one_lag,grouped,1,M1_history_rf,rf,Democratic Republic of the Congo,2018,319.8,307.62,314.51643445626576,309.6889303368797,0.30000000000000004
one_lag,grouped,1,M1_history_rf,rf,Democratic Republic of the Congo,2020,324.2,319.8,332.0849885236871,323.48549655710616,0.30000000000000004
one_lag,grouped,1,M1_history_rf,rf,Kenya,2016,71.23,73.15,79.35929136241536,75.01278740872462,0.30000000000000004
one_lag,grouped,1,M1_history_rf,rf,Kenya,2017,70.83,71.23,79.74489605289153,73.78446881586747,0.30000000000000004
one_lag,grouped,1,M1_history_rf,rf,Kenya,2018,70.1,70.83,79.74489605289153,73.50446881586745,0.30000000000000004
one_lag,grouped,1,M1_history_rf,rf,Kenya,2020,50.9,70.1,79.74489605289153,72.99346881586746,0.30000000000000004
one_lag,grouped,1,M1_history_rf,rf,Madagascar,2016,67.97,117.2,89.64179612828839,108.93253883848652,0.30000000000000004
one_lag,grouped,1,M1_history_rf,rf,Madagascar,2017,90.9,67.97,79.74489605289153,71.50246881586746,0.30000000000000004
one_lag,grouped,1,M1_history_rf,rf,Madagascar,2018,82.4,90.9,76.8028744100344,86.67086232301033,0.30000000000000004
one_lag,grouped,1,M1_history_rf,rf,Madagascar,2020,133.5,82.4,76.8028744100344,80.72086232301032,0.30000000000000004
one_lag,grouped,1,M1_history_rf,rf,Senegal,2016,54.28,78.55,76.5508094100344,77.95024282301031,0.30000000000000004
one_lag,grouped,1,M1_history_rf,rf,Senegal,2017,64.62,54.28,81.02397594971694,62.30319278491508,0.30000000000000004
one_lag,grouped,1,M1_history_rf,rf,Senegal,2018,55.8,64.62,79.74489605289153,69.15746881586746,0.30000000000000004
one_lag,grouped,1,M1_history_rf,rf,Senegal,2020,49.9,55.8,81.02397594971694,63.36719278491508,0.30000000000000004
one_lag,grouped,1,M1_history_rf,rf,United Republic of Tanzania,2016,113.68,112.94,81.66420617987569,103.5572618539627,0.30000000000000004
one_lag,grouped,1,M1_history_rf,rf,United Republic of Tanzania,2017,113.86,113.68,81.66420617987569,104.07526185396272,0.30000000000000004
one_lag,grouped,1,M1_history_rf,rf,United Republic of Tanzania,2018,124.3,113.86,81.66420617987569,104.2012618539627,0.30000000000000004
one_lag,grouped,1,M1_history_rf,rf,United Republic of Tanzania,2020,120.2,124.3,105.40114285958484,118.63034285787545,0.30000000000000004
one_lag,grouped,1,M1_history_rf,rf,Zambia,2016,204.19,207.89,191.60527496848212,203.00458249054464,0.30000000000000004
one_lag,grouped,1,M1_history_rf,rf,Zambia,2017,203.32,204.19,198.13832603670963,202.37449781101287,0.30000000000000004
one_lag,grouped,1,M1_history_rf,rf,Zambia,2018,156.7,203.32,198.80107299433095,201.9643218982993,0.30000000000000004
one_lag,grouped,1,M1_history_rf,rf,Zambia,2020,189.9,156.7,188.07846480769686,166.11353944230905,0.30000000000000004
one_lag,grouped,1,M1_history_gb,gb,Côte d'Ivoire,2016,140.1,146.95,167.34364499666472,152.04841124916618,0.25
one_lag,grouped,1,M1_history_gb,gb,Côte d'Ivoire,2017,138.86,140.1,167.34364499666472,146.9109112491662,0.25
one_lag,grouped,1,M1_history_gb,gb,Côte d'Ivoire,2018,330.6,138.86,167.34364499666472,145.98091124916618,0.25
one_lag,grouped,1,M1_history_gb,gb,Côte d'Ivoire,2020,287.0,330.6,321.7171519173719,328.37928797934296,0.25
one_lag,grouped,1,M1_history_gb,gb,Democratic Republic of the Congo,2016,310.59,317.07,309.33847149797015,315.13711787449256,0.25
one_lag,grouped,1,M1_history_gb,gb,Democratic Republic of the Congo,2017,307.62,310.59,309.33847149797015,310.27711787449255,0.25
one_lag,grouped,1,M1_history_gb,gb,Democratic Republic of the Congo,2018,319.8,307.62,309.33847149797015,308.0496178744925,0.25
one_lag,grouped,1,M1_history_gb,gb,Democratic Republic of the Congo,2020,324.2,319.8,321.7171519173719,320.279287979343,0.25
one_lag,grouped,1,M1_history_gb,gb,Kenya,2016,71.23,73.15,80.25646776018004,74.92661694004502,0.25
one_lag,grouped,1,M1_history_gb,gb,Kenya,2017,70.83,71.23,80.25646776018004,73.48661694004501,0.25
one_lag,grouped,1,M1_history_gb,gb,Kenya,2018,70.1,70.83,80.25646776018004,73.18661694004501,0.25
one_lag,grouped,1,M1_history_gb,gb,Kenya,2020,50.9,70.1,80.25646776018004,72.639116940045,0.25
one_lag,grouped,1,M1_history_gb,gb,Madagascar,2016,67.97,117.2,75.51305464578246,106.77826366144562,0.25
one_lag,grouped,1,M1_history_gb,gb,Madagascar,2017,90.9,67.97,80.25646776018004,71.041616940045,0.25
one_lag,grouped,1,M1_history_gb,gb,Madagascar,2018,82.4,90.9,75.51305464578246,87.05326366144561,0.25
one_lag,grouped,1,M1_history_gb,gb,Madagascar,2020,133.5,82.4,75.51305464578246,80.67826366144561,0.25
one_lag,grouped,1,M1_history_gb,gb,Senegal,2016,54.28,78.55,75.51305464578246,77.79076366144561,0.25
one_lag,grouped,1,M1_history_gb,gb,Senegal,2017,64.62,54.28,80.25646776018004,60.77411694004501,0.25
one_lag,grouped,1,M1_history_gb,gb,Senegal,2018,55.8,64.62,80.25646776018004,68.52911694004501,0.25
one_lag,grouped,1,M1_history_gb,gb,Senegal,2020,49.9,55.8,80.25646776018004,61.914116940045005,0.25
one_lag,grouped,1,M1_history_gb,gb,United Republic of Tanzania,2016,113.68,112.94,75.51305464578246,103.58326366144561,0.25
one_lag,grouped,1,M1_history_gb,gb,United Republic of Tanzania,2017,113.86,113.68,75.51305464578246,104.13826366144562,0.25
one_lag,grouped,1,M1_history_gb,gb,United Republic of Tanzania,2018,124.3,113.86,75.51305464578246,104.27326366144561,0.25
one_lag,grouped,1,M1_history_gb,gb,United Republic of Tanzania,2020,120.2,124.3,75.51305464578246,112.10326366144561,0.25
one_lag,grouped,1,M1_history_gb,gb,Zambia,2016,204.19,207.89,207.96331481818314,207.90832870454577,0.25
one_lag,grouped,1,M1_history_gb,gb,Zambia,2017,203.32,204.19,207.96331481818314,205.1333287045458,0.25
one_lag,grouped,1,M1_history_gb,gb,Zambia,2018,156.7,203.32,207.96331481818314,204.4808287045458,0.25
one_lag,grouped,1,M1_history_gb,gb,Zambia,2020,189.9,156.7,193.2989610238392,165.8497402559598,0.25
one_lag,grouped,1,M2_history_env_compact_rf,rf,Côte d'Ivoire,2016,140.1,146.95,192.42571805081707,160.59271541524512,0.30000000000000004
one_lag,grouped,1,M2_history_env_compact_rf,rf,Côte d'Ivoire,2017,138.86,140.1,201.1793959875404,158.4238187962621,0.30000000000000004
one_lag,grouped,1,M2_history_env_compact_rf,rf,Côte d'Ivoire,2018,330.6,138.86,194.49652033451616,155.55095610035485,0.30000000000000004
one_lag,grouped,1,M2_history_env_compact_rf,rf,Côte d'Ivoire,2020,287.0,330.6,316.5564584843155,326.38693754529464,0.30000000000000004
one_lag,grouped,1,M2_history_env_compact_rf,rf,Democratic Republic of the Congo,2016,310.59,317.07,315.3487149144737,316.5536144743421,0.30000000000000004
one_lag,grouped,1,M2_history_env_compact_rf,rf,Democratic Republic of the Congo,2017,307.62,310.59,314.7062545811491,311.82487637434474,0.30000000000000004
one_lag,grouped,1,M2_history_env_compact_rf,rf,Democratic Republic of the Congo,2018,319.8,307.62,312.2309629455071,309.00328888365215,0.30000000000000004
one_lag,grouped,1,M2_history_env_compact_rf,rf,Democratic Republic of the Congo,2020,324.2,319.8,316.6957481429436,318.8687244428831,0.30000000000000004
one_lag,grouped,1,M2_history_env_compact_rf,rf,Kenya,2016,71.23,73.15,117.6520190310143,86.5006057093043,0.30000000000000004
one_lag,grouped,1,M2_history_env_compact_rf,rf,Kenya,2017,70.83,71.23,114.4764084728882,84.20392254186646,0.30000000000000004
one_lag,grouped,1,M2_history_env_compact_rf,rf,Kenya,2018,70.1,70.83,119.5235344654443,85.4380603396333,0.30000000000000004
one_lag,grouped,1,M2_history_env_compact_rf,rf,Kenya,2020,50.9,70.1,123.51348827704936,86.12404648311481,0.30000000000000004
one_lag,grouped,1,M2_history_env_compact_rf,rf,Madagascar,2016,67.97,117.2,134.8770787954046,122.50312363862139,0.30000000000000004
one_lag,grouped,1,M2_history_env_compact_rf,rf,Madagascar,2017,90.9,67.97,135.13176284572717,88.11852885371815,0.30000000000000004
one_lag,grouped,1,M2_history_env_compact_rf,rf,Madagascar,2018,82.4,90.9,135.68974298166597,104.33692289449979,0.30000000000000004
one_lag,grouped,1,M2_history_env_compact_rf,rf,Madagascar,2020,133.5,82.4,130.03038192147778,96.68911457644334,0.30000000000000004
one_lag,grouped,1,M2_history_env_compact_rf,rf,Senegal,2016,54.28,78.55,106.98304217679545,87.07991265303863,0.30000000000000004
one_lag,grouped,1,M2_history_env_compact_rf,rf,Senegal,2017,64.62,54.28,103.16498470471193,68.94549541141359,0.30000000000000004
one_lag,grouped,1,M2_history_env_compact_rf,rf,Senegal,2018,55.8,64.62,92.77416857237206,73.06625057171162,0.30000000000000004
one_lag,grouped,1,M2_history_env_compact_rf,rf,Senegal,2020,49.9,55.8,85.10026891364183,64.59008067409255,0.30000000000000004
one_lag,grouped,1,M2_history_env_compact_rf,rf,United Republic of Tanzania,2016,113.68,112.94,121.38204203645641,115.47261261093692,0.30000000000000004
one_lag,grouped,1,M2_history_env_compact_rf,rf,United Republic of Tanzania,2017,113.86,113.68,124.76713317462382,117.00613995238716,0.30000000000000004
one_lag,grouped,1,M2_history_env_compact_rf,rf,United Republic of Tanzania,2018,124.3,113.86,133.23590088422142,119.67277026526642,0.30000000000000004
one_lag,grouped,1,M2_history_env_compact_rf,rf,United Republic of Tanzania,2020,120.2,124.3,145.22741202101238,130.5782236063037,0.30000000000000004
one_lag,grouped,1,M2_history_env_compact_rf,rf,Zambia,2016,204.19,207.89,184.53704591308306,200.8841137739249,0.30000000000000004
one_lag,grouped,1,M2_history_env_compact_rf,rf,Zambia,2017,203.32,204.19,211.45318488853334,206.36895546656,0.30000000000000004
one_lag,grouped,1,M2_history_env_compact_rf,rf,Zambia,2018,156.7,203.32,200.29573782019003,202.412721346057,0.30000000000000004
one_lag,grouped,1,M2_history_env_compact_rf,rf,Zambia,2020,189.9,156.7,192.78132257161553,167.52439677148465,0.30000000000000004
one_lag,grouped,1,M2_history_env_compact_gb,gb,Côte d'Ivoire,2016,140.1,146.95,175.38183493333472,154.05795873333366,0.25
one_lag,grouped,1,M2_history_env_compact_gb,gb,Côte d'Ivoire,2017,138.86,140.1,219.03363835950725,159.8334095898768,0.25
one_lag,grouped,1,M2_history_env_compact_gb,gb,Côte d'Ivoire,2018,330.6,138.86,171.4742483835799,147.013562095895,0.25
one_lag,grouped,1,M2_history_env_compact_gb,gb,Côte d'Ivoire,2020,287.0,330.6,319.10991061330634,327.7274776533266,0.25
one_lag,grouped,1,M2_history_env_compact_gb,gb,Democratic Republic of the Congo,2016,310.59,317.07,282.57780031780044,308.4469500794501,0.25
one_lag,grouped,1,M2_history_env_compact_gb,gb,Democratic Republic of the Congo,2017,307.62,310.59,282.57780031780044,303.5869500794501,0.25
one_lag,grouped,1,M2_history_env_compact_gb,gb,Democratic Republic of the Congo,2018,319.8,307.62,282.57780031780044,301.3594500794501,0.25
one_lag,grouped,1,M2_history_env_compact_gb,gb,Democratic Republic of the Congo,2020,324.2,319.8,296.2330645808713,313.90826614521785,0.25
one_lag,grouped,1,M2_history_env_compact_gb,gb,Kenya,2016,71.23,73.15,136.14396323891577,88.89849080972894,0.25
one_lag,grouped,1,M2_history_env_compact_gb,gb,Kenya,2017,70.83,71.23,92.49215981274345,76.54553995318587,0.25
one_lag,grouped,1,M2_history_env_compact_gb,gb,Kenya,2018,70.1,70.83,99.23161126185393,77.93040281546348,0.25
one_lag,grouped,1,M2_history_env_compact_gb,gb,Kenya,2020,50.9,70.1,146.21780438434368,89.12945109608592,0.25
one_lag,grouped,1,M2_history_env_compact_gb,gb,Madagascar,2016,67.97,117.2,98.0640575280578,112.41601438201445,0.25
one_lag,grouped,1,M2_history_env_compact_gb,gb,Madagascar,2017,90.9,67.97,96.59557300175386,75.12639325043847,0.25
one_lag,grouped,1,M2_history_env_compact_gb,gb,Madagascar,2018,82.4,90.9,100.31044333117221,93.25261083279305,0.25
one_lag,grouped,1,M2_history_env_compact_gb,gb,Madagascar,2020,133.5,82.4,98.3427217007813,86.38568042519533,0.25
one_lag,grouped,1,M2_history_env_compact_gb,gb,Senegal,2016,54.28,78.55,85.83895035578725,80.3722375889468,0.25
one_lag,grouped,1,M2_history_env_compact_gb,gb,Senegal,2017,64.62,54.28,86.33818745987422,62.29454686496855,0.25
one_lag,grouped,1,M2_history_env_compact_gb,gb,Senegal,2018,55.8,64.62,79.70527695126792,68.39131923781699,0.25
one_lag,grouped,1,M2_history_env_compact_gb,gb,Senegal,2020,49.9,55.8,75.91353732843324,60.82838433210831,0.25
one_lag,grouped,1,M2_history_env_compact_gb,gb,United Republic of Tanzania,2016,113.68,112.94,96.09633589766689,108.72908397441672,0.25
one_lag,grouped,1,M2_history_env_compact_gb,gb,United Republic of Tanzania,2017,113.86,113.68,100.00392244742169,110.26098061185543,0.25
one_lag,grouped,1,M2_history_env_compact_gb,gb,United Republic of Tanzania,2018,124.3,113.86,98.0640575280578,109.91101438201446,0.25
one_lag,grouped,1,M2_history_env_compact_gb,gb,United Republic of Tanzania,2020,120.2,124.3,98.0640575280578,117.74101438201444,0.25
one_lag,grouped,1,M2_history_env_compact_gb,gb,Zambia,2016,204.19,207.89,196.15402823483657,204.95600705870913,0.25
one_lag,grouped,1,M2_history_env_compact_gb,gb,Zambia,2017,203.32,204.19,202.92529465660488,203.87382366415122,0.25
one_lag,grouped,1,M2_history_env_compact_gb,gb,Zambia,2018,156.7,203.32,201.3681031260071,202.83202578150178,0.25
one_lag,grouped,1,M2_history_env_compact_gb,gb,Zambia,2020,189.9,156.7,192.17581463400708,165.56895365850175,0.25
one_lag,grouped,1,M3_history_vc_rf,rf,Côte d'Ivoire,2016,140.1,146.95,178.26294694205308,161.04082612392386,0.45
one_lag,grouped,1,M3_history_vc_rf,rf,Côte d'Ivoire,2017,138.86,140.1,178.6070771655322,157.42818472448948,0.45
one_lag,grouped,1,M3_history_vc_rf,rf,Côte d'Ivoire,2018,330.6,138.86,176.54269188702125,155.81721134915958,0.45
one_lag,grouped,1,M3_history_vc_rf,rf,Côte d'Ivoire,2020,287.0,330.6,316.2368944456101,324.1366025005246,0.45
one_lag,grouped,1,M3_history_vc_rf,rf,Democratic Republic of the Congo,2016,310.59,317.07,320.0494524269113,318.41075359211004,0.45
one_lag,grouped,1,M3_history_vc_rf,rf,Democratic Republic of the Congo,2017,307.62,310.59,365.46460743156837,335.28357334420576,0.45
one_lag,grouped,1,M3_history_vc_rf,rf,Democratic Republic of the Congo,2018,319.8,307.62,363.00586243401034,332.54363809530463,0.45
one_lag,grouped,1,M3_history_vc_rf,rf,Democratic Republic of the Congo,2020,324.2,319.8,329.3783652966347,324.1102643834856,0.45
one_lag,grouped,1,M3_history_vc_rf,rf,Kenya,2016,71.23,73.15,118.93220115467875,93.75199051960544,0.45
one_lag,grouped,1,M3_history_vc_rf,rf,Kenya,2017,70.83,71.23,119.1706014880121,92.80327066960544,0.45
one_lag,grouped,1,M3_history_vc_rf,rf,Kenya,2018,70.1,70.83,118.95113413086922,92.48451035889116,0.45
one_lag,grouped,1,M3_history_vc_rf,rf,Kenya,2020,50.9,70.1,119.16637413086922,92.17986835889114,0.45
one_lag,grouped,1,M3_history_vc_rf,rf,Madagascar,2016,67.97,117.2,109.86488266204283,113.89919719791928,0.45
one_lag,grouped,1,M3_history_vc_rf,rf,Madagascar,2017,90.9,67.97,98.28648875085956,81.6124199378868,0.45
one_lag,grouped,1,M3_history_vc_rf,rf,Madagascar,2018,82.4,90.9,97.02796409975207,93.65758384488844,0.45
one_lag,grouped,1,M3_history_vc_rf,rf,Madagascar,2020,133.5,82.4,93.4553164175262,87.3748923878868,0.45
one_lag,grouped,1,M3_history_vc_rf,rf,Senegal,2016,54.28,78.55,117.79871858325018,96.21192336246258,0.45
one_lag,grouped,1,M3_history_vc_rf,rf,Senegal,2017,64.62,54.28,119.56240996420257,83.65708448389115,0.45
one_lag,grouped,1,M3_history_vc_rf,rf,Senegal,2018,55.8,64.62,118.71191824991685,88.96136321246259,0.45
one_lag,grouped,1,M3_history_vc_rf,rf,Senegal,2020,49.9,55.8,119.56240996420257,84.49308448389115,0.45
one_lag,grouped,1,M3_history_vc_rf,rf,United Republic of Tanzania,2016,113.68,112.94,93.84089059714194,104.34540076871387,0.45
one_lag,grouped,1,M3_history_vc_rf,rf,United Republic of Tanzania,2017,113.86,113.68,90.20937472304381,103.11821862536972,0.45
one_lag,grouped,1,M3_history_vc_rf,rf,United Republic of Tanzania,2018,124.3,113.86,100.11976876092425,107.67689594241591,0.45
one_lag,grouped,1,M3_history_vc_rf,rf,United Republic of Tanzania,2020,120.2,124.3,124.86877501037299,124.55594875466784,0.45
one_lag,grouped,1,M3_history_vc_rf,rf,Zambia,2016,204.19,207.89,203.18977964527866,205.77490084037538,0.45
one_lag,grouped,1,M3_history_vc_rf,rf,Zambia,2017,203.32,204.19,223.019506458593,212.66327790636686,0.45
one_lag,grouped,1,M3_history_vc_rf,rf,Zambia,2018,156.7,203.32,205.6705952786314,204.37776787538414,0.45
one_lag,grouped,1,M3_history_vc_rf,rf,Zambia,2020,189.9,156.7,200.68804485473137,176.49462018462913,0.45
one_lag,grouped,1,M3_history_vc_gb,gb,Côte d'Ivoire,2016,140.1,146.95,182.47120988270257,154.0542419765405,0.2
one_lag,grouped,1,M3_history_vc_gb,gb,Côte d'Ivoire,2017,138.86,140.1,182.25508048961854,148.5310160979237,0.2
one_lag,grouped,1,M3_history_vc_gb,gb,Côte d'Ivoire,2018,330.6,138.86,182.47120988270257,147.58224197654053,0.2
one_lag,grouped,1,M3_history_vc_gb,gb,Côte d'Ivoire,2020,287.0,330.6,320.24637396934475,328.529274793869,0.2
one_lag,grouped,1,M3_history_vc_gb,gb,Democratic Republic of the Congo,2016,310.59,317.07,323.9397590969269,318.44395181938535,0.2
one_lag,grouped,1,M3_history_vc_gb,gb,Democratic Republic of the Congo,2017,307.62,310.59,327.1888445530486,313.9097689106097,0.2
one_lag,grouped,1,M3_history_vc_gb,gb,Democratic Republic of the Congo,2018,319.8,307.62,358.2869534464525,317.7533906892905,0.2
one_lag,grouped,1,M3_history_vc_gb,gb,Democratic Republic of the Congo,2020,324.2,319.8,338.21264023372777,323.4825280467456,0.2
one_lag,grouped,1,M3_history_vc_gb,gb,Kenya,2016,71.23,73.15,86.28360868633737,75.77672173726748,0.2
one_lag,grouped,1,M3_history_vc_gb,gb,Kenya,2017,70.83,71.23,86.28360868633737,74.24072173726748,0.2
one_lag,grouped,1,M3_history_vc_gb,gb,Kenya,2018,70.1,70.83,88.69243997642576,74.40248799528516,0.2
one_lag,grouped,1,M3_history_vc_gb,gb,Kenya,2020,50.9,70.1,88.69243997642576,73.81848799528515,0.2
one_lag,grouped,1,M3_history_vc_gb,gb,Madagascar,2016,67.97,117.2,78.99588275951632,109.55917655190326,0.2
one_lag,grouped,1,M3_history_vc_gb,gb,Madagascar,2017,90.9,67.97,80.9657581156022,70.56915162312043,0.2
one_lag,grouped,1,M3_history_vc_gb,gb,Madagascar,2018,82.4,90.9,87.99585348518752,90.3191706970375,0.2
one_lag,grouped,1,M3_history_vc_gb,gb,Madagascar,2020,133.5,82.4,74.37964456785858,80.79592891357171,0.2
one_lag,grouped,1,M3_history_vc_gb,gb,Senegal,2016,54.28,78.55,84.31373333025151,79.7027466660503,0.2
one_lag,grouped,1,M3_history_vc_gb,gb,Senegal,2017,64.62,54.28,88.69243997642576,61.162487995285154,0.2
one_lag,grouped,1,M3_history_vc_gb,gb,Senegal,2018,55.8,64.62,86.28360868633737,68.95272173726748,0.2
one_lag,grouped,1,M3_history_vc_gb,gb,Senegal,2020,49.9,55.8,88.69243997642576,62.37848799528515,0.2
one_lag,grouped,1,M3_history_vc_gb,gb,United Republic of Tanzania,2016,113.68,112.94,83.1162775771991,106.97525551543981,0.2
one_lag,grouped,1,M3_history_vc_gb,gb,United Republic of Tanzania,2017,113.86,113.68,78.50003938554136,106.64400787710828,0.2
one_lag,grouped,1,M3_history_vc_gb,gb,United Republic of Tanzania,2018,124.3,113.86,90.67804408745188,109.22360881749037,0.2
one_lag,grouped,1,M3_history_vc_gb,gb,United Republic of Tanzania,2020,120.2,124.3,86.5576492697691,116.75152985395381,0.2
one_lag,grouped,1,M3_history_vc_gb,gb,Zambia,2016,204.19,207.89,194.4772730664446,205.20745461328892,0.2
one_lag,grouped,1,M3_history_vc_gb,gb,Zambia,2017,203.32,204.19,218.9807031144129,207.14814062288258,0.2
one_lag,grouped,1,M3_history_vc_gb,gb,Zambia,2018,156.7,203.32,196.37854926113025,201.93170985222605,0.2
one_lag,grouped,1,M3_history_vc_gb,gb,Zambia,2020,189.9,156.7,210.71877991052617,167.50375598210522,0.2
one_lag,grouped,1,M4_history_env_compact_vc_rf,rf,Côte d'Ivoire,2016,140.1,146.95,194.94411051410458,163.7479386799366,0.35000000000000003
one_lag,grouped,1,M4_history_env_compact_vc_rf,rf,Côte d'Ivoire,2017,138.86,140.1,202.6797815005755,162.00292352520142,0.35000000000000003
one_lag,grouped,1,M4_history_env_compact_vc_rf,rf,Côte d'Ivoire,2018,330.6,138.86,196.84928931913964,159.15625126169888,0.35000000000000003
one_lag,grouped,1,M4_history_env_compact_vc_rf,rf,Côte d'Ivoire,2020,287.0,330.6,313.38207459633776,324.57372610871823,0.35000000000000003
one_lag,grouped,1,M4_history_env_compact_vc_rf,rf,Democratic Republic of the Congo,2016,310.59,317.07,312.94246698886747,315.6253634461036,0.35000000000000003
one_lag,grouped,1,M4_history_env_compact_vc_rf,rf,Democratic Republic of the Congo,2017,307.62,310.59,335.57653381841664,319.3352868364458,0.35000000000000003
one_lag,grouped,1,M4_history_env_compact_vc_rf,rf,Democratic Republic of the Congo,2018,319.8,307.62,332.6030037666792,316.3640513183377,0.35000000000000003
one_lag,grouped,1,M4_history_env_compact_vc_rf,rf,Democratic Republic of the Congo,2020,324.2,319.8,314.3728740038133,317.90050590133467,0.35000000000000003
one_lag,grouped,1,M4_history_env_compact_vc_rf,rf,Kenya,2016,71.23,73.15,122.73761788586744,90.5056662600536,0.35000000000000003
one_lag,grouped,1,M4_history_env_compact_vc_rf,rf,Kenya,2017,70.83,71.23,120.82300051134136,88.58755017896948,0.35000000000000003
one_lag,grouped,1,M4_history_env_compact_vc_rf,rf,Kenya,2018,70.1,70.83,127.54149819285874,90.67902436750056,0.35000000000000003
one_lag,grouped,1,M4_history_env_compact_vc_rf,rf,Kenya,2020,50.9,70.1,129.6516516012844,90.94307806044955,0.35000000000000003
one_lag,grouped,1,M4_history_env_compact_vc_rf,rf,Madagascar,2016,67.97,117.2,141.8932359647189,125.84263258765162,0.35000000000000003
one_lag,grouped,1,M4_history_env_compact_vc_rf,rf,Madagascar,2017,90.9,67.97,140.4851108597453,93.35028880091086,0.35000000000000003
one_lag,grouped,1,M4_history_env_compact_vc_rf,rf,Madagascar,2018,82.4,90.9,140.1981214934871,108.15434252272048,0.35000000000000003
one_lag,grouped,1,M4_history_env_compact_vc_rf,rf,Madagascar,2020,133.5,82.4,136.2520798697482,101.24822795441187,0.35000000000000003
one_lag,grouped,1,M4_history_env_compact_vc_rf,rf,Senegal,2016,54.28,78.55,113.45091243126649,90.76531935094327,0.35000000000000003
one_lag,grouped,1,M4_history_env_compact_vc_rf,rf,Senegal,2017,64.62,54.28,108.96721899536904,73.42052664837917,0.35000000000000003
one_lag,grouped,1,M4_history_env_compact_vc_rf,rf,Senegal,2018,55.8,64.62,99.81794475309658,76.93928066358382,0.35000000000000003
one_lag,grouped,1,M4_history_env_compact_vc_rf,rf,Senegal,2020,49.9,55.8,87.06277778037655,66.7419722231318,0.35000000000000003
one_lag,grouped,1,M4_history_env_compact_vc_rf,rf,United Republic of Tanzania,2016,113.68,112.94,127.45388317556294,118.01985911144703,0.35000000000000003
one_lag,grouped,1,M4_history_env_compact_vc_rf,rf,United Republic of Tanzania,2017,113.86,113.68,130.28010439377744,119.4900365378221,0.35000000000000003
one_lag,grouped,1,M4_history_env_compact_vc_rf,rf,United Republic of Tanzania,2018,124.3,113.86,140.58415487349717,123.213454205724,0.35000000000000003
one_lag,grouped,1,M4_history_env_compact_vc_rf,rf,United Republic of Tanzania,2020,120.2,124.3,153.56414324976652,134.54245013741829,0.35000000000000003
one_lag,grouped,1,M4_history_env_compact_vc_rf,rf,Zambia,2016,204.19,207.89,183.04926025415077,199.19574108895276,0.35000000000000003
one_lag,grouped,1,M4_history_env_compact_vc_rf,rf,Zambia,2017,203.32,204.19,207.9003026669378,205.48860593342823,0.35000000000000003
one_lag,grouped,1,M4_history_env_compact_vc_rf,rf,Zambia,2018,156.7,203.32,198.40108213606084,201.5983787476213,0.35000000000000003
one_lag,grouped,1,M4_history_env_compact_vc_rf,rf,Zambia,2020,189.9,156.7,193.74837835297143,169.66693242354,0.35000000000000003
one_lag,grouped,1,M4_history_env_compact_vc_gb,gb,Côte d'Ivoire,2016,140.1,146.95,170.6097521788695,152.86493804471738,0.25
one_lag,grouped,1,M4_history_env_compact_vc_gb,gb,Côte d'Ivoire,2017,138.86,140.1,214.22520496182437,158.63130124045608,0.25
one_lag,grouped,1,M4_history_env_compact_vc_gb,gb,Côte d'Ivoire,2018,330.6,138.86,170.6097521788695,146.79743804471738,0.25
one_lag,grouped,1,M4_history_env_compact_vc_gb,gb,Côte d'Ivoire,2020,287.0,330.6,318.00788235846585,327.4519705896165,0.25
one_lag,grouped,1,M4_history_env_compact_vc_gb,gb,Democratic Republic of the Congo,2016,310.59,317.07,278.4368869329749,307.4117217332437,0.25
one_lag,grouped,1,M4_history_env_compact_vc_gb,gb,Democratic Republic of the Congo,2017,307.62,310.59,287.343315189968,304.778328797492,0.25
one_lag,grouped,1,M4_history_env_compact_vc_gb,gb,Democratic Republic of the Congo,2018,319.8,307.62,287.343315189968,302.550828797492,0.25
one_lag,grouped,1,M4_history_env_compact_vc_gb,gb,Democratic Republic of the Congo,2020,324.2,319.8,292.0921511960458,312.87303779901146,0.25
one_lag,grouped,1,M4_history_env_compact_vc_gb,gb,Kenya,2016,71.23,73.15,139.58577115791746,89.75894278947936,0.25
one_lag,grouped,1,M4_history_env_compact_vc_gb,gb,Kenya,2017,70.83,71.23,95.9703183749625,77.41507959374063,0.25
one_lag,grouped,1,M4_history_env_compact_vc_gb,gb,Kenya,2018,70.1,70.83,104.60237161235288,79.27309290308821,0.25
one_lag,grouped,1,M4_history_env_compact_vc_gb,gb,Kenya,2020,50.9,70.1,149.85556387046304,90.03889096761576,0.25
one_lag,grouped,1,M4_history_env_compact_vc_gb,gb,Madagascar,2016,67.97,117.2,99.18346426621385,112.69586606655346,0.25
one_lag,grouped,1,M4_history_env_compact_vc_gb,gb,Madagascar,2017,90.9,67.97,97.2085838344879,75.27964595862197,0.25
one_lag,grouped,1,M4_history_env_compact_vc_gb,gb,Madagascar,2018,82.4,90.9,104.36613953117413,94.26653488279354,0.25
one_lag,grouped,1,M4_history_env_compact_vc_gb,gb,Madagascar,2020,133.5,82.4,99.43448570328397,86.658621425821,0.25
one_lag,grouped,1,M4_history_env_compact_vc_gb,gb,Senegal,2016,54.28,78.55,94.73299213853508,82.59574803463377,0.25
one_lag,grouped,1,M4_history_env_compact_vc_gb,gb,Senegal,2017,64.62,54.28,97.33049955818743,65.04262488954686,0.25
one_lag,grouped,1,M4_history_env_compact_vc_gb,gb,Senegal,2018,55.8,64.62,86.44280008273473,70.07570002068368,0.25
one_lag,grouped,1,M4_history_env_compact_vc_gb,gb,Senegal,2020,49.9,55.8,82.97081402578466,62.59270350644616,0.25
one_lag,grouped,1,M4_history_env_compact_vc_gb,gb,United Republic of Tanzania,2016,113.68,112.94,97.56784981099976,109.09696245274993,0.25
one_lag,grouped,1,M4_history_env_compact_vc_gb,gb,United Republic of Tanzania,2017,113.86,113.68,97.56784981099976,109.65196245274994,0.25
one_lag,grouped,1,M4_history_env_compact_vc_gb,gb,United Republic of Tanzania,2018,124.3,113.86,102.14023766237806,110.93005941559451,0.25
one_lag,grouped,1,M4_history_env_compact_vc_gb,gb,United Republic of Tanzania,2020,120.2,124.3,101.78097168586619,118.67024292146655,0.25
one_lag,grouped,1,M4_history_env_compact_vc_gb,gb,Zambia,2016,204.19,207.89,194.1443128024669,204.45357820061673,0.25
one_lag,grouped,1,M4_history_env_compact_vc_gb,gb,Zambia,2017,203.32,204.19,212.47296134326353,206.26074033581588,0.25
one_lag,grouped,1,M4_history_env_compact_vc_gb,gb,Zambia,2018,156.7,203.32,203.02001911878526,203.2450047796963,0.25
one_lag,grouped,1,M4_history_env_compact_vc_gb,gb,Zambia,2020,189.9,156.7,195.12222631163135,166.30555657790782,0.25
one_lag,grouped,1,M5_history_env_full_rf,rf,Côte d'Ivoire,2016,140.1,146.95,200.91192849994079,163.13857854998224,0.30000000000000004
one_lag,grouped,1,M5_history_env_full_rf,rf,Côte d'Ivoire,2017,138.86,140.1,207.39762465658546,160.28928739697562,0.30000000000000004
one_lag,grouped,1,M5_history_env_full_rf,rf,Côte d'Ivoire,2018,330.6,138.86,202.10647266260062,157.8339417987802,0.30000000000000004
one_lag,grouped,1,M5_history_env_full_rf,rf,Côte d'Ivoire,2020,287.0,330.6,313.94724690142283,325.60417407042684,0.30000000000000004
one_lag,grouped,1,M5_history_env_full_rf,rf,Democratic Republic of the Congo,2016,310.59,317.07,311.1002697138315,315.27908091414946,0.30000000000000004
one_lag,grouped,1,M5_history_env_full_rf,rf,Democratic Republic of the Congo,2017,307.62,310.59,311.02371945439495,310.7201158363185,0.30000000000000004
one_lag,grouped,1,M5_history_env_full_rf,rf,Democratic Republic of the Congo,2018,319.8,307.62,307.5183706299527,307.5895111889858,0.30000000000000004
one_lag,grouped,1,M5_history_env_full_rf,rf,Democratic Republic of the Congo,2020,324.2,319.8,312.87018490954136,317.7210554728624,0.30000000000000004
one_lag,grouped,1,M5_history_env_full_rf,rf,Kenya,2016,71.23,73.15,129.50602895485883,90.05680868645766,0.30000000000000004
one_lag,grouped,1,M5_history_env_full_rf,rf,Kenya,2017,70.83,71.23,117.09832834375574,84.99049850312673,0.30000000000000004
one_lag,grouped,1,M5_history_env_full_rf,rf,Kenya,2018,70.1,70.83,138.47045809157302,91.12213742747191,0.30000000000000004
one_lag,grouped,1,M5_history_env_full_rf,rf,Kenya,2020,50.9,70.1,144.43943118408063,92.4018293552242,0.30000000000000004
one_lag,grouped,1,M5_history_env_full_rf,rf,Madagascar,2016,67.97,117.2,153.54680107314167,128.1040403219425,0.30000000000000004
one_lag,grouped,1,M5_history_env_full_rf,rf,Madagascar,2017,90.9,67.97,150.44822806387222,92.71346841916167,0.30000000000000004
one_lag,grouped,1,M5_history_env_full_rf,rf,Madagascar,2018,82.4,90.9,152.37728648565957,109.34318594569788,0.30000000000000004
one_lag,grouped,1,M5_history_env_full_rf,rf,Madagascar,2020,133.5,82.4,139.125436330353,99.41763089910592,0.30000000000000004
one_lag,grouped,1,M5_history_env_full_rf,rf,Senegal,2016,54.28,78.55,113.6552158522589,89.08156475567768,0.30000000000000004
one_lag,grouped,1,M5_history_env_full_rf,rf,Senegal,2017,64.62,54.28,108.61872800016654,70.58161840004996,0.30000000000000004
one_lag,grouped,1,M5_history_env_full_rf,rf,Senegal,2018,55.8,64.62,105.08938077948143,76.76081423384443,0.30000000000000004
one_lag,grouped,1,M5_history_env_full_rf,rf,Senegal,2020,49.9,55.8,95.83817591353088,67.81145277405926,0.30000000000000004
one_lag,grouped,1,M5_history_env_full_rf,rf,United Republic of Tanzania,2016,113.68,112.94,138.72791333557495,120.67637400067248,0.30000000000000004
one_lag,grouped,1,M5_history_env_full_rf,rf,United Republic of Tanzania,2017,113.86,113.68,138.68619312362495,121.18185793708749,0.30000000000000004
one_lag,grouped,1,M5_history_env_full_rf,rf,United Republic of Tanzania,2018,124.3,113.86,147.48688936638857,123.94806680991657,0.30000000000000004
one_lag,grouped,1,M5_history_env_full_rf,rf,United Republic of Tanzania,2020,120.2,124.3,160.07064913094328,135.031194739283,0.30000000000000004
one_lag,grouped,1,M5_history_env_full_rf,rf,Zambia,2016,204.19,207.89,175.61306789097264,198.2069203672918,0.30000000000000004
one_lag,grouped,1,M5_history_env_full_rf,rf,Zambia,2017,203.32,204.19,217.33169710056342,208.132509130169,0.30000000000000004
one_lag,grouped,1,M5_history_env_full_rf,rf,Zambia,2018,156.7,203.32,207.93818437719764,204.7054553131593,0.30000000000000004
one_lag,grouped,1,M5_history_env_full_rf,rf,Zambia,2020,189.9,156.7,193.33390058626364,167.69017017587908,0.30000000000000004
one_lag,grouped,1,M5_history_env_full_gb,gb,Côte d'Ivoire,2016,140.1,146.95,186.9614968510772,156.9528742127693,0.25
one_lag,grouped,1,M5_history_env_full_gb,gb,Côte d'Ivoire,2017,138.86,140.1,231.15884247526623,162.86471061881656,0.25
one_lag,grouped,1,M5_history_env_full_gb,gb,Côte d'Ivoire,2018,330.6,138.86,180.29344865600842,149.21836216400212,0.25
one_lag,grouped,1,M5_history_env_full_gb,gb,Côte d'Ivoire,2020,287.0,330.6,314.93639817870894,326.6840995446772,0.25
one_lag,grouped,1,M5_history_env_full_gb,gb,Democratic Republic of the Congo,2016,310.59,317.07,283.34567391770116,308.6389184794253,0.25
one_lag,grouped,1,M5_history_env_full_gb,gb,Democratic Republic of the Congo,2017,307.62,310.59,283.34567391770116,303.7789184794253,0.25
one_lag,grouped,1,M5_history_env_full_gb,gb,Democratic Republic of the Congo,2018,319.8,307.62,283.34567391770116,301.5514184794253,0.25
one_lag,grouped,1,M5_history_env_full_gb,gb,Democratic Republic of the Congo,2020,324.2,319.8,296.8438470378695,314.0609617594674,0.25
one_lag,grouped,1,M5_history_env_full_gb,gb,Kenya,2016,71.23,73.15,159.86559388574852,94.82889847143713,0.25
one_lag,grouped,1,M5_history_env_full_gb,gb,Kenya,2017,70.83,71.23,100.44693194152572,78.53423298538144,0.25
one_lag,grouped,1,M5_history_env_full_gb,gb,Kenya,2018,70.1,70.83,121.43909212848939,83.48227303212235,0.25
one_lag,grouped,1,M5_history_env_full_gb,gb,Kenya,2020,50.9,70.1,169.30619741990864,94.90154935497716,0.25
one_lag,grouped,1,M5_history_env_full_gb,gb,Madagascar,2016,67.97,117.2,110.76367570174524,115.59091892543631,0.25
one_lag,grouped,1,M5_history_env_full_gb,gb,Madagascar,2017,90.9,67.97,113.18600927119587,79.27400231779896,0.25
one_lag,grouped,1,M5_history_env_full_gb,gb,Madagascar,2018,82.4,90.9,115.70640240734332,97.10160060183583,0.25
one_lag,grouped,1,M5_history_env_full_gb,gb,Madagascar,2020,133.5,82.4,112.30079450289489,89.87519862572373,0.25
one_lag,grouped,1,M5_history_env_full_gb,gb,Senegal,2016,54.28,78.55,87.86403141823554,80.87850785455888,0.25
one_lag,grouped,1,M5_history_env_full_gb,gb,Senegal,2017,64.62,54.28,87.86403141823554,62.67600785455889,0.25
one_lag,grouped,1,M5_history_env_full_gb,gb,Senegal,2018,55.8,64.62,81.26664722831929,68.78166180707983,0.25
one_lag,grouped,1,M5_history_env_full_gb,gb,Senegal,2020,49.9,55.8,81.26664722831929,62.16666180707982,0.25
one_lag,grouped,1,M5_history_env_full_gb,gb,United Republic of Tanzania,2016,113.68,112.94,109.82831722782251,112.16207930695563,0.25
one_lag,grouped,1,M5_history_env_full_gb,gb,United Republic of Tanzania,2017,113.86,113.68,117.46849104551468,114.62712276137867,0.25
one_lag,grouped,1,M5_history_env_full_gb,gb,United Republic of Tanzania,2018,124.3,113.86,107.40598365837188,112.24649591459297,0.25
one_lag,grouped,1,M5_history_env_full_gb,gb,United Republic of Tanzania,2020,120.2,124.3,107.40598365837188,120.07649591459297,0.25
one_lag,grouped,1,M5_history_env_full_gb,gb,Zambia,2016,204.19,207.89,180.47811405227174,201.03702851306792,0.25
one_lag,grouped,1,M5_history_env_full_gb,gb,Zambia,2017,203.32,204.19,205.30660313089084,204.4691507827227,0.25
one_lag,grouped,1,M5_history_env_full_gb,gb,Zambia,2018,156.7,203.32,201.36826824220492,202.83206706055122,0.25
one_lag,grouped,1,M5_history_env_full_gb,gb,Zambia,2020,189.9,156.7,192.6306206774096,165.6826551693524,0.25
one_lag,grouped,1,M6_history_env_full_vc_rf,rf,Côte d'Ivoire,2016,140.1,146.95,196.13623015648773,161.7058690469463,0.30000000000000004
one_lag,grouped,1,M6_history_env_full_vc_rf,rf,Côte d'Ivoire,2017,138.86,140.1,202.2084228598487,158.7325268579546,0.30000000000000004
one_lag,grouped,1,M6_history_env_full_vc_rf,rf,Côte d'Ivoire,2018,330.6,138.86,198.80818982651255,156.84445694795377,0.30000000000000004
one_lag,grouped,1,M6_history_env_full_vc_rf,rf,Côte d'Ivoire,2020,287.0,330.6,314.2761276894966,325.702838306849,0.30000000000000004
one_lag,grouped,1,M6_history_env_full_vc_rf,rf,Democratic Republic of the Congo,2016,310.59,317.07,310.1391685875158,314.99075057625475,0.30000000000000004
one_lag,grouped,1,M6_history_env_full_vc_rf,rf,Democratic Republic of the Congo,2017,307.62,310.59,323.1416480909128,314.3554944272738,0.30000000000000004
one_lag,grouped,1,M6_history_env_full_vc_rf,rf,Democratic Republic of the Congo,2018,319.8,307.62,320.3136888245957,311.42810664737874,0.30000000000000004
one_lag,grouped,1,M6_history_env_full_vc_rf,rf,Democratic Republic of the Congo,2020,324.2,319.8,309.8409215600698,316.8122764680209,0.30000000000000004
one_lag,grouped,1,M6_history_env_full_vc_rf,rf,Kenya,2016,71.23,73.15,124.79542804594665,88.643628413784,0.30000000000000004
one_lag,grouped,1,M6_history_env_full_vc_rf,rf,Kenya,2017,70.83,71.23,112.80130840919205,83.70139252275762,0.30000000000000004
one_lag,grouped,1,M6_history_env_full_vc_rf,rf,Kenya,2018,70.1,70.83,134.42464703052266,89.9083941091568,0.30000000000000004
one_lag,grouped,1,M6_history_env_full_vc_rf,rf,Kenya,2020,50.9,70.1,140.50476361894144,91.22142908568243,0.30000000000000004
one_lag,grouped,1,M6_history_env_full_vc_rf,rf,Madagascar,2016,67.97,117.2,149.34916061972788,126.84474818591836,0.30000000000000004
one_lag,grouped,1,M6_history_env_full_vc_rf,rf,Madagascar,2017,90.9,67.97,146.91483455530653,91.65345036659195,0.30000000000000004
one_lag,grouped,1,M6_history_env_full_vc_rf,rf,Madagascar,2018,82.4,90.9,148.6640081633097,108.22920244899291,0.30000000000000004
one_lag,grouped,1,M6_history_env_full_vc_rf,rf,Madagascar,2020,133.5,82.4,131.43261888292338,97.10978566487702,0.30000000000000004
one_lag,grouped,1,M6_history_env_full_vc_rf,rf,Senegal,2016,54.28,78.55,107.19954349954618,87.14486304986386,0.30000000000000004
one_lag,grouped,1,M6_history_env_full_vc_rf,rf,Senegal,2017,64.62,54.28,103.63659388410602,69.08697816523181,0.30000000000000004
one_lag,grouped,1,M6_history_env_full_vc_rf,rf,Senegal,2018,55.8,64.62,99.07345011099902,74.95603503329971,0.30000000000000004
one_lag,grouped,1,M6_history_env_full_vc_rf,rf,Senegal,2020,49.9,55.8,92.35190067559229,66.76557020267768,0.30000000000000004
one_lag,grouped,1,M6_history_env_full_vc_rf,rf,United Republic of Tanzania,2016,113.68,112.94,137.31497620322398,120.2524928609672,0.30000000000000004
one_lag,grouped,1,M6_history_env_full_vc_rf,rf,United Republic of Tanzania,2017,113.86,113.68,138.797836146638,121.2153508439914,0.30000000000000004
one_lag,grouped,1,M6_history_env_full_vc_rf,rf,United Republic of Tanzania,2018,124.3,113.86,145.19727381298793,123.26118214389638,0.30000000000000004
one_lag,grouped,1,M6_history_env_full_vc_rf,rf,United Republic of Tanzania,2020,120.2,124.3,159.19360783077283,134.76808234923186,0.30000000000000004
one_lag,grouped,1,M6_history_env_full_vc_rf,rf,Zambia,2016,204.19,207.89,171.6332351829238,197.01297055487714,0.30000000000000004
one_lag,grouped,1,M6_history_env_full_vc_rf,rf,Zambia,2017,203.32,204.19,215.92129659239097,207.70938897771728,0.30000000000000004
one_lag,grouped,1,M6_history_env_full_vc_rf,rf,Zambia,2018,156.7,203.32,204.516237662298,203.6788712986894,0.30000000000000004
one_lag,grouped,1,M6_history_env_full_vc_rf,rf,Zambia,2020,189.9,156.7,192.82799049702487,167.53839714910745,0.30000000000000004
one_lag,grouped,1,M6_history_env_full_vc_gb,gb,Côte d'Ivoire,2016,140.1,146.95,178.442315627433,156.3976946882299,0.30000000000000004
one_lag,grouped,1,M6_history_env_full_vc_gb,gb,Côte d'Ivoire,2017,138.86,140.1,222.63269995750227,164.85980998725069,0.30000000000000004
one_lag,grouped,1,M6_history_env_full_vc_gb,gb,Côte d'Ivoire,2018,330.6,138.86,178.442315627433,150.73469468822992,0.30000000000000004
one_lag,grouped,1,M6_history_env_full_vc_gb,gb,Côte d'Ivoire,2020,287.0,330.6,314.3188969846217,325.71566909538654,0.30000000000000004
one_lag,grouped,1,M6_history_env_full_vc_gb,gb,Democratic Republic of the Congo,2016,310.59,317.07,282.5540826481686,306.7152247944506,0.30000000000000004
one_lag,grouped,1,M6_history_env_full_vc_gb,gb,Democratic Republic of the Congo,2017,307.62,310.59,284.5330065242723,302.77290195728165,0.30000000000000004
one_lag,grouped,1,M6_history_env_full_vc_gb,gb,Democratic Republic of the Congo,2018,319.8,307.62,284.5330065242723,300.6939019572817,0.30000000000000004
one_lag,grouped,1,M6_history_env_full_vc_gb,gb,Democratic Republic of the Congo,2020,324.2,319.8,297.9693062384955,313.25079187154864,0.30000000000000004
one_lag,grouped,1,M6_history_env_full_vc_gb,gb,Kenya,2016,71.23,73.15,167.3734483282406,101.41703449847219,0.30000000000000004
one_lag,grouped,1,M6_history_env_full_vc_gb,gb,Kenya,2017,70.83,71.23,108.46571921428698,82.4007157642861,0.30000000000000004
one_lag,grouped,1,M6_history_env_full_vc_gb,gb,Kenya,2018,70.1,70.83,124.31382478901085,86.87514743670326,0.30000000000000004
one_lag,grouped,1,M6_history_env_full_vc_gb,gb,Kenya,2020,50.9,70.1,170.62902134559306,100.25870640367792,0.30000000000000004
one_lag,grouped,1,M6_history_env_full_vc_gb,gb,Madagascar,2016,67.97,117.2,110.28464144566583,115.12539243369974,0.30000000000000004
one_lag,grouped,1,M6_history_env_full_vc_gb,gb,Madagascar,2017,90.9,67.97,110.28464144566583,80.66439243369975,0.30000000000000004
one_lag,grouped,1,M6_history_env_full_vc_gb,gb,Madagascar,2018,82.4,90.9,115.49339111251481,98.27801733375445,0.30000000000000004
one_lag,grouped,1,M6_history_env_full_vc_gb,gb,Madagascar,2020,133.5,82.4,111.02132344807787,90.98639703442336,0.30000000000000004
one_lag,grouped,1,M6_history_env_full_vc_gb,gb,Senegal,2016,54.28,78.55,100.60580349855061,85.16674104956519,0.30000000000000004
one_lag,grouped,1,M6_history_env_full_vc_gb,gb,Senegal,2017,64.62,54.28,100.60580349855061,68.17774104956518,0.30000000000000004
one_lag,grouped,1,M6_history_env_full_vc_gb,gb,Senegal,2018,55.8,64.62,96.4832341963275,74.17897025889826,0.30000000000000004
one_lag,grouped,1,M6_history_env_full_vc_gb,gb,Senegal,2020,49.9,55.8,89.0611832245914,65.77835496737742,0.30000000000000004
one_lag,grouped,1,M6_history_env_full_vc_gb,gb,United Republic of Tanzania,2016,113.68,112.94,108.81514938386965,111.70254481516089,0.30000000000000004
one_lag,grouped,1,M6_history_env_full_vc_gb,gb,United Republic of Tanzania,2017,113.86,113.68,111.73247851881449,113.09574355564435,0.30000000000000004
one_lag,grouped,1,M6_history_env_full_vc_gb,gb,United Republic of Tanzania,2018,124.3,113.86,108.81514938386965,112.3465448151609,0.30000000000000004
one_lag,grouped,1,M6_history_env_full_vc_gb,gb,United Republic of Tanzania,2020,120.2,124.3,108.54898629781208,119.57469588934362,0.30000000000000004
one_lag,grouped,1,M6_history_env_full_vc_gb,gb,Zambia,2016,204.19,207.89,178.99327893509442,199.22098368052832,0.30000000000000004
one_lag,grouped,1,M6_history_env_full_vc_gb,gb,Zambia,2017,203.32,204.19,210.36968645576508,206.04390593672952,0.30000000000000004
one_lag,grouped,1,M6_history_env_full_vc_gb,gb,Zambia,2018,156.7,203.32,199.74952113696395,202.24885634108918,0.30000000000000004
one_lag,grouped,1,M6_history_env_full_vc_gb,gb,Zambia,2020,189.9,156.7,195.23425818666144,168.26027745599842,0.30000000000000004
one_lag,grouped,2,M0_persistence,baseline,Chad,2016,188.18,194.14,194.14,194.14,
one_lag,grouped,2,M0_persistence,baseline,Chad,2017,188.61,188.18,188.18,188.18,
one_lag,grouped,2,M0_persistence,baseline,Chad,2018,164.8,188.61,188.61,188.61,
one_lag,grouped,2,M0_persistence,baseline,Chad,2020,206.3,164.8,164.8,164.8,
one_lag,grouped,2,M0_persistence,baseline,Congo,2016,201.08,208.99,208.99,208.99,
one_lag,grouped,2,M0_persistence,baseline,Congo,2017,197.63,201.08,201.08,201.08,
one_lag,grouped,2,M0_persistence,baseline,Congo,2018,235.1,197.63,197.63,197.63,
one_lag,grouped,2,M0_persistence,baseline,Congo,2020,213.2,235.1,235.1,235.1,
one_lag,grouped,2,M0_persistence,baseline,Côte d'Ivoire,2016,140.1,146.95,146.95,146.95,
one_lag,grouped,2,M0_persistence,baseline,Côte d'Ivoire,2017,138.86,140.1,140.1,140.1,
one_lag,grouped,2,M0_persistence,baseline,Côte d'Ivoire,2018,330.6,138.86,138.86,138.86,
one_lag,grouped,2,M0_persistence,baseline,Côte d'Ivoire,2020,287.0,330.6,330.6,330.6,
one_lag,grouped,2,M0_persistence,baseline,Democratic Republic of the Congo,2016,310.59,317.07,317.07,317.07,
one_lag,grouped,2,M0_persistence,baseline,Democratic Republic of the Congo,2017,307.62,310.59,310.59,310.59,
one_lag,grouped,2,M0_persistence,baseline,Democratic Republic of the Congo,2018,319.8,307.62,307.62,307.62,
one_lag,grouped,2,M0_persistence,baseline,Democratic Republic of the Congo,2020,324.2,319.8,319.8,319.8,
one_lag,grouped,2,M0_persistence,baseline,Gambia,2016,124.59,208.63,208.63,208.63,
one_lag,grouped,2,M0_persistence,baseline,Gambia,2017,56.67,124.59,124.59,124.59,
one_lag,grouped,2,M0_persistence,baseline,Gambia,2018,66.0,56.67,56.67,56.67,
one_lag,grouped,2,M0_persistence,baseline,Gambia,2020,87.3,66.0,66.0,66.0,
one_lag,grouped,2,M0_persistence,baseline,Ghana,2016,271.32,272.4,272.4,272.4,
one_lag,grouped,2,M0_persistence,baseline,Ghana,2017,270.69,271.32,271.32,271.32,
one_lag,grouped,2,M0_persistence,baseline,Ghana,2018,224.3,270.69,270.69,270.69,
one_lag,grouped,2,M0_persistence,baseline,Ghana,2020,162.8,224.3,224.3,224.3,
one_lag,grouped,2,M0_persistence,baseline,Senegal,2016,54.28,78.55,78.55,78.55,
one_lag,grouped,2,M0_persistence,baseline,Senegal,2017,64.62,54.28,54.28,54.28,
one_lag,grouped,2,M0_persistence,baseline,Senegal,2018,55.8,64.62,64.62,64.62,
one_lag,grouped,2,M0_persistence,baseline,Senegal,2020,49.9,55.8,55.8,55.8,
one_lag,grouped,2,M1_history_rf,rf,Chad,2016,188.18,194.14,246.69083992507822,217.78787796628518,0.45
one_lag,grouped,2,M1_history_rf,rf,Chad,2017,188.61,188.18,222.01983066417228,203.40792379887753,0.45
one_lag,grouped,2,M1_history_rf,rf,Chad,2018,164.8,188.61,222.01983066417228,203.64442379887754,0.45
one_lag,grouped,2,M1_history_rf,rf,Chad,2020,206.3,164.8,204.37582459024628,182.60912106561082,0.45
one_lag,grouped,2,M1_history_rf,rf,Congo,2016,201.08,208.99,207.9149653519141,208.50623440836137,0.45
one_lag,grouped,2,M1_history_rf,rf,Congo,2017,197.63,201.08,214.24244638496467,207.0031008732341,0.45
one_lag,grouped,2,M1_history_rf,rf,Congo,2018,235.1,197.63,234.84353602862646,214.3760912128819,0.45
one_lag,grouped,2,M1_history_rf,rf,Congo,2020,213.2,235.1,247.6418572674565,240.74383577035542,0.45
one_lag,grouped,2,M1_history_rf,rf,Côte d'Ivoire,2016,140.1,146.95,167.50787995077155,156.2010459778472,0.45
one_lag,grouped,2,M1_history_rf,rf,Côte d'Ivoire,2017,138.86,140.1,167.56220185553343,152.45799083499003,0.45
one_lag,grouped,2,M1_history_rf,rf,Côte d'Ivoire,2018,330.6,138.86,165.68546812537468,150.9314606564186,0.45
one_lag,grouped,2,M1_history_rf,rf,Côte d'Ivoire,2020,287.0,330.6,361.2053408453214,344.37240338039464,0.45
one_lag,grouped,2,M1_history_rf,rf,Democratic Republic of the Congo,2016,310.59,317.07,326.01088239621487,321.0933970782967,0.45
one_lag,grouped,2,M1_history_rf,rf,Democratic Republic of the Congo,2017,307.62,310.59,313.1084094286268,311.7232842428821,0.45
one_lag,grouped,2,M1_history_rf,rf,Democratic Republic of the Congo,2018,319.8,307.62,311.4794873969364,309.3567693286214,0.45
one_lag,grouped,2,M1_history_rf,rf,Democratic Republic of the Congo,2020,324.2,319.8,335.7044350175935,326.95699575791707,0.45
one_lag,grouped,2,M1_history_rf,rf,Gambia,2016,124.59,208.63,202.45966568410978,205.8533495578494,0.45
one_lag,grouped,2,M1_history_rf,rf,Gambia,2017,56.67,124.59,110.15123874364531,118.09255743464038,0.45
one_lag,grouped,2,M1_history_rf,rf,Gambia,2018,66.0,56.67,83.42282294055934,68.70877032325171,0.45
one_lag,grouped,2,M1_history_rf,rf,Gambia,2020,87.3,66.0,83.42282294055934,73.8402703232517,0.45
one_lag,grouped,2,M1_history_rf,rf,Ghana,2016,271.32,272.4,257.99960032714677,265.91982014721606,0.45
one_lag,grouped,2,M1_history_rf,rf,Ghana,2017,270.69,271.32,257.99960032714677,265.32582014721606,0.45
one_lag,grouped,2,M1_history_rf,rf,Ghana,2018,224.3,270.69,257.99960032714677,264.9793201472161,0.45
one_lag,grouped,2,M1_history_rf,rf,Ghana,2020,162.8,224.3,230.60468143428128,227.13710664542657,0.45
one_lag,grouped,2,M1_history_rf,rf,Senegal,2016,54.28,78.55,85.01398688911092,81.45879410009991,0.45
one_lag,grouped,2,M1_history_rf,rf,Senegal,2017,64.62,54.28,83.42282294055934,67.3942703232517,0.45
one_lag,grouped,2,M1_history_rf,rf,Senegal,2018,55.8,64.62,83.42282294055934,73.0812703232517,0.45
one_lag,grouped,2,M1_history_rf,rf,Senegal,2020,49.9,55.8,83.42282294055934,68.2302703232517,0.45
one_lag,grouped,2,M1_history_gb,gb,Chad,2016,188.18,194.14,215.56798291278704,203.78259231075415,0.45
one_lag,grouped,2,M1_history_gb,gb,Chad,2017,188.61,188.18,196.07453975368034,191.73254288915615,0.45
one_lag,grouped,2,M1_history_gb,gb,Chad,2018,164.8,188.61,196.07453975368034,191.96904288915616,0.45
one_lag,grouped,2,M1_history_gb,gb,Chad,2020,206.3,164.8,196.07453975368034,178.87354288915617,0.45
one_lag,grouped,2,M1_history_gb,gb,Congo,2016,201.08,208.99,211.08418336112393,209.93238251250577,0.45
one_lag,grouped,2,M1_history_gb,gb,Congo,2017,197.63,201.08,211.08418336112393,205.58188251250579,0.45
one_lag,grouped,2,M1_history_gb,gb,Congo,2018,235.1,197.63,215.56798291278704,205.70209231075415,0.45
one_lag,grouped,2,M1_history_gb,gb,Congo,2020,213.2,235.1,254.33356264014003,243.755103188063,0.45
one_lag,grouped,2,M1_history_gb,gb,Côte d'Ivoire,2016,140.1,146.95,167.34944339179074,156.12974952630583,0.45
one_lag,grouped,2,M1_history_gb,gb,Côte d'Ivoire,2017,138.86,140.1,167.34944339179074,152.36224952630585,0.45
one_lag,grouped,2,M1_history_gb,gb,Côte d'Ivoire,2018,330.6,138.86,167.34944339179074,151.68024952630583,0.45
one_lag,grouped,2,M1_history_gb,gb,Côte d'Ivoire,2020,287.0,330.6,322.40387978833985,326.91174590475293,0.45
one_lag,grouped,2,M1_history_gb,gb,Democratic Republic of the Congo,2016,310.59,317.07,307.8975397379538,312.9423928820792,0.45
one_lag,grouped,2,M1_history_gb,gb,Democratic Republic of the Congo,2017,307.62,310.59,307.8975397379538,309.3783928820792,0.45
one_lag,grouped,2,M1_history_gb,gb,Democratic Republic of the Congo,2018,319.8,307.62,307.8975397379538,307.7448928820792,0.45
one_lag,grouped,2,M1_history_gb,gb,Democratic Republic of the Congo,2020,324.2,319.8,322.40387978833985,320.97174590475294,0.45
one_lag,grouped,2,M1_history_gb,gb,Gambia,2016,124.59,208.63,211.08418336112393,209.73438251250576,0.45
one_lag,grouped,2,M1_history_gb,gb,Gambia,2017,56.67,124.59,119.61431932399815,122.35094369579917,0.45
one_lag,grouped,2,M1_history_gb,gb,Gambia,2018,66.0,56.67,82.29123215289314,68.19955446880192,0.45
one_lag,grouped,2,M1_history_gb,gb,Gambia,2020,87.3,66.0,82.29123215289314,73.33105446880191,0.45
one_lag,grouped,2,M1_history_gb,gb,Ghana,2016,271.32,272.4,254.93643239801392,264.5413945791062,0.45
one_lag,grouped,2,M1_history_gb,gb,Ghana,2017,270.69,271.32,254.93643239801392,263.9473945791063,0.45
one_lag,grouped,2,M1_history_gb,gb,Ghana,2018,224.3,270.69,254.93643239801392,263.60089457910624,0.45
one_lag,grouped,2,M1_history_gb,gb,Ghana,2020,162.8,224.3,232.73079451217424,228.0938575304784,0.45
one_lag,grouped,2,M1_history_gb,gb,Senegal,2016,54.28,78.55,82.87971787092677,80.49837304191705,0.45
one_lag,grouped,2,M1_history_gb,gb,Senegal,2017,64.62,54.28,82.29123215289314,66.88505446880191,0.45
one_lag,grouped,2,M1_history_gb,gb,Senegal,2018,55.8,64.62,82.29123215289314,72.57205446880192,0.45
one_lag,grouped,2,M1_history_gb,gb,Senegal,2020,49.9,55.8,82.29123215289314,67.72105446880191,0.45
one_lag,grouped,2,M2_history_env_compact_rf,rf,Chad,2016,188.18,194.14,185.399765321957,191.08091786268494,0.35000000000000003
one_lag,grouped,2,M2_history_env_compact_rf,rf,Chad,2017,188.61,188.18,179.00881723970588,184.97008603389705,0.35000000000000003
one_lag,grouped,2,M2_history_env_compact_rf,rf,Chad,2018,164.8,188.61,178.8553856877578,185.19588499071523,0.35000000000000003
one_lag,grouped,2,M2_history_env_compact_rf,rf,Chad,2020,206.3,164.8,173.6224939119781,167.88787286919234,0.35000000000000003
one_lag,grouped,2,M2_history_env_compact_rf,rf,Congo,2016,201.08,208.99,221.02262436790892,213.20141852876813,0.35000000000000003
one_lag,grouped,2,M2_history_env_compact_rf,rf,Congo,2017,197.63,201.08,203.3959145788263,201.8905701025892,0.35000000000000003
one_lag,grouped,2,M2_history_env_compact_rf,rf,Congo,2018,235.1,197.63,225.22498985209123,207.28824644823192,0.35000000000000003
one_lag,grouped,2,M2_history_env_compact_rf,rf,Congo,2020,213.2,235.1,246.20437633795987,238.98653171828596,0.35000000000000003
one_lag,grouped,2,M2_history_env_compact_rf,rf,Côte d'Ivoire,2016,140.1,146.95,195.2326917369283,163.8489421079249,0.35000000000000003
one_lag,grouped,2,M2_history_env_compact_rf,rf,Côte d'Ivoire,2017,138.86,140.1,200.41891642873648,161.21162075005776,0.35000000000000003
one_lag,grouped,2,M2_history_env_compact_rf,rf,Côte d'Ivoire,2018,330.6,138.86,198.61378514304184,159.77382480006466,0.35000000000000003
one_lag,grouped,2,M2_history_env_compact_rf,rf,Côte d'Ivoire,2020,287.0,330.6,316.9422059955617,325.8197720984466,0.35000000000000003
one_lag,grouped,2,M2_history_env_compact_rf,rf,Democratic Republic of the Congo,2016,310.59,317.07,316.3014826569041,316.80101892991644,0.35000000000000003
one_lag,grouped,2,M2_history_env_compact_rf,rf,Democratic Republic of the Congo,2017,307.62,310.59,312.1246776628703,311.12713718200456,0.35000000000000003
one_lag,grouped,2,M2_history_env_compact_rf,rf,Democratic Republic of the Congo,2018,319.8,307.62,309.65809127398126,308.33333194589346,0.35000000000000003
one_lag,grouped,2,M2_history_env_compact_rf,rf,Democratic Republic of the Congo,2020,324.2,319.8,317.8166545952156,319.10582910832545,0.35000000000000003
one_lag,grouped,2,M2_history_env_compact_rf,rf,Gambia,2016,124.59,208.63,195.42909744808847,204.00968410683097,0.35000000000000003
one_lag,grouped,2,M2_history_env_compact_rf,rf,Gambia,2017,56.67,124.59,87.33690474458886,111.55141666060611,0.35000000000000003
one_lag,grouped,2,M2_history_env_compact_rf,rf,Gambia,2018,66.0,56.67,87.3780465331891,67.41781628661619,0.35000000000000003
one_lag,grouped,2,M2_history_env_compact_rf,rf,Gambia,2020,87.3,66.0,96.30664397935405,76.60732539277392,0.35000000000000003
one_lag,grouped,2,M2_history_env_compact_rf,rf,Ghana,2016,271.32,272.4,267.81122588350223,270.7939290592258,0.35000000000000003
one_lag,grouped,2,M2_history_env_compact_rf,rf,Ghana,2017,270.69,271.32,273.5834191513384,272.11219670296845,0.35000000000000003
one_lag,grouped,2,M2_history_env_compact_rf,rf,Ghana,2018,224.3,270.69,261.38751482723745,267.4341301895331,0.35000000000000003
one_lag,grouped,2,M2_history_env_compact_rf,rf,Ghana,2020,162.8,224.3,228.73942612171592,225.8537991426006,0.35000000000000003
one_lag,grouped,2,M2_history_env_compact_rf,rf,Senegal,2016,54.28,78.55,89.94418266017323,82.53796393106063,0.35000000000000003
one_lag,grouped,2,M2_history_env_compact_rf,rf,Senegal,2017,64.62,54.28,88.9232654458875,66.40514290606063,0.35000000000000003
one_lag,grouped,2,M2_history_env_compact_rf,rf,Senegal,2018,55.8,64.62,89.14550692857146,73.20392742500002,0.35000000000000003
one_lag,grouped,2,M2_history_env_compact_rf,rf,Senegal,2020,49.9,55.8,91.8012756998558,68.40044649494953,0.35000000000000003
one_lag,grouped,2,M2_history_env_compact_gb,gb,Chad,2016,188.18,194.14,187.1463037217348,191.3425214886939,0.4
one_lag,grouped,2,M2_history_env_compact_gb,gb,Chad,2017,188.61,188.18,148.74117992579897,172.4044719703196,0.4
one_lag,grouped,2,M2_history_env_compact_gb,gb,Chad,2018,164.8,188.61,148.74117992579897,172.6624719703196,0.4
one_lag,grouped,2,M2_history_env_compact_gb,gb,Chad,2020,206.3,164.8,148.74117992579897,158.37647197031959,0.4
one_lag,grouped,2,M2_history_env_compact_gb,gb,Congo,2016,201.08,208.99,223.16143873328542,214.65857549331417,0.4
one_lag,grouped,2,M2_history_env_compact_gb,gb,Congo,2017,197.63,201.08,217.5452942548647,207.6661177019459,0.4
one_lag,grouped,2,M2_history_env_compact_gb,gb,Congo,2018,235.1,197.63,223.2598438368708,207.88193753474832,0.4
one_lag,grouped,2,M2_history_env_compact_gb,gb,Congo,2020,213.2,235.1,262.7068025905504,246.14272103622017,0.4
one_lag,grouped,2,M2_history_env_compact_gb,gb,Côte d'Ivoire,2016,140.1,146.95,191.04271619636387,164.58708647854553,0.4
one_lag,grouped,2,M2_history_env_compact_gb,gb,Côte d'Ivoire,2017,138.86,140.1,179.31330889244254,155.785323556977,0.4
one_lag,grouped,2,M2_history_env_compact_gb,gb,Côte d'Ivoire,2018,330.6,138.86,179.07691791326604,154.94676716530643,0.4
one_lag,grouped,2,M2_history_env_compact_gb,gb,Côte d'Ivoire,2020,287.0,330.6,319.98563533467757,326.35425413387105,0.4
one_lag,grouped,2,M2_history_env_compact_gb,gb,Democratic Republic of the Congo,2016,310.59,317.07,294.670031083689,308.1100124334756,0.4
one_lag,grouped,2,M2_history_env_compact_gb,gb,Democratic Republic of the Congo,2017,307.62,310.59,295.60773597113575,304.5970943884543,0.4
one_lag,grouped,2,M2_history_env_compact_gb,gb,Democratic Republic of the Congo,2018,319.8,307.62,294.670031083689,302.4400124334756,0.4
one_lag,grouped,2,M2_history_env_compact_gb,gb,Democratic Republic of the Congo,2020,324.2,319.8,309.594010774961,315.71760430998444,0.4
one_lag,grouped,2,M2_history_env_compact_gb,gb,Gambia,2016,124.59,208.63,198.322024370835,204.506809748334,0.4
one_lag,grouped,2,M2_history_env_compact_gb,gb,Gambia,2017,56.67,124.59,96.2570070599689,113.25680282398756,0.4
one_lag,grouped,2,M2_history_env_compact_gb,gb,Gambia,2018,66.0,56.67,83.95877002276951,67.58550800910781,0.4
one_lag,grouped,2,M2_history_env_compact_gb,gb,Gambia,2020,87.3,66.0,98.06654404097408,78.82661761638963,0.4
one_lag,grouped,2,M2_history_env_compact_gb,gb,Ghana,2016,271.32,272.4,252.83197616313785,264.57279046525514,0.4
one_lag,grouped,2,M2_history_env_compact_gb,gb,Ghana,2017,270.69,271.32,252.83197616313785,263.9247904652551,0.4
one_lag,grouped,2,M2_history_env_compact_gb,gb,Ghana,2018,224.3,270.69,245.05785227071553,260.4371409082862,0.4
one_lag,grouped,2,M2_history_env_compact_gb,gb,Ghana,2020,162.8,224.3,229.9726991069387,226.56907964277548,0.4
one_lag,grouped,2,M2_history_env_compact_gb,gb,Senegal,2016,54.28,78.55,73.41453963758266,76.49581585503306,0.4
one_lag,grouped,2,M2_history_env_compact_gb,gb,Senegal,2017,64.62,54.28,73.41453963758266,61.93381585503307,0.4
one_lag,grouped,2,M2_history_env_compact_gb,gb,Senegal,2018,55.8,64.62,70.38432522090585,66.92573008836234,0.4
one_lag,grouped,2,M2_history_env_compact_gb,gb,Senegal,2020,49.9,55.8,72.45801928168785,62.46320771267514,0.4
one_lag,grouped,2,M3_history_vc_rf,rf,Chad,2016,188.18,194.14,221.32733634787152,203.65556772175503,0.35000000000000003
one_lag,grouped,2,M3_history_vc_rf,rf,Chad,2017,188.61,188.18,214.93726218730978,197.54504176555844,0.35000000000000003
one_lag,grouped,2,M3_history_vc_rf,rf,Chad,2018,164.8,188.61,212.5975116793733,197.00562908778068,0.35000000000000003
one_lag,grouped,2,M3_history_vc_rf,rf,Chad,2020,206.3,164.8,204.4515032399794,178.6780261339928,0.35000000000000003
one_lag,grouped,2,M3_history_vc_rf,rf,Congo,2016,201.08,208.99,230.63455885134934,216.56559559797228,0.35000000000000003
one_lag,grouped,2,M3_history_vc_rf,rf,Congo,2017,197.63,201.08,215.51124113870586,206.13093439854705,0.35000000000000003
one_lag,grouped,2,M3_history_vc_rf,rf,Congo,2018,235.1,197.63,247.10177274132,214.945120459462,0.35000000000000003
one_lag,grouped,2,M3_history_vc_rf,rf,Congo,2020,213.2,235.1,252.3330499727201,241.13156749045203,0.35000000000000003
one_lag,grouped,2,M3_history_vc_rf,rf,Côte d'Ivoire,2016,140.1,146.95,188.4204718078146,161.4646651327351,0.35000000000000003
one_lag,grouped,2,M3_history_vc_rf,rf,Côte d'Ivoire,2017,138.86,140.1,187.70301984244662,156.7610569448563,0.35000000000000003
one_lag,grouped,2,M3_history_vc_rf,rf,Côte d'Ivoire,2018,330.6,138.86,183.97489921401953,154.65021472490685,0.35000000000000003
one_lag,grouped,2,M3_history_vc_rf,rf,Côte d'Ivoire,2020,287.0,330.6,318.52607673732166,326.3741268580626,0.35000000000000003
one_lag,grouped,2,M3_history_vc_rf,rf,Democratic Republic of the Congo,2016,310.59,317.07,317.5998403172917,317.2554441110521,0.35000000000000003
one_lag,grouped,2,M3_history_vc_rf,rf,Democratic Republic of the Congo,2017,307.62,310.59,352.85427515031233,325.3824963026093,0.35000000000000003
one_lag,grouped,2,M3_history_vc_rf,rf,Democratic Republic of the Congo,2018,319.8,307.62,351.30050039417966,322.90817513796287,0.35000000000000003
one_lag,grouped,2,M3_history_vc_rf,rf,Democratic Republic of the Congo,2020,324.2,319.8,330.478311185045,323.53740891476576,0.35000000000000003
one_lag,grouped,2,M3_history_vc_rf,rf,Gambia,2016,124.59,208.63,203.13080253464688,206.7052808871264,0.35000000000000003
one_lag,grouped,2,M3_history_vc_rf,rf,Gambia,2017,56.67,124.59,92.91658067315322,113.50430323560363,0.35000000000000003
one_lag,grouped,2,M3_history_vc_rf,rf,Gambia,2018,66.0,56.67,78.99191682902523,64.48267089015883,0.35000000000000003
one_lag,grouped,2,M3_history_vc_rf,rf,Gambia,2020,87.3,66.0,98.44194444794542,77.35468055678089,0.35000000000000003
one_lag,grouped,2,M3_history_vc_rf,rf,Ghana,2016,271.32,272.4,256.2951862346204,266.76331518211714,0.35000000000000003
one_lag,grouped,2,M3_history_vc_rf,rf,Ghana,2017,270.69,271.32,256.43915429466654,266.1117040031333,0.35000000000000003
one_lag,grouped,2,M3_history_vc_rf,rf,Ghana,2018,224.3,270.69,256.9264599299756,265.8727609754915,0.35000000000000003
one_lag,grouped,2,M3_history_vc_rf,rf,Ghana,2020,162.8,224.3,220.00121028224544,222.7954235987859,0.35000000000000003
one_lag,grouped,2,M3_history_vc_rf,rf,Senegal,2016,54.28,78.55,89.2774416308691,82.30460457080419,0.35000000000000003
one_lag,grouped,2,M3_history_vc_rf,rf,Senegal,2017,64.62,54.28,87.30231708108555,65.83781097837995,0.35000000000000003
one_lag,grouped,2,M3_history_vc_rf,rf,Senegal,2018,55.8,64.62,87.90077682350979,72.76827188822843,0.35000000000000003
one_lag,grouped,2,M3_history_vc_rf,rf,Senegal,2020,49.9,55.8,87.52976908108556,66.90541917837994,0.35000000000000003
one_lag,grouped,2,M3_history_vc_gb,gb,Chad,2016,188.18,194.14,200.39816822739,196.64326729095598,0.4
one_lag,grouped,2,M3_history_vc_gb,gb,Chad,2017,188.61,188.18,175.57377248224768,183.1375089928991,0.4
one_lag,grouped,2,M3_history_vc_gb,gb,Chad,2018,164.8,188.61,175.57377248224768,183.39550899289907,0.4
one_lag,grouped,2,M3_history_vc_gb,gb,Chad,2020,206.3,164.8,175.57377248224768,169.10950899289907,0.4
one_lag,grouped,2,M3_history_vc_gb,gb,Congo,2016,201.08,208.99,219.14934300577104,213.0537372023084,0.4
one_lag,grouped,2,M3_history_vc_gb,gb,Congo,2017,197.63,201.08,210.55066868576182,204.86826747430473,0.4
one_lag,grouped,2,M3_history_vc_gb,gb,Congo,2018,235.1,197.63,214.71017814537834,204.46207125815133,0.4
one_lag,grouped,2,M3_history_vc_gb,gb,Congo,2020,213.2,235.1,270.59924181601673,249.2996967264067,0.4
one_lag,grouped,2,M3_history_vc_gb,gb,Côte d'Ivoire,2016,140.1,146.95,176.74548883208618,158.86819553283448,0.4
one_lag,grouped,2,M3_history_vc_gb,gb,Côte d'Ivoire,2017,138.86,140.1,176.2047157496796,154.54188629987183,0.4
one_lag,grouped,2,M3_history_vc_gb,gb,Côte d'Ivoire,2018,330.6,138.86,176.2047157496796,153.79788629987183,0.4
one_lag,grouped,2,M3_history_vc_gb,gb,Côte d'Ivoire,2020,287.0,330.6,319.2355749830768,326.0542299932307,0.4
one_lag,grouped,2,M3_history_vc_gb,gb,Democratic Republic of the Congo,2016,310.59,317.07,333.0693392754216,323.46973571016866,0.4
one_lag,grouped,2,M3_history_vc_gb,gb,Democratic Republic of the Congo,2017,307.62,310.59,329.0859866187352,317.9883946474941,0.4
one_lag,grouped,2,M3_history_vc_gb,gb,Democratic Republic of the Congo,2018,319.8,307.62,366.83032414005436,331.30412965602176,0.4
one_lag,grouped,2,M3_history_vc_gb,gb,Democratic Republic of the Congo,2020,324.2,319.8,348.27107172945466,331.1884286917819,0.4
one_lag,grouped,2,M3_history_vc_gb,gb,Gambia,2016,124.59,208.63,204.21163646966343,206.86265458786536,0.4
one_lag,grouped,2,M3_history_vc_gb,gb,Gambia,2017,56.67,124.59,122.71935254147479,123.84174101658992,0.4
one_lag,grouped,2,M3_history_vc_gb,gb,Gambia,2018,66.0,56.67,91.91884154640633,70.76953661856254,0.4
one_lag,grouped,2,M3_history_vc_gb,gb,Gambia,2020,87.3,66.0,96.0474173138888,78.01896692555552,0.4
one_lag,grouped,2,M3_history_vc_gb,gb,Ghana,2016,271.32,272.4,253.40186244799784,264.8007449791991,0.4
one_lag,grouped,2,M3_history_vc_gb,gb,Ghana,2017,270.69,271.32,257.5905052364876,265.82820209459504,0.4
one_lag,grouped,2,M3_history_vc_gb,gb,Ghana,2018,224.3,270.69,254.74814888676767,264.3132595547071,0.4
one_lag,grouped,2,M3_history_vc_gb,gb,Ghana,2020,162.8,224.3,230.22828750577597,226.6713150023104,0.4
one_lag,grouped,2,M3_history_vc_gb,gb,Senegal,2016,54.28,78.55,74.23573487854954,76.82429395141982,0.4
one_lag,grouped,2,M3_history_vc_gb,gb,Senegal,2017,64.62,54.28,74.23573487854954,62.262293951419814,0.4
one_lag,grouped,2,M3_history_vc_gb,gb,Senegal,2018,55.8,64.62,74.23573487854954,68.46629395141981,0.4
one_lag,grouped,2,M3_history_vc_gb,gb,Senegal,2020,49.9,55.8,74.23573487854954,63.17429395141981,0.4
one_lag,grouped,2,M4_history_env_compact_vc_rf,rf,Chad,2016,188.18,194.14,194.13447846042615,194.13834353812783,0.30000000000000004
one_lag,grouped,2,M4_history_env_compact_vc_rf,rf,Chad,2017,188.61,188.18,188.03528097990667,188.136584293972,0.30000000000000004
one_lag,grouped,2,M4_history_env_compact_vc_rf,rf,Chad,2018,164.8,188.61,187.46814615450987,188.26744384635296,0.30000000000000004
one_lag,grouped,2,M4_history_env_compact_vc_rf,rf,Chad,2020,206.3,164.8,179.50675355882186,169.21202606764658,0.30000000000000004
one_lag,grouped,2,M4_history_env_compact_vc_rf,rf,Congo,2016,201.08,208.99,224.40266534667327,213.613799604002,0.30000000000000004
one_lag,grouped,2,M4_history_env_compact_vc_rf,rf,Congo,2017,197.63,201.08,204.97017918911155,202.24705375673346,0.30000000000000004
one_lag,grouped,2,M4_history_env_compact_vc_rf,rf,Congo,2018,235.1,197.63,229.59817849054048,207.22045354716215,0.30000000000000004
one_lag,grouped,2,M4_history_env_compact_vc_rf,rf,Congo,2020,213.2,235.1,247.03694234409593,238.68108270322878,0.30000000000000004
one_lag,grouped,2,M4_history_env_compact_vc_rf,rf,Côte d'Ivoire,2016,140.1,146.95,202.7851136591038,163.70053409773115,0.30000000000000004
one_lag,grouped,2,M4_history_env_compact_vc_rf,rf,Côte d'Ivoire,2017,138.86,140.1,204.92673350734748,159.54802005220424,0.30000000000000004
one_lag,grouped,2,M4_history_env_compact_vc_rf,rf,Côte d'Ivoire,2018,330.6,138.86,201.7590148059505,157.72970444178517,0.30000000000000004
one_lag,grouped,2,M4_history_env_compact_vc_rf,rf,Côte d'Ivoire,2020,287.0,330.6,314.9099223987134,325.892976719614,0.30000000000000004
one_lag,grouped,2,M4_history_env_compact_vc_rf,rf,Democratic Republic of the Congo,2016,310.59,317.07,307.5376662078485,314.21029986235453,0.30000000000000004
one_lag,grouped,2,M4_history_env_compact_vc_rf,rf,Democratic Republic of the Congo,2017,307.62,310.59,326.9523939218172,315.49871817654514,0.30000000000000004
one_lag,grouped,2,M4_history_env_compact_vc_rf,rf,Democratic Republic of the Congo,2018,319.8,307.62,324.99032755673784,312.83109826702133,0.30000000000000004
one_lag,grouped,2,M4_history_env_compact_vc_rf,rf,Democratic Republic of the Congo,2020,324.2,319.8,312.13864924864123,317.5015947745924,0.30000000000000004
one_lag,grouped,2,M4_history_env_compact_vc_rf,rf,Gambia,2016,124.59,208.63,195.16837753445037,204.59151326033512,0.30000000000000004
one_lag,grouped,2,M4_history_env_compact_vc_rf,rf,Gambia,2017,56.67,124.59,89.72802762731722,114.13140828819516,0.30000000000000004
one_lag,grouped,2,M4_history_env_compact_vc_rf,rf,Gambia,2018,66.0,56.67,89.02557184665343,66.37667155399603,0.30000000000000004
one_lag,grouped,2,M4_history_env_compact_vc_rf,rf,Gambia,2020,87.3,66.0,106.89561291375296,78.26868387412588,0.30000000000000004
one_lag,grouped,2,M4_history_env_compact_vc_rf,rf,Ghana,2016,271.32,272.4,261.55592615445033,269.14677784633506,0.30000000000000004
one_lag,grouped,2,M4_history_env_compact_vc_rf,rf,Ghana,2017,270.69,271.32,266.20629838754905,269.7858895162647,0.30000000000000004
one_lag,grouped,2,M4_history_env_compact_vc_rf,rf,Ghana,2018,224.3,270.69,257.83781344916304,266.8343440347489,0.30000000000000004
one_lag,grouped,2,M4_history_env_compact_vc_rf,rf,Ghana,2020,162.8,224.3,227.94979020416355,225.39493706124907,0.30000000000000004
one_lag,grouped,2,M4_history_env_compact_vc_rf,rf,Senegal,2016,54.28,78.55,92.07442677089584,82.60732803126875,0.30000000000000004
one_lag,grouped,2,M4_history_env_compact_vc_rf,rf,Senegal,2017,64.62,54.28,90.56489654145857,65.16546896243757,0.30000000000000004
one_lag,grouped,2,M4_history_env_compact_vc_rf,rf,Senegal,2018,55.8,64.62,93.41657251115558,73.25897175334669,0.30000000000000004
one_lag,grouped,2,M4_history_env_compact_vc_rf,rf,Senegal,2020,49.9,55.8,94.30931718503724,67.35279515551117,0.30000000000000004
one_lag,grouped,2,M4_history_env_compact_vc_gb,gb,Chad,2016,188.18,194.14,187.45659858983421,191.46663943593367,0.4
one_lag,grouped,2,M4_history_env_compact_vc_gb,gb,Chad,2017,188.61,188.18,149.02212362619173,172.51684945047668,0.4
one_lag,grouped,2,M4_history_env_compact_vc_gb,gb,Chad,2018,164.8,188.61,149.02212362619173,172.7748494504767,0.4
one_lag,grouped,2,M4_history_env_compact_vc_gb,gb,Chad,2020,206.3,164.8,149.02212362619173,158.4888494504767,0.4
one_lag,grouped,2,M4_history_env_compact_vc_gb,gb,Congo,2016,201.08,208.99,215.62072090787774,211.6422883631511,0.4
one_lag,grouped,2,M4_history_env_compact_vc_gb,gb,Congo,2017,197.63,201.08,211.68536659648458,205.32214663859384,0.4
one_lag,grouped,2,M4_history_env_compact_vc_gb,gb,Congo,2018,235.1,197.63,206.43766047489595,201.15306418995837,0.4
one_lag,grouped,2,M4_history_env_compact_vc_gb,gb,Congo,2020,213.2,235.1,245.72629756168595,239.35051902467438,0.4
one_lag,grouped,2,M4_history_env_compact_vc_gb,gb,Côte d'Ivoire,2016,140.1,146.95,176.01239156706168,158.57495662682467,0.4
one_lag,grouped,2,M4_history_env_compact_vc_gb,gb,Côte d'Ivoire,2017,138.86,140.1,173.83938427724962,153.59575371089986,0.4
one_lag,grouped,2,M4_history_env_compact_vc_gb,gb,Côte d'Ivoire,2018,330.6,138.86,176.01239156706168,153.7209566268247,0.4
one_lag,grouped,2,M4_history_env_compact_vc_gb,gb,Côte d'Ivoire,2020,287.0,330.6,319.44406347370176,326.1376253894807,0.4
one_lag,grouped,2,M4_history_env_compact_vc_gb,gb,Democratic Republic of the Congo,2016,310.59,317.07,275.7911690731941,300.55846762927763,0.4
one_lag,grouped,2,M4_history_env_compact_vc_gb,gb,Democratic Republic of the Congo,2017,307.62,310.59,298.2316330032096,305.6466532012838,0.4
one_lag,grouped,2,M4_history_env_compact_vc_gb,gb,Democratic Republic of the Congo,2018,319.8,307.62,298.2316330032096,303.86465320128383,0.4
one_lag,grouped,2,M4_history_env_compact_vc_gb,gb,Democratic Republic of the Congo,2020,324.2,319.8,290.29750912358014,307.99900364943204,0.4
one_lag,grouped,2,M4_history_env_compact_vc_gb,gb,Gambia,2016,124.59,208.63,196.36279953007437,203.72311981202975,0.4
one_lag,grouped,2,M4_history_env_compact_vc_gb,gb,Gambia,2017,56.67,124.59,96.53699500484362,113.36879800193745,0.4
one_lag,grouped,2,M4_history_env_compact_vc_gb,gb,Gambia,2018,66.0,56.67,84.997811673361,68.0011246693444,0.4
one_lag,grouped,2,M4_history_env_compact_vc_gb,gb,Gambia,2020,87.3,66.0,99.89958082448281,79.55983232979312,0.4
one_lag,grouped,2,M4_history_env_compact_vc_gb,gb,Ghana,2016,271.32,272.4,250.34083588604526,263.57633435441807,0.4
one_lag,grouped,2,M4_history_env_compact_vc_gb,gb,Ghana,2017,270.69,271.32,250.34083588604526,262.9283343544181,0.4
one_lag,grouped,2,M4_history_env_compact_vc_gb,gb,Ghana,2018,224.3,270.69,242.32870413732158,259.3454816549286,0.4
one_lag,grouped,2,M4_history_env_compact_vc_gb,gb,Ghana,2020,162.8,224.3,227.884788163419,225.7339152653676,0.4
one_lag,grouped,2,M4_history_env_compact_vc_gb,gb,Senegal,2016,54.28,78.55,73.73209141149222,76.62283656459688,0.4
one_lag,grouped,2,M4_history_env_compact_vc_gb,gb,Senegal,2017,64.62,54.28,73.73209141149222,62.06083656459689,0.4
one_lag,grouped,2,M4_history_env_compact_vc_gb,gb,Senegal,2018,55.8,64.62,71.18801642048933,67.24720656819574,0.4
one_lag,grouped,2,M4_history_env_compact_vc_gb,gb,Senegal,2020,49.9,55.8,74.85728559860144,63.42291423944057,0.4
one_lag,grouped,2,M5_history_env_full_rf,rf,Chad,2016,188.18,194.14,189.08091091707317,192.8752277292683,0.25
one_lag,grouped,2,M5_history_env_full_rf,rf,Chad,2017,188.61,188.18,168.2685834483033,183.20214586207584,0.25
one_lag,grouped,2,M5_history_env_full_rf,rf,Chad,2018,164.8,188.61,168.99423972421363,183.7060599310534,0.25
one_lag,grouped,2,M5_history_env_full_rf,rf,Chad,2020,206.3,164.8,176.69885135232093,167.77471283808023,0.25
one_lag,grouped,2,M5_history_env_full_rf,rf,Congo,2016,201.08,208.99,220.11945401615495,211.77236350403874,0.25
one_lag,grouped,2,M5_history_env_full_rf,rf,Congo,2017,197.63,201.08,202.6952578815847,201.48381447039617,0.25
one_lag,grouped,2,M5_history_env_full_rf,rf,Congo,2018,235.1,197.63,218.52651687933752,202.85412921983436,0.25
one_lag,grouped,2,M5_history_env_full_rf,rf,Congo,2020,213.2,235.1,243.17804932314218,237.11951233078554,0.25
one_lag,grouped,2,M5_history_env_full_rf,rf,Côte d'Ivoire,2016,140.1,146.95,202.0620440603662,160.72801101509154,0.25
one_lag,grouped,2,M5_history_env_full_rf,rf,Côte d'Ivoire,2017,138.86,140.1,202.88394098191648,155.79598524547913,0.25
one_lag,grouped,2,M5_history_env_full_rf,rf,Côte d'Ivoire,2018,330.6,138.86,200.9731049832539,154.38827624581347,0.25
one_lag,grouped,2,M5_history_env_full_rf,rf,Côte d'Ivoire,2020,287.0,330.6,316.5796430533739,327.0949107633435,0.25
one_lag,grouped,2,M5_history_env_full_rf,rf,Democratic Republic of the Congo,2016,310.59,317.07,309.55991435431565,315.1924785885789,0.25
one_lag,grouped,2,M5_history_env_full_rf,rf,Democratic Republic of the Congo,2017,307.62,310.59,305.5559805406996,309.33149513517486,0.25
one_lag,grouped,2,M5_history_env_full_rf,rf,Democratic Republic of the Congo,2018,319.8,307.62,303.5397478146317,306.5999369536579,0.25
one_lag,grouped,2,M5_history_env_full_rf,rf,Democratic Republic of the Congo,2020,324.2,319.8,311.85917932463315,317.8147948311583,0.25
one_lag,grouped,2,M5_history_env_full_rf,rf,Gambia,2016,124.59,208.63,200.8316858950351,206.68042147375877,0.25
one_lag,grouped,2,M5_history_env_full_rf,rf,Gambia,2017,56.67,124.59,100.96299726262633,118.68324931565658,0.25
one_lag,grouped,2,M5_history_env_full_rf,rf,Gambia,2018,66.0,56.67,94.55592609090915,66.14148152272729,0.25
one_lag,grouped,2,M5_history_env_full_rf,rf,Gambia,2020,87.3,66.0,115.32196024016567,78.33049006004141,0.25
one_lag,grouped,2,M5_history_env_full_rf,rf,Ghana,2016,271.32,272.4,265.2338080058601,270.608452001465,0.25
one_lag,grouped,2,M5_history_env_full_rf,rf,Ghana,2017,270.69,271.32,269.7625326468995,270.93063316172487,0.25
one_lag,grouped,2,M5_history_env_full_rf,rf,Ghana,2018,224.3,270.69,261.08211315071316,268.2880282876783,0.25
one_lag,grouped,2,M5_history_env_full_rf,rf,Ghana,2020,162.8,224.3,228.44693125316448,225.33673281329112,0.25
one_lag,grouped,2,M5_history_env_full_rf,rf,Senegal,2016,54.28,78.55,93.88707277045181,82.38426819261295,0.25
one_lag,grouped,2,M5_history_env_full_rf,rf,Senegal,2017,64.62,54.28,94.052917948385,64.22322948709625,0.25
one_lag,grouped,2,M5_history_env_full_rf,rf,Senegal,2018,55.8,64.62,94.43774277838827,72.07443569459707,0.25
one_lag,grouped,2,M5_history_env_full_rf,rf,Senegal,2020,49.9,55.8,98.48118084881789,66.47029521220446,0.25
one_lag,grouped,2,M5_history_env_full_gb,gb,Chad,2016,188.18,194.14,205.0928311829753,197.4258493548926,0.30000000000000004
one_lag,grouped,2,M5_history_env_full_gb,gb,Chad,2017,188.61,188.18,146.50110888924624,175.67633266677387,0.30000000000000004
one_lag,grouped,2,M5_history_env_full_gb,gb,Chad,2018,164.8,188.61,146.50110888924624,175.9773326667739,0.30000000000000004
one_lag,grouped,2,M5_history_env_full_gb,gb,Chad,2020,206.3,164.8,167.49362491717116,165.60808747515136,0.30000000000000004
one_lag,grouped,2,M5_history_env_full_gb,gb,Congo,2016,201.08,208.99,212.0900552144381,209.92001656433143,0.30000000000000004
one_lag,grouped,2,M5_history_env_full_gb,gb,Congo,2017,197.63,201.08,208.11696247829641,203.19108874348893,0.30000000000000004
one_lag,grouped,2,M5_history_env_full_gb,gb,Congo,2018,235.1,197.63,212.0900552144381,201.96801656433144,0.30000000000000004
one_lag,grouped,2,M5_history_env_full_gb,gb,Congo,2020,213.2,235.1,251.4506532678285,240.00519598034856,0.30000000000000004
one_lag,grouped,2,M5_history_env_full_gb,gb,Côte d'Ivoire,2016,140.1,146.95,179.21881655033252,156.63064496509975,0.30000000000000004
one_lag,grouped,2,M5_history_env_full_gb,gb,Côte d'Ivoire,2017,138.86,140.1,179.21881655033252,151.83564496509976,0.30000000000000004
one_lag,grouped,2,M5_history_env_full_gb,gb,Côte d'Ivoire,2018,330.6,138.86,177.3604372072529,150.41013116217587,0.30000000000000004
one_lag,grouped,2,M5_history_env_full_gb,gb,Côte d'Ivoire,2020,287.0,330.6,318.488424182001,326.9665272546003,0.30000000000000004
one_lag,grouped,2,M5_history_env_full_gb,gb,Democratic Republic of the Congo,2016,310.59,317.07,283.54413346091866,307.0122400382756,0.30000000000000004
one_lag,grouped,2,M5_history_env_full_gb,gb,Democratic Republic of the Congo,2017,307.62,310.59,283.54413346091866,302.4762400382756,0.30000000000000004
one_lag,grouped,2,M5_history_env_full_gb,gb,Democratic Republic of the Congo,2018,319.8,307.62,283.54413346091866,300.3972400382756,0.30000000000000004
one_lag,grouped,2,M5_history_env_full_gb,gb,Democratic Republic of the Congo,2020,324.2,319.8,298.0504735113047,313.2751420533914,0.30000000000000004
one_lag,grouped,2,M5_history_env_full_gb,gb,Gambia,2016,124.59,208.63,196.0412723118257,204.8533816935477,0.30000000000000004
one_lag,grouped,2,M5_history_env_full_gb,gb,Gambia,2017,56.67,124.59,101.48747301511833,117.65924190453549,0.30000000000000004
one_lag,grouped,2,M5_history_env_full_gb,gb,Gambia,2018,66.0,56.67,83.48366237779435,64.7140987133383,0.30000000000000004
one_lag,grouped,2,M5_history_env_full_gb,gb,Gambia,2020,87.3,66.0,97.24623408092039,75.37387022427612,0.30000000000000004
one_lag,grouped,2,M5_history_env_full_gb,gb,Ghana,2016,271.32,272.4,257.8809771248213,268.04429313744635,0.30000000000000004
one_lag,grouped,2,M5_history_env_full_gb,gb,Ghana,2017,270.69,271.32,252.26129608248598,265.6023888247458,0.30000000000000004
one_lag,grouped,2,M5_history_env_full_gb,gb,Ghana,2018,224.3,270.69,243.36965321810786,262.49389596543233,0.30000000000000004
one_lag,grouped,2,M5_history_env_full_gb,gb,Ghana,2020,162.8,224.3,236.11703467111377,227.84511040133415,0.30000000000000004
one_lag,grouped,2,M5_history_env_full_gb,gb,Senegal,2016,54.28,78.55,70.74221472284165,76.2076644168525,0.30000000000000004
one_lag,grouped,2,M5_history_env_full_gb,gb,Senegal,2017,64.62,54.28,70.12867685291621,59.03460305587487,0.30000000000000004
one_lag,grouped,2,M5_history_env_full_gb,gb,Senegal,2018,55.8,64.62,83.07426097496418,70.15627829248926,0.30000000000000004
one_lag,grouped,2,M5_history_env_full_gb,gb,Senegal,2020,49.9,55.8,84.31328990878008,64.35398697263402,0.30000000000000004
one_lag,grouped,2,M6_history_env_full_vc_rf,rf,Chad,2016,188.18,194.14,187.64131028174603,192.5153275704365,0.25
one_lag,grouped,2,M6_history_env_full_vc_rf,rf,Chad,2017,188.61,188.18,171.67330152938578,184.05332538234646,0.25
one_lag,grouped,2,M6_history_env_full_vc_rf,rf,Chad,2018,164.8,188.61,171.96883810081437,184.44970952520362,0.25
one_lag,grouped,2,M6_history_env_full_vc_rf,rf,Chad,2020,206.3,164.8,176.18319619239097,167.64579904809776,0.25
one_lag,grouped,2,M6_history_env_full_vc_rf,rf,Congo,2016,201.08,208.99,217.2492165680144,211.0548041420036,0.25
one_lag,grouped,2,M6_history_env_full_vc_rf,rf,Congo,2017,197.63,201.08,201.3013008886797,201.13532522216994,0.25
one_lag,grouped,2,M6_history_env_full_vc_rf,rf,Congo,2018,235.1,197.63,217.6331974044124,202.6307993511031,0.25
one_lag,grouped,2,M6_history_env_full_vc_rf,rf,Congo,2020,213.2,235.1,237.9757778204056,235.8189444551014,0.25
one_lag,grouped,2,M6_history_env_full_vc_rf,rf,Côte d'Ivoire,2016,140.1,146.95,195.94804862610633,159.19951215652657,0.25
one_lag,grouped,2,M6_history_env_full_vc_rf,rf,Côte d'Ivoire,2017,138.86,140.1,198.1560761525217,154.61401903813044,0.25
one_lag,grouped,2,M6_history_env_full_vc_rf,rf,Côte d'Ivoire,2018,330.6,138.86,196.40740107136148,153.2468502678404,0.25
one_lag,grouped,2,M6_history_env_full_vc_rf,rf,Côte d'Ivoire,2020,287.0,330.6,315.6596855115991,326.8649213778998,0.25
one_lag,grouped,2,M6_history_env_full_vc_rf,rf,Democratic Republic of the Congo,2016,310.59,317.07,307.2107104993871,314.60517762484676,0.25
one_lag,grouped,2,M6_history_env_full_vc_rf,rf,Democratic Republic of the Congo,2017,307.62,310.59,318.0728196540591,312.46070491351475,0.25
one_lag,grouped,2,M6_history_env_full_vc_rf,rf,Democratic Republic of the Congo,2018,319.8,307.62,317.5178957472613,310.09447393681535,0.25
one_lag,grouped,2,M6_history_env_full_vc_rf,rf,Democratic Republic of the Congo,2020,324.2,319.8,306.91349019480276,316.5783725487007,0.25
one_lag,grouped,2,M6_history_env_full_vc_rf,rf,Gambia,2016,124.59,208.63,201.32963903888177,206.80490975972043,0.25
one_lag,grouped,2,M6_history_env_full_vc_rf,rf,Gambia,2017,56.67,124.59,97.56463792130101,117.83365948032525,0.25
one_lag,grouped,2,M6_history_env_full_vc_rf,rf,Gambia,2018,66.0,56.67,94.97894409751362,66.24723602437841,0.25
one_lag,grouped,2,M6_history_env_full_vc_rf,rf,Gambia,2020,87.3,66.0,116.39803645254749,78.59950911313688,0.25
one_lag,grouped,2,M6_history_env_full_vc_rf,rf,Ghana,2016,271.32,272.4,264.2502930956933,270.3625732739233,0.25
one_lag,grouped,2,M6_history_env_full_vc_rf,rf,Ghana,2017,270.69,271.32,266.19887923673474,270.0397198091837,0.25
one_lag,grouped,2,M6_history_env_full_vc_rf,rf,Ghana,2018,224.3,270.69,263.77540552819806,268.96135138204954,0.25
one_lag,grouped,2,M6_history_env_full_vc_rf,rf,Ghana,2020,162.8,224.3,232.35676029767325,226.31419007441832,0.25
one_lag,grouped,2,M6_history_env_full_vc_rf,rf,Senegal,2016,54.28,78.55,90.57289044044849,81.55572261011213,0.25
one_lag,grouped,2,M6_history_env_full_vc_rf,rf,Senegal,2017,64.62,54.28,89.72380397002998,63.1409509925075,0.25
one_lag,grouped,2,M6_history_env_full_vc_rf,rf,Senegal,2018,55.8,64.62,89.90204981612831,70.94051245403207,0.25
one_lag,grouped,2,M6_history_env_full_vc_rf,rf,Senegal,2020,49.9,55.8,93.93562323604176,65.33390580901045,0.25
one_lag,grouped,2,M6_history_env_full_vc_gb,gb,Chad,2016,188.18,194.14,200.68361321634805,196.1030839649044,0.30000000000000004
one_lag,grouped,2,M6_history_env_full_vc_gb,gb,Chad,2017,188.61,188.18,147.33345823794792,175.92603747138438,0.30000000000000004
one_lag,grouped,2,M6_history_env_full_vc_gb,gb,Chad,2018,164.8,188.61,147.33345823794792,176.2270374713844,0.30000000000000004
one_lag,grouped,2,M6_history_env_full_vc_gb,gb,Chad,2020,206.3,164.8,163.25855321168913,164.33756596350673,0.30000000000000004
one_lag,grouped,2,M6_history_env_full_vc_gb,gb,Congo,2016,201.08,208.99,215.05717284889275,210.81015185466782,0.30000000000000004
one_lag,grouped,2,M6_history_env_full_vc_gb,gb,Congo,2017,197.63,201.08,212.6489746418304,204.55069239254914,0.30000000000000004
one_lag,grouped,2,M6_history_env_full_vc_gb,gb,Congo,2018,235.1,197.63,206.28664692828255,200.22699407848475,0.30000000000000004
one_lag,grouped,2,M6_history_env_full_vc_gb,gb,Congo,2020,213.2,235.1,246.55101892129093,238.53530567638728,0.30000000000000004
one_lag,grouped,2,M6_history_env_full_vc_gb,gb,Côte d'Ivoire,2016,140.1,146.95,174.85874692836273,155.32262407850882,0.30000000000000004
one_lag,grouped,2,M6_history_env_full_vc_gb,gb,Côte d'Ivoire,2017,138.86,140.1,173.53508001877694,150.13052400563308,0.30000000000000004
one_lag,grouped,2,M6_history_env_full_vc_gb,gb,Côte d'Ivoire,2018,330.6,138.86,173.8318808062904,149.35156424188713,0.30000000000000004
one_lag,grouped,2,M6_history_env_full_vc_gb,gb,Côte d'Ivoire,2020,287.0,330.6,314.07908828785264,325.64372648635583,0.30000000000000004
one_lag,grouped,2,M6_history_env_full_vc_gb,gb,Democratic Republic of the Congo,2016,310.59,317.07,278.17879897786,305.402639693358,0.30000000000000004
one_lag,grouped,2,M6_history_env_full_vc_gb,gb,Democratic Republic of the Congo,2017,307.62,310.59,291.02860467268727,304.72158140180613,0.30000000000000004
one_lag,grouped,2,M6_history_env_full_vc_gb,gb,Democratic Republic of the Congo,2018,319.8,307.62,291.02860467268727,302.6425814018062,0.30000000000000004
one_lag,grouped,2,M6_history_env_full_vc_gb,gb,Democratic Republic of the Congo,2020,324.2,319.8,292.68513902824606,311.6655417084738,0.30000000000000004
one_lag,grouped,2,M6_history_env_full_vc_gb,gb,Gambia,2016,124.59,208.63,194.88419032242248,204.50625709672673,0.30000000000000004
one_lag,grouped,2,M6_history_env_full_vc_gb,gb,Gambia,2017,56.67,124.59,100.74379525574115,117.43613857672234,0.30000000000000004
one_lag,grouped,2,M6_history_env_full_vc_gb,gb,Gambia,2018,66.0,56.67,84.07828552897013,64.89248565869104,0.30000000000000004
one_lag,grouped,2,M6_history_env_full_vc_gb,gb,Gambia,2020,87.3,66.0,98.55955375583034,75.7678661267491,0.30000000000000004
one_lag,grouped,2,M6_history_env_full_vc_gb,gb,Ghana,2016,271.32,272.4,255.54155983530063,267.34246795059016,0.30000000000000004
one_lag,grouped,2,M6_history_env_full_vc_gb,gb,Ghana,2017,270.69,271.32,252.54342748868737,265.6870282466062,0.30000000000000004
one_lag,grouped,2,M6_history_env_full_vc_gb,gb,Ghana,2018,224.3,270.69,241.70134722742708,261.9934041682281,0.30000000000000004
one_lag,grouped,2,M6_history_env_full_vc_gb,gb,Ghana,2020,162.8,224.3,231.02773322544795,226.31831996763438,0.30000000000000004
one_lag,grouped,2,M6_history_env_full_vc_gb,gb,Senegal,2016,54.28,78.55,73.76636591706428,77.11490977511929,0.30000000000000004
one_lag,grouped,2,M6_history_env_full_vc_gb,gb,Senegal,2017,64.62,54.28,72.16562451307016,59.64568735392105,0.30000000000000004
one_lag,grouped,2,M6_history_env_full_vc_gb,gb,Senegal,2018,55.8,64.62,81.19420078456518,69.59226023536957,0.30000000000000004
one_lag,grouped,2,M6_history_env_full_vc_gb,gb,Senegal,2020,49.9,55.8,83.10987904306242,63.99296371291872,0.30000000000000004
one_lag,grouped,3,M0_persistence,baseline,Burkina Faso,2016,411.62,429.04,429.04,429.04,
one_lag,grouped,3,M0_persistence,baseline,Burkina Faso,2017,411.99,411.62,411.62,411.62,
one_lag,grouped,3,M0_persistence,baseline,Burkina Faso,2018,398.7,411.99,411.99,411.99,
one_lag,grouped,3,M0_persistence,baseline,Burkina Faso,2020,389.9,398.7,398.7,398.7,
one_lag,grouped,3,M0_persistence,baseline,Gabon,2016,169.11,172.6,172.6,172.6,
one_lag,grouped,3,M0_persistence,baseline,Gabon,2017,168.87,169.11,169.11,169.11,
one_lag,grouped,3,M0_persistence,baseline,Gabon,2018,248.2,168.87,168.87,168.87,
one_lag,grouped,3,M0_persistence,baseline,Gabon,2020,215.5,248.2,248.2,248.2,
one_lag,grouped,3,M0_persistence,baseline,Gambia,2016,124.59,208.63,208.63,208.63,
one_lag,grouped,3,M0_persistence,baseline,Gambia,2017,56.67,124.59,124.59,124.59,
one_lag,grouped,3,M0_persistence,baseline,Gambia,2018,66.0,56.67,56.67,56.67,
one_lag,grouped,3,M0_persistence,baseline,Gambia,2020,87.3,66.0,66.0,66.0,
one_lag,grouped,3,M0_persistence,baseline,Liberia,2016,194.75,200.85,200.85,200.85,
one_lag,grouped,3,M0_persistence,baseline,Liberia,2017,192.59,194.75,194.75,194.75,
one_lag,grouped,3,M0_persistence,baseline,Liberia,2018,361.5,192.59,192.59,192.59,
one_lag,grouped,3,M0_persistence,baseline,Liberia,2020,358.0,361.5,361.5,361.5,
one_lag,grouped,3,M0_persistence,baseline,Niger,2016,360.75,371.78,371.78,371.78,
one_lag,grouped,3,M0_persistence,baseline,Niger,2017,358.65,360.75,360.75,360.75,
one_lag,grouped,3,M0_persistence,baseline,Niger,2018,356.6,358.65,358.65,358.65,
one_lag,grouped,3,M0_persistence,baseline,Niger,2020,324.1,356.6,356.6,356.6,
one_lag,grouped,3,M0_persistence,baseline,Sierra Leone,2016,378.04,376.88,376.88,376.88,
one_lag,grouped,3,M0_persistence,baseline,Sierra Leone,2017,379.71,378.04,378.04,378.04,
one_lag,grouped,3,M0_persistence,baseline,Sierra Leone,2018,320.4,379.71,379.71,379.71,
one_lag,grouped,3,M0_persistence,baseline,Sierra Leone,2020,328.2,320.4,320.4,320.4,
one_lag,grouped,3,M0_persistence,baseline,United Republic of Tanzania,2016,113.68,112.94,112.94,112.94,
one_lag,grouped,3,M0_persistence,baseline,United Republic of Tanzania,2017,113.86,113.68,113.68,113.68,
one_lag,grouped,3,M0_persistence,baseline,United Republic of Tanzania,2018,124.3,113.86,113.86,113.86,
one_lag,grouped,3,M0_persistence,baseline,United Republic of Tanzania,2020,120.2,124.3,124.3,124.3,
one_lag,grouped,3,M1_history_rf,rf,Burkina Faso,2016,411.62,429.04,391.20118929050585,412.01253518072764,0.45
one_lag,grouped,3,M1_history_rf,rf,Burkina Faso,2017,411.99,411.62,391.20118929050585,402.4315351807276,0.45
one_lag,grouped,3,M1_history_rf,rf,Burkina Faso,2018,398.7,411.99,391.20118929050585,402.63503518072764,0.45
one_lag,grouped,3,M1_history_rf,rf,Burkina Faso,2020,389.9,398.7,391.20118929050585,395.3255351807276,0.45
one_lag,grouped,3,M1_history_rf,rf,Gabon,2016,169.11,172.6,192.12885951521105,181.38798678184497,0.45
one_lag,grouped,3,M1_history_rf,rf,Gabon,2017,168.87,169.11,191.63905610251263,179.2480752461307,0.45
one_lag,grouped,3,M1_history_rf,rf,Gabon,2018,248.2,168.87,191.63905610251263,179.1160752461307,0.45
one_lag,grouped,3,M1_history_rf,rf,Gabon,2020,215.5,248.2,259.5112366543751,253.29005649446879,0.45
one_lag,grouped,3,M1_history_rf,rf,Gambia,2016,124.59,208.63,199.79850984371345,204.65582942967106,0.45
one_lag,grouped,3,M1_history_rf,rf,Gambia,2017,56.67,124.59,125.17665119829587,124.85399303923315,0.45
one_lag,grouped,3,M1_history_rf,rf,Gambia,2018,66.0,56.67,74.70420975036079,64.78539438766235,0.45
one_lag,grouped,3,M1_history_rf,rf,Gambia,2020,87.3,66.0,71.80615695743147,68.61277063084417,0.45
one_lag,grouped,3,M1_history_rf,rf,Liberia,2016,194.75,200.85,222.22755953729563,210.46990179178303,0.45
one_lag,grouped,3,M1_history_rf,rf,Liberia,2017,192.59,194.75,216.94533135392334,204.7378991092655,0.45
one_lag,grouped,3,M1_history_rf,rf,Liberia,2018,361.5,192.59,196.11142214402184,194.17463996480984,0.45
one_lag,grouped,3,M1_history_rf,rf,Liberia,2020,358.0,361.5,348.3933850666561,355.60202327999525,0.45
one_lag,grouped,3,M1_history_rf,rf,Niger,2016,360.75,371.78,351.04232667293866,362.44804700282236,0.45
one_lag,grouped,3,M1_history_rf,rf,Niger,2017,358.65,360.75,348.3933850666561,355.1895232799952,0.45
one_lag,grouped,3,M1_history_rf,rf,Niger,2018,356.6,358.65,347.35510288195184,353.56729629687834,0.45
one_lag,grouped,3,M1_history_rf,rf,Niger,2020,324.1,356.6,342.7254193954469,350.3564387279511,0.45
one_lag,grouped,3,M1_history_rf,rf,Sierra Leone,2016,378.04,376.88,373.47048927247414,375.34572017261337,0.45
one_lag,grouped,3,M1_history_rf,rf,Sierra Leone,2017,379.71,378.04,376.5218062441627,377.35681280987325,0.45
one_lag,grouped,3,M1_history_rf,rf,Sierra Leone,2018,320.4,379.71,378.04963670353425,378.9628365165904,0.45
one_lag,grouped,3,M1_history_rf,rf,Sierra Leone,2020,328.2,320.4,325.1613296174939,322.5425983278722,0.45
one_lag,grouped,3,M1_history_rf,rf,United Republic of Tanzania,2016,113.68,112.94,77.69726356776565,97.08076860549454,0.45
one_lag,grouped,3,M1_history_rf,rf,United Republic of Tanzania,2017,113.86,113.68,80.84146290759251,98.90265830841663,0.45
one_lag,grouped,3,M1_history_rf,rf,United Republic of Tanzania,2018,124.3,113.86,80.84146290759251,99.00165830841664,0.45
one_lag,grouped,3,M1_history_rf,rf,United Republic of Tanzania,2020,120.2,124.3,125.17665119829587,124.69449303923314,0.45
one_lag,grouped,3,M1_history_gb,gb,Burkina Faso,2016,411.62,429.04,394.17888349170744,411.6094417458537,0.5
one_lag,grouped,3,M1_history_gb,gb,Burkina Faso,2017,411.99,411.62,394.17888349170744,402.8994417458537,0.5
one_lag,grouped,3,M1_history_gb,gb,Burkina Faso,2018,398.7,411.99,394.17888349170744,403.0844417458537,0.5
one_lag,grouped,3,M1_history_gb,gb,Burkina Faso,2020,389.9,398.7,394.17888349170744,396.43944174585374,0.5
one_lag,grouped,3,M1_history_gb,gb,Gabon,2016,169.11,172.6,189.38661528391654,180.99330764195827,0.5
one_lag,grouped,3,M1_history_gb,gb,Gabon,2017,168.87,169.11,189.38661528391654,179.24830764195826,0.5
one_lag,grouped,3,M1_history_gb,gb,Gabon,2018,248.2,168.87,189.38661528391654,179.12830764195826,0.5
one_lag,grouped,3,M1_history_gb,gb,Gabon,2020,215.5,248.2,256.1710263360668,252.1855131680334,0.5
one_lag,grouped,3,M1_history_gb,gb,Gambia,2016,124.59,208.63,205.78639660679914,207.20819830339957,0.5
one_lag,grouped,3,M1_history_gb,gb,Gambia,2017,56.67,124.59,78.50155501050064,101.54577750525033,0.5
one_lag,grouped,3,M1_history_gb,gb,Gambia,2018,66.0,56.67,72.9410876616354,64.8055438308177,0.5
one_lag,grouped,3,M1_history_gb,gb,Gambia,2020,87.3,66.0,72.9410876616354,69.47054383081769,0.5
one_lag,grouped,3,M1_history_gb,gb,Liberia,2016,194.75,200.85,213.05017285003814,206.95008642501907,0.5
one_lag,grouped,3,M1_history_gb,gb,Liberia,2017,192.59,194.75,213.05017285003814,203.90008642501908,0.5
one_lag,grouped,3,M1_history_gb,gb,Liberia,2018,361.5,192.59,192.1023766407654,192.3461883203827,0.5
one_lag,grouped,3,M1_history_gb,gb,Liberia,2020,358.0,361.5,354.4019738729588,357.9509869364794,0.5
one_lag,grouped,3,M1_history_gb,gb,Niger,2016,360.75,371.78,353.34827286548904,362.5641364327445,0.5
one_lag,grouped,3,M1_history_gb,gb,Niger,2017,358.65,360.75,354.4019738729588,357.5759869364794,0.5
one_lag,grouped,3,M1_history_gb,gb,Niger,2018,356.6,358.65,354.4019738729588,356.5259869364794,0.5
one_lag,grouped,3,M1_history_gb,gb,Niger,2020,324.1,356.6,349.3211221601686,352.9605610800843,0.5
one_lag,grouped,3,M1_history_gb,gb,Sierra Leone,2016,378.04,376.88,370.8546952397819,373.86734761989095,0.5
one_lag,grouped,3,M1_history_gb,gb,Sierra Leone,2017,379.71,378.04,374.0882217852896,376.0641108926448,0.5
one_lag,grouped,3,M1_history_gb,gb,Sierra Leone,2018,320.4,379.71,374.0882217852896,376.8991108926448,0.5
one_lag,grouped,3,M1_history_gb,gb,Sierra Leone,2020,328.2,320.4,312.7648170259073,316.58240851295363,0.5
one_lag,grouped,3,M1_history_gb,gb,United Republic of Tanzania,2016,113.68,112.94,78.50155501050064,95.72077750525031,0.5
one_lag,grouped,3,M1_history_gb,gb,United Republic of Tanzania,2017,113.86,113.68,78.50155501050064,96.09077750525032,0.5
one_lag,grouped,3,M1_history_gb,gb,United Republic of Tanzania,2018,124.3,113.86,78.50155501050064,96.18077750525032,0.5
one_lag,grouped,3,M1_history_gb,gb,United Republic of Tanzania,2020,120.2,124.3,78.50155501050064,101.40077750525032,0.5
one_lag,grouped,3,M2_history_env_compact_rf,rf,Burkina Faso,2016,411.62,429.04,360.20685159633564,408.3900554789007,0.30000000000000004
one_lag,grouped,3,M2_history_env_compact_rf,rf,Burkina Faso,2017,411.99,411.62,362.07100705456475,396.7553021163694,0.30000000000000004
one_lag,grouped,3,M2_history_env_compact_rf,rf,Burkina Faso,2018,398.7,411.99,359.56555674929376,396.26266702478813,0.30000000000000004
one_lag,grouped,3,M2_history_env_compact_rf,rf,Burkina Faso,2020,389.9,398.7,359.80792616658704,387.0323778499761,0.30000000000000004
one_lag,grouped,3,M2_history_env_compact_rf,rf,Gabon,2016,169.11,172.6,222.3916372726208,187.53749118178624,0.30000000000000004
one_lag,grouped,3,M2_history_env_compact_rf,rf,Gabon,2017,168.87,169.11,216.42192513602603,183.30357754080782,0.30000000000000004
one_lag,grouped,3,M2_history_env_compact_rf,rf,Gabon,2018,248.2,168.87,223.42407894722396,185.2362236841672,0.30000000000000004
one_lag,grouped,3,M2_history_env_compact_rf,rf,Gabon,2020,215.5,248.2,263.84233885133807,252.89270165540142,0.30000000000000004
one_lag,grouped,3,M2_history_env_compact_rf,rf,Gambia,2016,124.59,208.63,192.1293708823094,203.6798112646928,0.30000000000000004
one_lag,grouped,3,M2_history_env_compact_rf,rf,Gambia,2017,56.67,124.59,110.05541738991681,120.22962521697505,0.30000000000000004
one_lag,grouped,3,M2_history_env_compact_rf,rf,Gambia,2018,66.0,56.67,74.08987293767342,61.89596188130203,0.30000000000000004
one_lag,grouped,3,M2_history_env_compact_rf,rf,Gambia,2020,87.3,66.0,93.83460677849934,74.3503820335498,0.30000000000000004
one_lag,grouped,3,M2_history_env_compact_rf,rf,Liberia,2016,194.75,200.85,229.23085522879262,209.36425656863778,0.30000000000000004
one_lag,grouped,3,M2_history_env_compact_rf,rf,Liberia,2017,192.59,194.75,232.84032680644384,206.17709804193316,0.30000000000000004
one_lag,grouped,3,M2_history_env_compact_rf,rf,Liberia,2018,361.5,192.59,230.89768889937312,204.08230666981194,0.30000000000000004
one_lag,grouped,3,M2_history_env_compact_rf,rf,Liberia,2020,358.0,361.5,330.146886058596,352.0940658175788,0.30000000000000004
one_lag,grouped,3,M2_history_env_compact_rf,rf,Niger,2016,360.75,371.78,370.0557017444949,371.26271052334846,0.30000000000000004
one_lag,grouped,3,M2_history_env_compact_rf,rf,Niger,2017,358.65,360.75,367.767621369148,362.8552864107444,0.30000000000000004
one_lag,grouped,3,M2_history_env_compact_rf,rf,Niger,2018,356.6,358.65,367.7334121786718,361.37502365360154,0.30000000000000004
one_lag,grouped,3,M2_history_env_compact_rf,rf,Niger,2020,324.1,356.6,364.8583126720673,359.0774938016202,0.30000000000000004
one_lag,grouped,3,M2_history_env_compact_rf,rf,Sierra Leone,2016,378.04,376.88,350.0755770367102,368.83867311101307,0.30000000000000004
one_lag,grouped,3,M2_history_env_compact_rf,rf,Sierra Leone,2017,379.71,378.04,338.2951355407632,366.116540662229,0.30000000000000004
one_lag,grouped,3,M2_history_env_compact_rf,rf,Sierra Leone,2018,320.4,379.71,338.3581704393924,367.3044511318177,0.30000000000000004
one_lag,grouped,3,M2_history_env_compact_rf,rf,Sierra Leone,2020,328.2,320.4,298.14279902196165,313.7228397065885,0.30000000000000004
one_lag,grouped,3,M2_history_env_compact_rf,rf,United Republic of Tanzania,2016,113.68,112.94,96.2212027789155,107.92436083367464,0.30000000000000004
one_lag,grouped,3,M2_history_env_compact_rf,rf,United Republic of Tanzania,2017,113.86,113.68,94.18450864965592,107.83135259489679,0.30000000000000004
one_lag,grouped,3,M2_history_env_compact_rf,rf,United Republic of Tanzania,2018,124.3,113.86,112.47248644407394,113.44374593322217,0.30000000000000004
one_lag,grouped,3,M2_history_env_compact_rf,rf,United Republic of Tanzania,2020,120.2,124.3,133.6699616135001,127.11098848405003,0.30000000000000004
one_lag,grouped,3,M2_history_env_compact_gb,gb,Burkina Faso,2016,411.62,429.04,379.45294200451934,411.68452970158177,0.35000000000000003
one_lag,grouped,3,M2_history_env_compact_gb,gb,Burkina Faso,2017,411.99,411.62,379.45294200451934,400.3615297015818,0.35000000000000003
one_lag,grouped,3,M2_history_env_compact_gb,gb,Burkina Faso,2018,398.7,411.99,379.45294200451934,400.6020297015818,0.35000000000000003
one_lag,grouped,3,M2_history_env_compact_gb,gb,Burkina Faso,2020,389.9,398.7,379.45294200451934,391.96352970158176,0.35000000000000003
one_lag,grouped,3,M2_history_env_compact_gb,gb,Gabon,2016,169.11,172.6,194.11191101061866,180.12916885371652,0.35000000000000003
one_lag,grouped,3,M2_history_env_compact_gb,gb,Gabon,2017,168.87,169.11,195.22385671430914,178.24984985000822,0.35000000000000003
one_lag,grouped,3,M2_history_env_compact_gb,gb,Gabon,2018,248.2,168.87,194.11191101061866,177.70466885371653,0.35000000000000003
one_lag,grouped,3,M2_history_env_compact_gb,gb,Gabon,2020,215.5,248.2,248.00151895951066,248.13053163582873,0.35000000000000003
one_lag,grouped,3,M2_history_env_compact_gb,gb,Gambia,2016,124.59,208.63,205.82171990664352,207.64710196732523,0.35000000000000003
one_lag,grouped,3,M2_history_env_compact_gb,gb,Gambia,2017,56.67,124.59,85.57199799150574,110.933699297027,0.35000000000000003
one_lag,grouped,3,M2_history_env_compact_gb,gb,Gambia,2018,66.0,56.67,84.77359408601512,66.50625793010529,0.35000000000000003
one_lag,grouped,3,M2_history_env_compact_gb,gb,Gambia,2020,87.3,66.0,87.7619086053207,73.61666801186225,0.35000000000000003
one_lag,grouped,3,M2_history_env_compact_gb,gb,Liberia,2016,194.75,200.85,211.50683944364982,204.57989380527744,0.35000000000000003
one_lag,grouped,3,M2_history_env_compact_gb,gb,Liberia,2017,192.59,194.75,209.34164493652563,199.85707572778398,0.35000000000000003
one_lag,grouped,3,M2_history_env_compact_gb,gb,Liberia,2018,361.5,192.59,197.48235807885294,194.30232532759854,0.35000000000000003
one_lag,grouped,3,M2_history_env_compact_gb,gb,Liberia,2020,358.0,361.5,330.8394826735965,350.76881893575876,0.35000000000000003
one_lag,grouped,3,M2_history_env_compact_gb,gb,Niger,2016,360.75,371.78,357.9369209808046,366.9349223432816,0.35000000000000003
one_lag,grouped,3,M2_history_env_compact_gb,gb,Niger,2017,358.65,360.75,357.9369209808046,359.7654223432816,0.35000000000000003
one_lag,grouped,3,M2_history_env_compact_gb,gb,Niger,2018,356.6,358.65,357.9369209808046,358.4004223432816,0.35000000000000003
one_lag,grouped,3,M2_history_env_compact_gb,gb,Niger,2020,324.1,356.6,357.9369209808046,357.0679223432816,0.35000000000000003
one_lag,grouped,3,M2_history_env_compact_gb,gb,Sierra Leone,2016,378.04,376.88,353.7564122515629,368.78674428804703,0.35000000000000003
one_lag,grouped,3,M2_history_env_compact_gb,gb,Sierra Leone,2017,379.71,378.04,352.1168662186812,368.96690317653844,0.35000000000000003
one_lag,grouped,3,M2_history_env_compact_gb,gb,Sierra Leone,2018,320.4,379.71,352.1168662186812,370.0524031765384,0.35000000000000003
one_lag,grouped,3,M2_history_env_compact_gb,gb,Sierra Leone,2020,328.2,320.4,305.26325041967095,315.10213764688484,0.35000000000000003
one_lag,grouped,3,M2_history_env_compact_gb,gb,United Republic of Tanzania,2016,113.68,112.94,78.36516173947068,100.83880660881474,0.35000000000000003
one_lag,grouped,3,M2_history_env_compact_gb,gb,United Republic of Tanzania,2017,113.86,113.68,78.24945688357795,101.27930990925229,0.35000000000000003
one_lag,grouped,3,M2_history_env_compact_gb,gb,United Republic of Tanzania,2018,124.3,113.86,86.35644029875036,104.23375410456262,0.35000000000000003
one_lag,grouped,3,M2_history_env_compact_gb,gb,United Republic of Tanzania,2020,120.2,124.3,90.98271379885777,112.63894982960022,0.35000000000000003
one_lag,grouped,3,M3_history_vc_rf,rf,Burkina Faso,2016,411.62,429.04,361.6247097321077,408.8154129196323,0.30000000000000004
one_lag,grouped,3,M3_history_vc_rf,rf,Burkina Faso,2017,411.99,411.62,361.79348377972667,396.672045133918,0.30000000000000004
one_lag,grouped,3,M3_history_vc_rf,rf,Burkina Faso,2018,398.7,411.99,361.68766139877437,396.8992984196323,0.30000000000000004
one_lag,grouped,3,M3_history_vc_rf,rf,Burkina Faso,2020,389.9,398.7,361.77362544639334,387.622087633918,0.30000000000000004
one_lag,grouped,3,M3_history_vc_rf,rf,Gabon,2016,169.11,172.6,212.1736151722479,184.47208455167436,0.30000000000000004
one_lag,grouped,3,M3_history_vc_rf,rf,Gabon,2017,168.87,169.11,214.92204785191123,182.85361435557337,0.30000000000000004
one_lag,grouped,3,M3_history_vc_rf,rf,Gabon,2018,248.2,168.87,212.0234235055812,181.81602705167435,0.30000000000000004
one_lag,grouped,3,M3_history_vc_rf,rf,Gabon,2020,215.5,248.2,263.6679262669354,252.8403778800806,0.30000000000000004
one_lag,grouped,3,M3_history_vc_rf,rf,Gambia,2016,124.59,208.63,191.82390753536728,203.58817226061018,0.30000000000000004
one_lag,grouped,3,M3_history_vc_rf,rf,Gambia,2017,56.67,124.59,110.46083640361266,120.3512509210838,0.30000000000000004
one_lag,grouped,3,M3_history_vc_rf,rf,Gambia,2018,66.0,56.67,77.74263400427346,62.991790201282036,0.30000000000000004
one_lag,grouped,3,M3_history_vc_rf,rf,Gambia,2020,87.3,66.0,94.04739903235648,74.41421970970694,0.30000000000000004
one_lag,grouped,3,M3_history_vc_rf,rf,Liberia,2016,194.75,200.85,222.51116692098543,207.34835007629562,0.30000000000000004
one_lag,grouped,3,M3_history_vc_rf,rf,Liberia,2017,192.59,194.75,219.1799398556596,202.07898195669787,0.30000000000000004
one_lag,grouped,3,M3_history_vc_rf,rf,Liberia,2018,361.5,192.59,216.3983397155753,199.73250191467258,0.30000000000000004
one_lag,grouped,3,M3_history_vc_rf,rf,Liberia,2020,358.0,361.5,336.012372003498,353.8537116010494,0.30000000000000004
one_lag,grouped,3,M3_history_vc_rf,rf,Niger,2016,360.75,371.78,350.3853808928007,365.3616142678402,0.30000000000000004
one_lag,grouped,3,M3_history_vc_rf,rf,Niger,2017,358.65,360.75,347.4384289700011,356.7565286910003,0.30000000000000004
one_lag,grouped,3,M3_history_vc_rf,rf,Niger,2018,356.6,358.65,348.1431067953979,355.49793203861935,0.30000000000000004
one_lag,grouped,3,M3_history_vc_rf,rf,Niger,2020,324.1,356.6,345.8785118008925,353.38355354026777,0.30000000000000004
one_lag,grouped,3,M3_history_vc_rf,rf,Sierra Leone,2016,378.04,376.88,344.83601649907513,367.26680494972254,0.30000000000000004
one_lag,grouped,3,M3_history_vc_rf,rf,Sierra Leone,2017,379.71,378.04,386.4795960848423,380.5718788254527,0.30000000000000004
one_lag,grouped,3,M3_history_vc_rf,rf,Sierra Leone,2018,320.4,379.71,366.4422028259509,375.7296608477853,0.30000000000000004
one_lag,grouped,3,M3_history_vc_rf,rf,Sierra Leone,2020,328.2,320.4,307.051271615742,316.3953814847226,0.30000000000000004
one_lag,grouped,3,M3_history_vc_rf,rf,United Republic of Tanzania,2016,113.68,112.94,94.49154518009762,107.40546355402928,0.30000000000000004
one_lag,grouped,3,M3_history_vc_rf,rf,United Republic of Tanzania,2017,113.86,113.68,93.03670169597062,107.48701050879119,0.30000000000000004
one_lag,grouped,3,M3_history_vc_rf,rf,United Republic of Tanzania,2018,124.3,113.86,104.73790964274609,111.12337289282382,0.30000000000000004
one_lag,grouped,3,M3_history_vc_rf,rf,United Republic of Tanzania,2020,120.2,124.3,131.54436037979664,126.473308113939,0.30000000000000004
one_lag,grouped,3,M3_history_vc_gb,gb,Burkina Faso,2016,411.62,429.04,383.88034072130034,410.97613628852014,0.4
one_lag,grouped,3,M3_history_vc_gb,gb,Burkina Faso,2017,411.99,411.62,383.88034072130034,400.52413628852014,0.4
one_lag,grouped,3,M3_history_vc_gb,gb,Burkina Faso,2018,398.7,411.99,383.88034072130034,400.7461362885201,0.4
one_lag,grouped,3,M3_history_vc_gb,gb,Burkina Faso,2020,389.9,398.7,383.88034072130034,392.77213628852013,0.4
one_lag,grouped,3,M3_history_vc_gb,gb,Gabon,2016,169.11,172.6,214.21112963079793,189.24445185231917,0.4
one_lag,grouped,3,M3_history_vc_gb,gb,Gabon,2017,168.87,169.11,202.64521993488302,182.52408797395321,0.4
one_lag,grouped,3,M3_history_vc_gb,gb,Gabon,2018,248.2,168.87,214.21112963079793,187.00645185231917,0.4
one_lag,grouped,3,M3_history_vc_gb,gb,Gabon,2020,215.5,248.2,254.9558538097176,250.90234152388703,0.4
one_lag,grouped,3,M3_history_vc_gb,gb,Gambia,2016,124.59,208.63,191.85916217101274,201.9216648684051,0.4
one_lag,grouped,3,M3_history_vc_gb,gb,Gambia,2017,56.67,124.59,82.69194004771286,107.83077601908515,0.4
one_lag,grouped,3,M3_history_vc_gb,gb,Gambia,2018,66.0,56.67,83.76503187737255,67.50801275094902,0.4
one_lag,grouped,3,M3_history_vc_gb,gb,Gambia,2020,87.3,66.0,87.80795021465235,74.72318008586095,0.4
one_lag,grouped,3,M3_history_vc_gb,gb,Liberia,2016,194.75,200.85,214.35318139768083,206.25127255907233,0.4
one_lag,grouped,3,M3_history_vc_gb,gb,Liberia,2017,192.59,194.75,225.91909109359574,207.2176364374383,0.4
one_lag,grouped,3,M3_history_vc_gb,gb,Liberia,2018,361.5,192.59,202.64521993488302,196.6120879739532,0.4
one_lag,grouped,3,M3_history_vc_gb,gb,Liberia,2020,358.0,361.5,326.1172916103563,347.34691664414254,0.4
one_lag,grouped,3,M3_history_vc_gb,gb,Niger,2016,360.75,371.78,359.55319664917084,366.8892786596683,0.4
one_lag,grouped,3,M3_history_vc_gb,gb,Niger,2017,358.65,360.75,359.55319664917084,360.2712786596683,0.4
one_lag,grouped,3,M3_history_vc_gb,gb,Niger,2018,356.6,358.65,359.55319664917084,359.01127865966833,0.4
one_lag,grouped,3,M3_history_vc_gb,gb,Niger,2020,324.1,356.6,359.55319664917084,357.7812786596684,0.4
one_lag,grouped,3,M3_history_vc_gb,gb,Sierra Leone,2016,378.04,376.88,342.25101083415296,363.0284043336612,0.4
one_lag,grouped,3,M3_history_vc_gb,gb,Sierra Leone,2017,379.71,378.04,385.59124432855856,381.0604977314234,0.4
one_lag,grouped,3,M3_history_vc_gb,gb,Sierra Leone,2018,320.4,379.71,364.2291970645581,373.5176788258232,0.4
one_lag,grouped,3,M3_history_vc_gb,gb,Sierra Leone,2020,328.2,320.4,300.163905001237,312.3055620004948,0.4
one_lag,grouped,3,M3_history_vc_gb,gb,United Republic of Tanzania,2016,113.68,112.94,86.73485838499266,102.45794335399707,0.4
one_lag,grouped,3,M3_history_vc_gb,gb,United Republic of Tanzania,2017,113.86,113.68,83.72832623026481,101.69933049210593,0.4
one_lag,grouped,3,M3_history_vc_gb,gb,United Republic of Tanzania,2018,124.3,113.86,80.48871641421503,100.51148656568601,0.4
one_lag,grouped,3,M3_history_vc_gb,gb,United Republic of Tanzania,2020,120.2,124.3,77.84496856176162,105.71798742470465,0.4
one_lag,grouped,3,M4_history_env_compact_vc_rf,rf,Burkina Faso,2016,411.62,429.04,355.92434045913586,410.761085114784,0.25
one_lag,grouped,3,M4_history_env_compact_vc_rf,rf,Burkina Faso,2017,411.99,411.62,353.37967436056783,397.05991859014193,0.25
one_lag,grouped,3,M4_history_env_compact_vc_rf,rf,Burkina Faso,2018,398.7,411.99,357.4566058869857,398.35665147174643,0.25
one_lag,grouped,3,M4_history_env_compact_vc_rf,rf,Burkina Faso,2020,389.9,398.7,356.5082430154129,388.1520607538532,0.25
one_lag,grouped,3,M4_history_env_compact_vc_rf,rf,Gabon,2016,169.11,172.6,223.50743984203297,185.32685996050824,0.25
one_lag,grouped,3,M4_history_env_compact_vc_rf,rf,Gabon,2017,168.87,169.11,218.38877345348212,181.42969336337055,0.25
one_lag,grouped,3,M4_history_env_compact_vc_rf,rf,Gabon,2018,248.2,168.87,223.36979909973607,182.494949774934,0.25
one_lag,grouped,3,M4_history_env_compact_vc_rf,rf,Gabon,2020,215.5,248.2,263.01907204049553,251.90476801012386,0.25
one_lag,grouped,3,M4_history_env_compact_vc_rf,rf,Gambia,2016,124.59,208.63,188.4962410595565,203.59656026488912,0.25
one_lag,grouped,3,M4_history_env_compact_vc_rf,rf,Gambia,2017,56.67,124.59,107.3220155962815,120.27300389907037,0.25
one_lag,grouped,3,M4_history_env_compact_vc_rf,rf,Gambia,2018,66.0,56.67,71.02623363869456,60.25905840967364,0.25
one_lag,grouped,3,M4_history_env_compact_vc_rf,rf,Gambia,2020,87.3,66.0,92.717691542513,72.67942288562824,0.25
one_lag,grouped,3,M4_history_env_compact_vc_rf,rf,Liberia,2016,194.75,200.85,230.04309213011172,208.14827303252792,0.25
one_lag,grouped,3,M4_history_env_compact_vc_rf,rf,Liberia,2017,192.59,194.75,234.07470645295808,204.5811766132395,0.25
one_lag,grouped,3,M4_history_env_compact_vc_rf,rf,Liberia,2018,361.5,192.59,231.20008109621605,202.24252027405402,0.25
one_lag,grouped,3,M4_history_env_compact_vc_rf,rf,Liberia,2020,358.0,361.5,326.96931049577387,352.8673276239435,0.25
one_lag,grouped,3,M4_history_env_compact_vc_rf,rf,Niger,2016,360.75,371.78,365.10674663399556,370.11168665849885,0.25
one_lag,grouped,3,M4_history_env_compact_vc_rf,rf,Niger,2017,358.65,360.75,362.0607818255751,361.07769545639377,0.25
one_lag,grouped,3,M4_history_env_compact_vc_rf,rf,Niger,2018,356.6,358.65,360.83930347881073,359.1973258697027,0.25
one_lag,grouped,3,M4_history_env_compact_vc_rf,rf,Niger,2020,324.1,356.6,359.2147698117621,357.2536924529405,0.25
one_lag,grouped,3,M4_history_env_compact_vc_rf,rf,Sierra Leone,2016,378.04,376.88,343.1444230216628,368.4461057554157,0.25
one_lag,grouped,3,M4_history_env_compact_vc_rf,rf,Sierra Leone,2017,379.71,378.04,341.5970756738361,368.92926891845906,0.25
one_lag,grouped,3,M4_history_env_compact_vc_rf,rf,Sierra Leone,2018,320.4,379.71,334.4403131819291,368.3925782954823,0.25
one_lag,grouped,3,M4_history_env_compact_vc_rf,rf,Sierra Leone,2020,328.2,320.4,294.77016396780664,313.9925409919516,0.25
one_lag,grouped,3,M4_history_env_compact_vc_rf,rf,United Republic of Tanzania,2016,113.68,112.94,98.55709190154286,109.3442729753857,0.25
one_lag,grouped,3,M4_history_env_compact_vc_rf,rf,United Republic of Tanzania,2017,113.86,113.68,95.66554001337549,109.17638500334388,0.25
one_lag,grouped,3,M4_history_env_compact_vc_rf,rf,United Republic of Tanzania,2018,124.3,113.86,114.98291753213451,114.14072938303363,0.25
one_lag,grouped,3,M4_history_env_compact_vc_rf,rf,United Republic of Tanzania,2020,120.2,124.3,137.25156869180458,127.53789217295115,0.25
one_lag,grouped,3,M4_history_env_compact_vc_gb,gb,Burkina Faso,2016,411.62,429.04,378.1695301839717,411.2353355643901,0.35000000000000003
one_lag,grouped,3,M4_history_env_compact_vc_gb,gb,Burkina Faso,2017,411.99,411.62,378.1695301839717,399.9123355643901,0.35000000000000003
one_lag,grouped,3,M4_history_env_compact_vc_gb,gb,Burkina Faso,2018,398.7,411.99,378.1695301839717,400.1528355643901,0.35000000000000003
one_lag,grouped,3,M4_history_env_compact_vc_gb,gb,Burkina Faso,2020,389.9,398.7,378.1695301839717,391.5143355643901,0.35000000000000003
one_lag,grouped,3,M4_history_env_compact_vc_gb,gb,Gabon,2016,169.11,172.6,206.33602797881773,184.40760979258621,0.35000000000000003
one_lag,grouped,3,M4_history_env_compact_vc_gb,gb,Gabon,2017,168.87,169.11,198.3468545464484,179.34289909125695,0.35000000000000003
one_lag,grouped,3,M4_history_env_compact_vc_gb,gb,Gabon,2018,248.2,168.87,206.33602797881773,181.98310979258622,0.35000000000000003
one_lag,grouped,3,M4_history_env_compact_vc_gb,gb,Gabon,2020,215.5,248.2,250.47159836994663,248.9950594294813,0.35000000000000003
one_lag,grouped,3,M4_history_env_compact_vc_gb,gb,Gambia,2016,124.59,208.63,202.32292785100861,206.422524747853,0.35000000000000003
one_lag,grouped,3,M4_history_env_compact_vc_gb,gb,Gambia,2017,56.67,124.59,82.22089043194437,109.76081165118053,0.35000000000000003
one_lag,grouped,3,M4_history_env_compact_vc_gb,gb,Gambia,2018,66.0,56.67,82.22089043194437,65.61281165118054,0.35000000000000003
one_lag,grouped,3,M4_history_env_compact_vc_gb,gb,Gambia,2020,87.3,66.0,84.31083965352377,72.40879387873332,0.35000000000000003
one_lag,grouped,3,M4_history_env_compact_vc_gb,gb,Liberia,2016,194.75,200.85,216.0138882426992,206.15736088494472,0.35000000000000003
one_lag,grouped,3,M4_history_env_compact_vc_gb,gb,Liberia,2017,192.59,194.75,222.8575703430568,204.5876496200699,0.35000000000000003
one_lag,grouped,3,M4_history_env_compact_vc_gb,gb,Liberia,2018,361.5,192.59,201.87330955244627,195.8391583433562,0.35000000000000003
one_lag,grouped,3,M4_history_env_compact_vc_gb,gb,Liberia,2020,358.0,361.5,330.6142250932241,350.68997878262843,0.35000000000000003
one_lag,grouped,3,M4_history_env_compact_vc_gb,gb,Niger,2016,360.75,371.78,359.00312335376583,367.308093173818,0.35000000000000003
one_lag,grouped,3,M4_history_env_compact_vc_gb,gb,Niger,2017,358.65,360.75,359.00312335376583,360.13859317381804,0.35000000000000003
one_lag,grouped,3,M4_history_env_compact_vc_gb,gb,Niger,2018,356.6,358.65,359.00312335376583,358.773593173818,0.35000000000000003
one_lag,grouped,3,M4_history_env_compact_vc_gb,gb,Niger,2020,324.1,356.6,359.00312335376583,357.44109317381805,0.35000000000000003
one_lag,grouped,3,M4_history_env_compact_vc_gb,gb,Sierra Leone,2016,378.04,376.88,356.86252929564256,369.8738852534749,0.35000000000000003
one_lag,grouped,3,M4_history_env_compact_vc_gb,gb,Sierra Leone,2017,379.71,378.04,368.309925880772,374.6344740582702,0.35000000000000003
one_lag,grouped,3,M4_history_env_compact_vc_gb,gb,Sierra Leone,2018,320.4,379.71,353.4469797390987,370.5179429086845,0.35000000000000003
one_lag,grouped,3,M4_history_env_compact_vc_gb,gb,Sierra Leone,2020,328.2,320.4,308.66680401979244,316.2933814069273,0.35000000000000003
one_lag,grouped,3,M4_history_env_compact_vc_gb,gb,United Republic of Tanzania,2016,113.68,112.94,77.60813774754013,100.57384821163905,0.35000000000000003
one_lag,grouped,3,M4_history_env_compact_vc_gb,gb,United Republic of Tanzania,2017,113.86,113.68,76.89685223161234,100.80589828106432,0.35000000000000003
one_lag,grouped,3,M4_history_env_compact_vc_gb,gb,United Republic of Tanzania,2018,124.3,113.86,84.67786714961319,103.64625350236462,0.35000000000000003
one_lag,grouped,3,M4_history_env_compact_vc_gb,gb,United Republic of Tanzania,2020,120.2,124.3,88.40589649048513,111.7370637716698,0.35000000000000003
one_lag,grouped,3,M5_history_env_full_rf,rf,Burkina Faso,2016,411.62,429.04,361.49047513246603,412.1526187831165,0.25
one_lag,grouped,3,M5_history_env_full_rf,rf,Burkina Faso,2017,411.99,411.62,361.5613654903305,399.10534137258264,0.25
one_lag,grouped,3,M5_history_env_full_rf,rf,Burkina Faso,2018,398.7,411.99,353.2927598723926,397.3156899680981,0.25
one_lag,grouped,3,M5_history_env_full_rf,rf,Burkina Faso,2020,389.9,398.7,350.23640207316254,386.5841005182906,0.25
one_lag,grouped,3,M5_history_env_full_rf,rf,Gabon,2016,169.11,172.6,226.19271265984582,185.99817816496144,0.25
one_lag,grouped,3,M5_history_env_full_rf,rf,Gabon,2017,168.87,169.11,221.30007465604405,182.15751866401104,0.25
one_lag,grouped,3,M5_history_env_full_rf,rf,Gabon,2018,248.2,168.87,226.081339350322,183.1728348375805,0.25
one_lag,grouped,3,M5_history_env_full_rf,rf,Gabon,2020,215.5,248.2,267.3936610207392,252.9984152551848,0.25
one_lag,grouped,3,M5_history_env_full_rf,rf,Gambia,2016,124.59,208.63,190.98495460780958,204.21873865195238,0.25
one_lag,grouped,3,M5_history_env_full_rf,rf,Gambia,2017,56.67,124.59,106.10663815465817,119.96915953866454,0.25
one_lag,grouped,3,M5_history_env_full_rf,rf,Gambia,2018,66.0,56.67,76.97558136369194,61.74639534092299,0.25
one_lag,grouped,3,M5_history_env_full_rf,rf,Gambia,2020,87.3,66.0,96.71205645959603,73.67801411489901,0.25
one_lag,grouped,3,M5_history_env_full_rf,rf,Liberia,2016,194.75,200.85,229.72506068161312,208.06876517040328,0.25
one_lag,grouped,3,M5_history_env_full_rf,rf,Liberia,2017,192.59,194.75,232.2099417225182,204.11498543062956,0.25
one_lag,grouped,3,M5_history_env_full_rf,rf,Liberia,2018,361.5,192.59,231.73552631790847,202.3763815794771,0.25
one_lag,grouped,3,M5_history_env_full_rf,rf,Liberia,2020,358.0,361.5,329.72503797888453,353.55625949472113,0.25
one_lag,grouped,3,M5_history_env_full_rf,rf,Niger,2016,360.75,371.78,370.68111858852893,371.5052796471322,0.25
one_lag,grouped,3,M5_history_env_full_rf,rf,Niger,2017,358.65,360.75,369.62128577557394,362.9678214438935,0.25
one_lag,grouped,3,M5_history_env_full_rf,rf,Niger,2018,356.6,358.65,369.39631358509774,361.33657839627443,0.25
one_lag,grouped,3,M5_history_env_full_rf,rf,Niger,2020,324.1,356.6,366.52512122978635,359.0812803074466,0.25
one_lag,grouped,3,M5_history_env_full_rf,rf,Sierra Leone,2016,378.04,376.88,338.85215158755324,367.3730378968883,0.25
one_lag,grouped,3,M5_history_env_full_rf,rf,Sierra Leone,2017,379.71,378.04,332.24671266894893,366.59167816723726,0.25
one_lag,grouped,3,M5_history_env_full_rf,rf,Sierra Leone,2018,320.4,379.71,334.75726250279786,368.47181562569943,0.25
one_lag,grouped,3,M5_history_env_full_rf,rf,Sierra Leone,2020,328.2,320.4,302.7803015790788,315.9950753947697,0.25
one_lag,grouped,3,M5_history_env_full_rf,rf,United Republic of Tanzania,2016,113.68,112.94,96.26006721946762,108.7700168048669,0.25
one_lag,grouped,3,M5_history_env_full_rf,rf,United Republic of Tanzania,2017,113.86,113.68,94.806664925665,108.96166623141626,0.25
one_lag,grouped,3,M5_history_env_full_rf,rf,United Republic of Tanzania,2018,124.3,113.86,111.2625416246181,113.21063540615452,0.25
one_lag,grouped,3,M5_history_env_full_rf,rf,United Republic of Tanzania,2020,120.2,124.3,144.3220246820367,129.30550617050918,0.25
one_lag,grouped,3,M5_history_env_full_gb,gb,Burkina Faso,2016,411.62,429.04,378.5568270359127,413.8950481107738,0.30000000000000004
one_lag,grouped,3,M5_history_env_full_gb,gb,Burkina Faso,2017,411.99,411.62,378.09257043421013,401.561771130263,0.30000000000000004
one_lag,grouped,3,M5_history_env_full_gb,gb,Burkina Faso,2018,398.7,411.99,378.5568270359127,401.9600481107738,0.30000000000000004
one_lag,grouped,3,M5_history_env_full_gb,gb,Burkina Faso,2020,389.9,398.7,377.8767575452063,392.45302726356186,0.30000000000000004
one_lag,grouped,3,M5_history_env_full_gb,gb,Gabon,2016,169.11,172.6,199.5793557860883,180.69380673582648,0.30000000000000004
one_lag,grouped,3,M5_history_env_full_gb,gb,Gabon,2017,168.87,169.11,196.87468535215461,177.43940560564639,0.30000000000000004
one_lag,grouped,3,M5_history_env_full_gb,gb,Gabon,2018,248.2,168.87,196.87468535215461,177.27140560564638,0.30000000000000004
one_lag,grouped,3,M5_history_env_full_gb,gb,Gabon,2020,215.5,248.2,251.8542770262593,249.29628310787777,0.30000000000000004
one_lag,grouped,3,M5_history_env_full_gb,gb,Gambia,2016,124.59,208.63,205.36357594336476,207.65007278300942,0.30000000000000004
one_lag,grouped,3,M5_history_env_full_gb,gb,Gambia,2017,56.67,124.59,82.16997682556581,111.86399304766974,0.30000000000000004
one_lag,grouped,3,M5_history_env_full_gb,gb,Gambia,2018,66.0,56.67,80.74783027748013,63.89334908324404,0.30000000000000004
one_lag,grouped,3,M5_history_env_full_gb,gb,Gambia,2020,87.3,66.0,83.92700312230379,71.37810093669114,0.30000000000000004
one_lag,grouped,3,M5_history_env_full_gb,gb,Liberia,2016,194.75,200.85,210.64926449024688,203.78977934707407,0.30000000000000004
one_lag,grouped,3,M5_history_env_full_gb,gb,Liberia,2017,192.59,194.75,209.4893297032313,199.1717989109694,0.30000000000000004
one_lag,grouped,3,M5_history_env_full_gb,gb,Liberia,2018,361.5,192.59,198.9802842404653,194.5070852721396,0.30000000000000004
one_lag,grouped,3,M5_history_env_full_gb,gb,Liberia,2020,358.0,361.5,329.5397406325482,351.9119221897645,0.30000000000000004
one_lag,grouped,3,M5_history_env_full_gb,gb,Niger,2016,360.75,371.78,355.87847917212457,367.00954375163735,0.30000000000000004
one_lag,grouped,3,M5_history_env_full_gb,gb,Niger,2017,358.65,360.75,355.87847917212457,359.28854375163735,0.30000000000000004
one_lag,grouped,3,M5_history_env_full_gb,gb,Niger,2018,356.6,358.65,355.87847917212457,357.8185437516374,0.30000000000000004
one_lag,grouped,3,M5_history_env_full_gb,gb,Niger,2020,324.1,356.6,355.1984096814182,356.1795229044255,0.30000000000000004
one_lag,grouped,3,M5_history_env_full_gb,gb,Sierra Leone,2016,378.04,376.88,352.06071073664265,369.4342132209928,0.30000000000000004
one_lag,grouped,3,M5_history_env_full_gb,gb,Sierra Leone,2017,379.71,378.04,346.1583770890179,368.4755131267054,0.30000000000000004
one_lag,grouped,3,M5_history_env_full_gb,gb,Sierra Leone,2018,320.4,379.71,348.86304752295166,370.4559142568855,0.30000000000000004
one_lag,grouped,3,M5_history_env_full_gb,gb,Sierra Leone,2020,328.2,320.4,317.60343329661765,319.5610299889853,0.30000000000000004
one_lag,grouped,3,M5_history_env_full_gb,gb,United Republic of Tanzania,2016,113.68,112.94,74.22383038606104,101.3251491158183,0.30000000000000004
one_lag,grouped,3,M5_history_env_full_gb,gb,United Republic of Tanzania,2017,113.86,113.68,79.26249790579912,103.35474937173974,0.30000000000000004
one_lag,grouped,3,M5_history_env_full_gb,gb,United Republic of Tanzania,2018,124.3,113.86,82.55981813708844,104.46994544112653,0.30000000000000004
one_lag,grouped,3,M5_history_env_full_gb,gb,United Republic of Tanzania,2020,120.2,124.3,85.42454402915342,112.63736320874602,0.30000000000000004
one_lag,grouped,3,M6_history_env_full_vc_rf,rf,Burkina Faso,2016,411.62,429.04,366.372512573607,413.3731281434018,0.25
one_lag,grouped,3,M6_history_env_full_vc_rf,rf,Burkina Faso,2017,411.99,411.62,366.88582437880194,400.4364560947005,0.25
one_lag,grouped,3,M6_history_env_full_vc_rf,rf,Burkina Faso,2018,398.7,411.99,357.2122827625847,398.2955706906462,0.25
one_lag,grouped,3,M6_history_env_full_vc_rf,rf,Burkina Faso,2020,389.9,398.7,355.4818541012459,387.89546352531147,0.25
one_lag,grouped,3,M6_history_env_full_vc_rf,rf,Gabon,2016,169.11,172.6,228.52291483237806,186.5807287080945,0.25
one_lag,grouped,3,M6_history_env_full_vc_rf,rf,Gabon,2017,168.87,169.11,224.27731952105458,182.90182988026365,0.25
one_lag,grouped,3,M6_history_env_full_vc_rf,rf,Gabon,2018,248.2,168.87,228.11313691967968,183.68078422991994,0.25
one_lag,grouped,3,M6_history_env_full_vc_rf,rf,Gabon,2020,215.5,248.2,266.1421110775113,252.6855277693778,0.25
one_lag,grouped,3,M6_history_env_full_vc_rf,rf,Gambia,2016,124.59,208.63,190.71417816645936,204.15104454161485,0.25
one_lag,grouped,3,M6_history_env_full_vc_rf,rf,Gambia,2017,56.67,124.59,106.91857962765503,120.17214490691376,0.25
one_lag,grouped,3,M6_history_env_full_vc_rf,rf,Gambia,2018,66.0,56.67,76.25051472879899,61.56512868219975,0.25
one_lag,grouped,3,M6_history_env_full_vc_rf,rf,Gambia,2020,87.3,66.0,97.42628496392508,73.85657124098127,0.25
one_lag,grouped,3,M6_history_env_full_vc_rf,rf,Liberia,2016,194.75,200.85,232.20839080754476,208.68959770188619,0.25
one_lag,grouped,3,M6_history_env_full_vc_rf,rf,Liberia,2017,192.59,194.75,234.24199193152887,204.62299798288223,0.25
one_lag,grouped,3,M6_history_env_full_vc_rf,rf,Liberia,2018,361.5,192.59,231.77988969482922,202.38747242370732,0.25
one_lag,grouped,3,M6_history_env_full_vc_rf,rf,Liberia,2020,358.0,361.5,327.48869107839226,352.9971727695981,0.25
one_lag,grouped,3,M6_history_env_full_vc_rf,rf,Niger,2016,360.75,371.78,373.49366579392046,372.2084164484801,0.25
one_lag,grouped,3,M6_history_env_full_vc_rf,rf,Niger,2017,358.65,360.75,372.9654196698223,363.80385491745557,0.25
one_lag,grouped,3,M6_history_env_full_vc_rf,rf,Niger,2018,356.6,358.65,371.97980473051325,361.9824511826283,0.25
one_lag,grouped,3,M6_history_env_full_vc_rf,rf,Niger,2020,324.1,356.6,368.33652421784933,359.53413105446236,0.25
one_lag,grouped,3,M6_history_env_full_vc_rf,rf,Sierra Leone,2016,378.04,376.88,336.97497558985395,366.90374389746347,0.25
one_lag,grouped,3,M6_history_env_full_vc_rf,rf,Sierra Leone,2017,379.71,378.04,338.12254820829105,368.06063705207276,0.25
one_lag,grouped,3,M6_history_env_full_vc_rf,rf,Sierra Leone,2018,320.4,379.71,336.3778164092289,368.8769541023072,0.25
one_lag,grouped,3,M6_history_env_full_vc_rf,rf,Sierra Leone,2020,328.2,320.4,299.0883967815997,315.0720991953999,0.25
one_lag,grouped,3,M6_history_env_full_vc_rf,rf,United Republic of Tanzania,2016,113.68,112.94,95.82505983305583,108.66126495826396,0.25
one_lag,grouped,3,M6_history_env_full_vc_rf,rf,United Republic of Tanzania,2017,113.86,113.68,93.2725382026862,108.57813455067156,0.25
one_lag,grouped,3,M6_history_env_full_vc_rf,rf,United Republic of Tanzania,2018,124.3,113.86,107.76741510434006,112.33685377608501,0.25
one_lag,grouped,3,M6_history_env_full_vc_rf,rf,United Republic of Tanzania,2020,120.2,124.3,144.57567889901028,129.36891972475257,0.25
one_lag,grouped,3,M6_history_env_full_vc_gb,gb,Burkina Faso,2016,411.62,429.04,374.0062335104288,412.52987005312866,0.30000000000000004
one_lag,grouped,3,M6_history_env_full_vc_gb,gb,Burkina Faso,2017,411.99,411.62,374.0062335104288,400.33587005312864,0.30000000000000004
one_lag,grouped,3,M6_history_env_full_vc_gb,gb,Burkina Faso,2018,398.7,411.99,374.0062335104288,400.59487005312866,0.30000000000000004
one_lag,grouped,3,M6_history_env_full_vc_gb,gb,Burkina Faso,2020,389.9,398.7,373.273583174308,391.0720749522924,0.30000000000000004
one_lag,grouped,3,M6_history_env_full_vc_gb,gb,Gabon,2016,169.11,172.6,211.05098039855366,184.13529411956608,0.30000000000000004
one_lag,grouped,3,M6_history_env_full_vc_gb,gb,Gabon,2017,168.87,169.11,198.2302809716513,177.8460842914954,0.30000000000000004
one_lag,grouped,3,M6_history_env_full_vc_gb,gb,Gabon,2018,248.2,168.87,210.44297673090412,181.34189301927125,0.30000000000000004
one_lag,grouped,3,M6_history_env_full_vc_gb,gb,Gabon,2020,215.5,248.2,253.4771350368073,249.78314051104218,0.30000000000000004
one_lag,grouped,3,M6_history_env_full_vc_gb,gb,Gambia,2016,124.59,208.63,200.11346521154434,206.0750395634633,0.30000000000000004
one_lag,grouped,3,M6_history_env_full_vc_gb,gb,Gambia,2017,56.67,124.59,79.39054615048211,111.03016384514463,0.30000000000000004
one_lag,grouped,3,M6_history_env_full_vc_gb,gb,Gambia,2018,66.0,56.67,77.51734855158709,62.92420456547613,0.30000000000000004
one_lag,grouped,3,M6_history_env_full_vc_gb,gb,Gambia,2020,87.3,66.0,82.64578616975768,70.99373585092731,0.30000000000000004
one_lag,grouped,3,M6_history_env_full_vc_gb,gb,Liberia,2016,194.75,200.85,213.5572548818231,204.66217646454692,0.30000000000000004
one_lag,grouped,3,M6_history_env_full_vc_gb,gb,Liberia,2017,192.59,194.75,224.97968268124214,203.81890480437264,0.30000000000000004
one_lag,grouped,3,M6_history_env_full_vc_gb,gb,Liberia,2018,361.5,192.59,199.6050692593609,194.69452077780826,0.30000000000000004
one_lag,grouped,3,M6_history_env_full_vc_gb,gb,Liberia,2020,358.0,361.5,329.4753338067155,351.89260014201466,0.30000000000000004
one_lag,grouped,3,M6_history_env_full_vc_gb,gb,Niger,2016,360.75,371.78,358.22503869471075,367.7135116084132,0.30000000000000004
one_lag,grouped,3,M6_history_env_full_vc_gb,gb,Niger,2017,358.65,360.75,358.22503869471075,359.9925116084132,0.30000000000000004
one_lag,grouped,3,M6_history_env_full_vc_gb,gb,Niger,2018,356.6,358.65,358.22503869471075,358.5225116084132,0.30000000000000004
one_lag,grouped,3,M6_history_env_full_vc_gb,gb,Niger,2020,324.1,356.6,357.49238835858995,356.86771650757703,0.30000000000000004
one_lag,grouped,3,M6_history_env_full_vc_gb,gb,Sierra Leone,2016,378.04,376.88,346.3597126034508,367.72391378103526,0.30000000000000004
one_lag,grouped,3,M6_history_env_full_vc_gb,gb,Sierra Leone,2017,379.71,378.04,360.89616434379917,372.8968493031398,0.30000000000000004
one_lag,grouped,3,M6_history_env_full_vc_gb,gb,Sierra Leone,2018,320.4,379.71,347.1136243627297,369.9310873088189,0.30000000000000004
one_lag,grouped,3,M6_history_env_full_vc_gb,gb,Sierra Leone,2020,328.2,320.4,317.62551292521425,319.5676538775643,0.30000000000000004
one_lag,grouped,3,M6_history_env_full_vc_gb,gb,United Republic of Tanzania,2016,113.68,112.94,72.35617624617811,100.76485287385343,0.30000000000000004
one_lag,grouped,3,M6_history_env_full_vc_gb,gb,United Republic of Tanzania,2017,113.86,113.68,81.40400459240402,103.99720137772121,0.30000000000000004
one_lag,grouped,3,M6_history_env_full_vc_gb,gb,United Republic of Tanzania,2018,124.3,113.86,81.10125847207715,104.03237754162315,0.30000000000000004
one_lag,grouped,3,M6_history_env_full_vc_gb,gb,United Republic of Tanzania,2020,120.2,124.3,82.97445607097217,111.90233682129164,0.30000000000000004
one_lag,grouped,4,M0_persistence,baseline,Central African Republic,2016,387.55,386.75,386.75,386.75,
one_lag,grouped,4,M0_persistence,baseline,Central African Republic,2017,387.32,387.55,387.55,387.55,
one_lag,grouped,4,M0_persistence,baseline,Central African Republic,2018,347.3,387.32,387.32,387.32,
one_lag,grouped,4,M0_persistence,baseline,Central African Republic,2020,336.0,347.3,347.3,347.3,
one_lag,grouped,4,M0_persistence,baseline,Democratic Republic of the Congo,2016,310.59,317.07,317.07,317.07,
one_lag,grouped,4,M0_persistence,baseline,Democratic Republic of the Congo,2017,307.62,310.59,310.59,310.59,
one_lag,grouped,4,M0_persistence,baseline,Democratic Republic of the Congo,2018,319.8,307.62,307.62,307.62,
one_lag,grouped,4,M0_persistence,baseline,Democratic Republic of the Congo,2020,324.2,319.8,319.8,319.8,
one_lag,grouped,4,M0_persistence,baseline,Ghana,2016,271.32,272.4,272.4,272.4,
one_lag,grouped,4,M0_persistence,baseline,Ghana,2017,270.69,271.32,271.32,271.32,
one_lag,grouped,4,M0_persistence,baseline,Ghana,2018,224.3,270.69,270.69,270.69,
one_lag,grouped,4,M0_persistence,baseline,Ghana,2020,162.8,224.3,224.3,224.3,
one_lag,grouped,4,M0_persistence,baseline,Liberia,2016,194.75,200.85,200.85,200.85,
one_lag,grouped,4,M0_persistence,baseline,Liberia,2017,192.59,194.75,194.75,194.75,
one_lag,grouped,4,M0_persistence,baseline,Liberia,2018,361.5,192.59,192.59,192.59,
one_lag,grouped,4,M0_persistence,baseline,Liberia,2020,358.0,361.5,361.5,361.5,
one_lag,grouped,4,M0_persistence,baseline,Sierra Leone,2016,378.04,376.88,376.88,376.88,
one_lag,grouped,4,M0_persistence,baseline,Sierra Leone,2017,379.71,378.04,378.04,378.04,
one_lag,grouped,4,M0_persistence,baseline,Sierra Leone,2018,320.4,379.71,379.71,379.71,
one_lag,grouped,4,M0_persistence,baseline,Sierra Leone,2020,328.2,320.4,320.4,320.4,
one_lag,grouped,4,M0_persistence,baseline,Togo,2016,376.39,377.65,377.65,377.65,
one_lag,grouped,4,M0_persistence,baseline,Togo,2017,370.86,376.39,376.39,376.39,
one_lag,grouped,4,M0_persistence,baseline,Togo,2018,267.3,370.86,370.86,370.86,
one_lag,grouped,4,M0_persistence,baseline,Togo,2020,228.9,267.3,267.3,267.3,
one_lag,grouped,4,M0_persistence,baseline,Zimbabwe,2016,58.2,87.08,87.08,87.08,
one_lag,grouped,4,M0_persistence,baseline,Zimbabwe,2017,95.22,58.2,58.2,58.2,
one_lag,grouped,4,M0_persistence,baseline,Zimbabwe,2018,51.0,95.22,95.22,95.22,
one_lag,grouped,4,M0_persistence,baseline,Zimbabwe,2020,98.5,51.0,51.0,51.0,
one_lag,grouped,4,M1_history_rf,rf,Central African Republic,2016,387.55,386.75,386.952375483688,386.8613065160284,0.55
one_lag,grouped,4,M1_history_rf,rf,Central African Republic,2017,387.32,387.55,386.994611483688,387.2445363160284,0.55
one_lag,grouped,4,M1_history_rf,rf,Central African Republic,2018,347.3,387.32,386.952375483688,387.1178065160284,0.55
one_lag,grouped,4,M1_history_rf,rf,Central African Republic,2020,336.0,347.3,333.8098033746809,339.8803918560745,0.55
one_lag,grouped,4,M1_history_rf,rf,Democratic Republic of the Congo,2016,310.59,317.07,322.1313710159841,319.85375405879125,0.55
one_lag,grouped,4,M1_history_rf,rf,Democratic Republic of the Congo,2017,307.62,310.59,306.28586088394945,308.2227234861722,0.55
one_lag,grouped,4,M1_history_rf,rf,Democratic Republic of the Congo,2018,319.8,307.62,304.918326455378,306.1340795504579,0.55
one_lag,grouped,4,M1_history_rf,rf,Democratic Republic of the Congo,2020,324.2,319.8,321.9860243493174,321.00231339212456,0.55
one_lag,grouped,4,M1_history_rf,rf,Ghana,2016,271.32,272.4,270.8251433578087,271.5338288467948,0.55
one_lag,grouped,4,M1_history_rf,rf,Ghana,2017,270.69,271.32,270.8251433578087,271.0478288467948,0.55
one_lag,grouped,4,M1_history_rf,rf,Ghana,2018,224.3,270.69,270.8251433578087,270.7643288467948,0.55
one_lag,grouped,4,M1_history_rf,rf,Ghana,2020,162.8,224.3,225.96570294770464,225.21613662123755,0.55
one_lag,grouped,4,M1_history_rf,rf,Liberia,2016,194.75,200.85,220.4143910356316,211.6104150695974,0.55
one_lag,grouped,4,M1_history_rf,rf,Liberia,2017,192.59,194.75,216.25359991561893,206.5769799535904,0.55
one_lag,grouped,4,M1_history_rf,rf,Liberia,2018,361.5,192.59,196.40608460870706,194.6888465347889,0.55
one_lag,grouped,4,M1_history_rf,rf,Liberia,2020,358.0,361.5,359.9519739396161,360.64858566678885,0.55
one_lag,grouped,4,M1_history_rf,rf,Sierra Leone,2016,378.04,376.88,373.1594217389,374.83368195639497,0.55
one_lag,grouped,4,M1_history_rf,rf,Sierra Leone,2017,379.71,378.04,381.28657476063336,379.82561611834836,0.55
one_lag,grouped,4,M1_history_rf,rf,Sierra Leone,2018,320.4,379.71,384.9903730088296,382.6142051548563,0.55
one_lag,grouped,4,M1_history_rf,rf,Sierra Leone,2020,328.2,320.4,321.9860243493174,321.27231339212454,0.55
one_lag,grouped,4,M1_history_rf,rf,Togo,2016,376.39,377.65,373.85070709965044,375.5603889048077,0.55
one_lag,grouped,4,M1_history_rf,rf,Togo,2017,370.86,376.39,373.1594217389,374.613181956395,0.55
one_lag,grouped,4,M1_history_rf,rf,Togo,2018,267.3,370.86,370.40185216508496,370.6080186907967,0.55
one_lag,grouped,4,M1_history_rf,rf,Togo,2020,228.9,267.3,270.5714616911421,269.09930393012814,0.55
one_lag,grouped,4,M1_history_rf,rf,Zimbabwe,2016,58.2,87.08,97.56462907919862,92.84654599355925,0.55
one_lag,grouped,4,M1_history_rf,rf,Zimbabwe,2017,95.22,58.2,64.16045614252415,61.47825087838829,0.55
one_lag,grouped,4,M1_history_rf,rf,Zimbabwe,2018,51.0,95.22,99.1884444525475,97.40264444890113,0.55
one_lag,grouped,4,M1_history_rf,rf,Zimbabwe,2020,98.5,51.0,64.16045614252415,58.238250878388286,0.55
one_lag,grouped,4,M1_history_gb,gb,Central African Republic,2016,387.55,386.75,383.48221861155093,384.78933116693054,0.6000000000000001
one_lag,grouped,4,M1_history_gb,gb,Central African Republic,2017,387.32,387.55,383.48221861155093,385.1093311669306,0.6000000000000001
one_lag,grouped,4,M1_history_gb,gb,Central African Republic,2018,347.3,387.32,383.48221861155093,385.01733116693055,0.6000000000000001
one_lag,grouped,4,M1_history_gb,gb,Central African Republic,2020,336.0,347.3,337.6177137429516,341.49062824577095,0.6000000000000001
one_lag,grouped,4,M1_history_gb,gb,Democratic Republic of the Congo,2016,310.59,317.07,307.89275587061707,311.56365352237026,0.6000000000000001
one_lag,grouped,4,M1_history_gb,gb,Democratic Republic of the Congo,2017,307.62,310.59,307.89275587061707,308.9716535223702,0.6000000000000001
one_lag,grouped,4,M1_history_gb,gb,Democratic Republic of the Congo,2018,319.8,307.62,307.89275587061707,307.78365352237023,0.6000000000000001
one_lag,grouped,4,M1_history_gb,gb,Democratic Republic of the Congo,2020,324.2,319.8,307.89275587061707,312.65565352237024,0.6000000000000001
one_lag,grouped,4,M1_history_gb,gb,Ghana,2016,271.32,272.4,267.6230740785375,269.5338444471225,0.6000000000000001
one_lag,grouped,4,M1_history_gb,gb,Ghana,2017,270.69,271.32,267.6230740785375,269.1018444471225,0.6000000000000001
one_lag,grouped,4,M1_history_gb,gb,Ghana,2018,224.3,270.69,267.6230740785375,268.8498444471225,0.6000000000000001
one_lag,grouped,4,M1_history_gb,gb,Ghana,2020,162.8,224.3,228.48120452414167,226.80872271448501,0.6000000000000001
one_lag,grouped,4,M1_history_gb,gb,Liberia,2016,194.75,200.85,210.46943877070024,206.62166326242013,0.6000000000000001
one_lag,grouped,4,M1_history_gb,gb,Liberia,2017,192.59,194.75,210.46943877070024,204.18166326242013,0.6000000000000001
one_lag,grouped,4,M1_history_gb,gb,Liberia,2018,361.5,192.59,192.12236779225563,192.30942067535338,0.6000000000000001
one_lag,grouped,4,M1_history_gb,gb,Liberia,2020,358.0,361.5,359.6932420224638,360.41594521347827,0.6000000000000001
one_lag,grouped,4,M1_history_gb,gb,Sierra Leone,2016,378.04,376.88,369.56850361790686,372.4931021707441,0.6000000000000001
one_lag,grouped,4,M1_history_gb,gb,Sierra Leone,2017,379.71,378.04,383.48221861155093,381.30533116693056,0.6000000000000001
one_lag,grouped,4,M1_history_gb,gb,Sierra Leone,2018,320.4,379.71,383.48221861155093,381.97333116693056,0.6000000000000001
one_lag,grouped,4,M1_history_gb,gb,Sierra Leone,2020,328.2,320.4,307.89275587061707,312.89565352237025,0.6000000000000001
one_lag,grouped,4,M1_history_gb,gb,Togo,2016,376.39,377.65,369.56850361790686,372.8011021707441,0.6000000000000001
one_lag,grouped,4,M1_history_gb,gb,Togo,2017,370.86,376.39,369.56850361790686,372.2971021707441,0.6000000000000001
one_lag,grouped,4,M1_history_gb,gb,Togo,2018,267.3,370.86,369.56850361790686,370.0851021707441,0.6000000000000001
one_lag,grouped,4,M1_history_gb,gb,Togo,2020,228.9,267.3,267.6230740785375,267.4938444471225,0.6000000000000001
one_lag,grouped,4,M1_history_gb,gb,Zimbabwe,2016,58.2,87.08,100.87222291497235,95.35533374898341,0.6000000000000001
one_lag,grouped,4,M1_history_gb,gb,Zimbabwe,2017,95.22,58.2,64.32986788124661,61.87792072874797,0.6000000000000001
one_lag,grouped,4,M1_history_gb,gb,Zimbabwe,2018,51.0,95.22,100.87222291497235,98.61133374898341,0.6000000000000001
one_lag,grouped,4,M1_history_gb,gb,Zimbabwe,2020,98.5,51.0,64.32986788124661,58.99792072874797,0.6000000000000001
one_lag,grouped,4,M2_history_env_compact_rf,rf,Central African Republic,2016,387.55,386.75,351.34940022558493,372.589760090234,0.4
one_lag,grouped,4,M2_history_env_compact_rf,rf,Central African Republic,2017,387.32,387.55,350.6009351462198,372.7703740584879,0.4
one_lag,grouped,4,M2_history_env_compact_rf,rf,Central African Republic,2018,347.3,387.32,334.996722835253,366.3906891341012,0.4
one_lag,grouped,4,M2_history_env_compact_rf,rf,Central African Republic,2020,336.0,347.3,321.11019884722305,336.82407953888924,0.4
one_lag,grouped,4,M2_history_env_compact_rf,rf,Democratic Republic of the Congo,2016,310.59,317.07,285.56657254464375,304.4686290178575,0.4
one_lag,grouped,4,M2_history_env_compact_rf,rf,Democratic Republic of the Congo,2017,307.62,310.59,284.62759316560124,300.2050372662405,0.4
one_lag,grouped,4,M2_history_env_compact_rf,rf,Democratic Republic of the Congo,2018,319.8,307.62,281.19915443605305,297.05166177442123,0.4
one_lag,grouped,4,M2_history_env_compact_rf,rf,Democratic Republic of the Congo,2020,324.2,319.8,284.2113429953539,305.5645371981416,0.4
one_lag,grouped,4,M2_history_env_compact_rf,rf,Ghana,2016,271.32,272.4,295.02869839763196,281.45147935905277,0.4
one_lag,grouped,4,M2_history_env_compact_rf,rf,Ghana,2017,270.69,271.32,309.1587534113595,286.4555013645438,0.4
one_lag,grouped,4,M2_history_env_compact_rf,rf,Ghana,2018,224.3,270.69,276.6675831732629,273.0810332693052,0.4
one_lag,grouped,4,M2_history_env_compact_rf,rf,Ghana,2020,162.8,224.3,210.19133250104912,218.65653300041964,0.4
one_lag,grouped,4,M2_history_env_compact_rf,rf,Liberia,2016,194.75,200.85,214.91620381899082,206.47648152759632,0.4
one_lag,grouped,4,M2_history_env_compact_rf,rf,Liberia,2017,192.59,194.75,222.54592338416015,205.86836935366406,0.4
one_lag,grouped,4,M2_history_env_compact_rf,rf,Liberia,2018,361.5,192.59,221.84197958790682,204.29079183516274,0.4
one_lag,grouped,4,M2_history_env_compact_rf,rf,Liberia,2020,358.0,361.5,322.7909840330501,346.01639361322003,0.4
one_lag,grouped,4,M2_history_env_compact_rf,rf,Sierra Leone,2016,378.04,376.88,344.92843420054373,364.09937368021747,0.4
one_lag,grouped,4,M2_history_env_compact_rf,rf,Sierra Leone,2017,379.71,378.04,330.1790960963423,358.89563843853693,0.4
one_lag,grouped,4,M2_history_env_compact_rf,rf,Sierra Leone,2018,320.4,379.71,331.4675572161113,360.4130228864445,0.4
one_lag,grouped,4,M2_history_env_compact_rf,rf,Sierra Leone,2020,328.2,320.4,294.83083682796945,310.1723347311878,0.4
one_lag,grouped,4,M2_history_env_compact_rf,rf,Togo,2016,376.39,377.65,366.99518435278674,373.3880737411147,0.4
one_lag,grouped,4,M2_history_env_compact_rf,rf,Togo,2017,370.86,376.39,388.3377275563903,381.16909102255613,0.4
one_lag,grouped,4,M2_history_env_compact_rf,rf,Togo,2018,267.3,370.86,367.7238480306646,369.60553921226585,0.4
one_lag,grouped,4,M2_history_env_compact_rf,rf,Togo,2020,228.9,267.3,280.86852939268397,272.7274117570736,0.4
one_lag,grouped,4,M2_history_env_compact_rf,rf,Zimbabwe,2016,58.2,87.08,84.63989820379032,86.10395928151613,0.4
one_lag,grouped,4,M2_history_env_compact_rf,rf,Zimbabwe,2017,95.22,58.2,106.02130603568655,77.32852241427463,0.4
one_lag,grouped,4,M2_history_env_compact_rf,rf,Zimbabwe,2018,51.0,95.22,94.79774617132283,95.05109846852913,0.4
one_lag,grouped,4,M2_history_env_compact_rf,rf,Zimbabwe,2020,98.5,51.0,83.85916918913834,64.14366767565534,0.4
one_lag,grouped,4,M2_history_env_compact_gb,gb,Central African Republic,2016,387.55,386.75,367.91534777253594,379.21613910901436,0.4
one_lag,grouped,4,M2_history_env_compact_gb,gb,Central African Republic,2017,387.32,387.55,367.91534777253594,379.6961391090144,0.4
one_lag,grouped,4,M2_history_env_compact_gb,gb,Central African Republic,2018,347.3,387.32,331.6572239913778,365.0548895965511,0.4
one_lag,grouped,4,M2_history_env_compact_gb,gb,Central African Republic,2020,336.0,347.3,333.37086160317665,341.72834464127067,0.4
one_lag,grouped,4,M2_history_env_compact_gb,gb,Democratic Republic of the Congo,2016,310.59,317.07,267.77236397214523,297.3509455888581,0.4
one_lag,grouped,4,M2_history_env_compact_gb,gb,Democratic Republic of the Congo,2017,307.62,310.59,267.77236397214523,293.4629455888581,0.4
one_lag,grouped,4,M2_history_env_compact_gb,gb,Democratic Republic of the Congo,2018,319.8,307.62,271.10341886561463,293.01336754624583,0.4
one_lag,grouped,4,M2_history_env_compact_gb,gb,Democratic Republic of the Congo,2020,324.2,319.8,267.77236397214523,298.9889455888581,0.4
one_lag,grouped,4,M2_history_env_compact_gb,gb,Ghana,2016,271.32,272.4,282.9192840199251,276.60771360797,0.4
one_lag,grouped,4,M2_history_env_compact_gb,gb,Ghana,2017,270.69,271.32,282.9192840199251,275.95971360797006,0.4
one_lag,grouped,4,M2_history_env_compact_gb,gb,Ghana,2018,224.3,270.69,273.2275065260995,271.7050026104398,0.4
one_lag,grouped,4,M2_history_env_compact_gb,gb,Ghana,2020,162.8,224.3,224.27107078711177,224.2884283148447,0.4
one_lag,grouped,4,M2_history_env_compact_gb,gb,Liberia,2016,194.75,200.85,199.60255383892826,200.3510215355713,0.4
one_lag,grouped,4,M2_history_env_compact_gb,gb,Liberia,2017,192.59,194.75,206.6362207029591,199.50448828118363,0.4
one_lag,grouped,4,M2_history_env_compact_gb,gb,Liberia,2018,361.5,192.59,195.2357963396662,193.64831853586648,0.4
one_lag,grouped,4,M2_history_env_compact_gb,gb,Liberia,2020,358.0,361.5,303.2244722298496,338.1897888919398,0.4
one_lag,grouped,4,M2_history_env_compact_gb,gb,Sierra Leone,2016,378.04,376.88,355.16041471098026,368.1921658843921,0.4
one_lag,grouped,4,M2_history_env_compact_gb,gb,Sierra Leone,2017,379.71,378.04,329.9396948411933,358.79987793647734,0.4
one_lag,grouped,4,M2_history_env_compact_gb,gb,Sierra Leone,2018,320.4,379.71,329.9396948411933,359.8018779364773,0.4
one_lag,grouped,4,M2_history_env_compact_gb,gb,Sierra Leone,2020,328.2,320.4,300.3920112964862,312.3968045185945,0.4
one_lag,grouped,4,M2_history_env_compact_gb,gb,Togo,2016,376.39,377.65,372.6061835202375,375.632473408095,0.4
one_lag,grouped,4,M2_history_env_compact_gb,gb,Togo,2017,370.86,376.39,374.5010456007265,375.6344182402906,0.4
one_lag,grouped,4,M2_history_env_compact_gb,gb,Togo,2018,267.3,370.86,372.6061835202375,371.558473408095,0.4
one_lag,grouped,4,M2_history_env_compact_gb,gb,Togo,2020,228.9,267.3,281.6894739604011,273.05578958416044,0.4
one_lag,grouped,4,M2_history_env_compact_gb,gb,Zimbabwe,2016,58.2,87.08,80.24397555410637,84.34559022164255,0.4
one_lag,grouped,4,M2_history_env_compact_gb,gb,Zimbabwe,2017,95.22,58.2,75.25085034836586,65.02034013934635,0.4
one_lag,grouped,4,M2_history_env_compact_gb,gb,Zimbabwe,2018,51.0,95.22,83.56190824007955,90.55676329603182,0.4
one_lag,grouped,4,M2_history_env_compact_gb,gb,Zimbabwe,2020,98.5,51.0,74.31314811986788,60.32525924794715,0.4
one_lag,grouped,4,M3_history_vc_rf,rf,Central African Republic,2016,387.55,386.75,354.6834969197858,370.71674845989287,0.5
one_lag,grouped,4,M3_history_vc_rf,rf,Central African Republic,2017,387.32,387.55,376.983112550128,382.266556275064,0.5
one_lag,grouped,4,M3_history_vc_rf,rf,Central African Republic,2018,347.3,387.32,358.56637476083375,372.9431873804169,0.5
one_lag,grouped,4,M3_history_vc_rf,rf,Central African Republic,2020,336.0,347.3,351.7031060707703,349.50155303538514,0.5
one_lag,grouped,4,M3_history_vc_rf,rf,Democratic Republic of the Congo,2016,310.59,317.07,309.3956864253229,313.23284321266146,0.5
one_lag,grouped,4,M3_history_vc_rf,rf,Democratic Republic of the Congo,2017,307.62,310.59,353.4024078410389,331.9962039205194,0.5
one_lag,grouped,4,M3_history_vc_rf,rf,Democratic Republic of the Congo,2018,319.8,307.62,355.92293804128303,331.7714690206415,0.5
one_lag,grouped,4,M3_history_vc_rf,rf,Democratic Republic of the Congo,2020,324.2,319.8,319.0406732560673,319.4203366280336,0.5
one_lag,grouped,4,M3_history_vc_rf,rf,Ghana,2016,271.32,272.4,283.5600755119177,277.98003775595885,0.5
one_lag,grouped,4,M3_history_vc_rf,rf,Ghana,2017,270.69,271.32,282.41413536629517,276.8670676831476,0.5
one_lag,grouped,4,M3_history_vc_rf,rf,Ghana,2018,224.3,270.69,281.567818010086,276.128909005043,0.5
one_lag,grouped,4,M3_history_vc_rf,rf,Ghana,2020,162.8,224.3,199.63660755582433,211.96830377791218,0.5
one_lag,grouped,4,M3_history_vc_rf,rf,Liberia,2016,194.75,200.85,214.4102707886843,207.63013539434215,0.5
one_lag,grouped,4,M3_history_vc_rf,rf,Liberia,2017,192.59,194.75,220.46576039773467,207.60788019886735,0.5
one_lag,grouped,4,M3_history_vc_rf,rf,Liberia,2018,361.5,192.59,208.49622452588156,200.54311226294078,0.5
one_lag,grouped,4,M3_history_vc_rf,rf,Liberia,2020,358.0,361.5,344.77936326667793,353.13968163333897,0.5
one_lag,grouped,4,M3_history_vc_rf,rf,Sierra Leone,2016,378.04,376.88,337.85106027200595,357.365530136003,0.5
one_lag,grouped,4,M3_history_vc_rf,rf,Sierra Leone,2017,379.71,378.04,393.16678477223945,385.6033923861197,0.5
one_lag,grouped,4,M3_history_vc_rf,rf,Sierra Leone,2018,320.4,379.71,361.2776537607229,370.49382688036144,0.5
one_lag,grouped,4,M3_history_vc_rf,rf,Sierra Leone,2020,328.2,320.4,294.94015265902306,307.6700763295115,0.5
one_lag,grouped,4,M3_history_vc_rf,rf,Togo,2016,376.39,377.65,367.7465351718116,372.6982675859058,0.5
one_lag,grouped,4,M3_history_vc_rf,rf,Togo,2017,370.86,376.39,371.4700751405099,373.93003757025497,0.5
one_lag,grouped,4,M3_history_vc_rf,rf,Togo,2018,267.3,370.86,366.8217663297373,368.8408831648686,0.5
one_lag,grouped,4,M3_history_vc_rf,rf,Togo,2020,228.9,267.3,282.4250794614126,274.8625397307063,0.5
one_lag,grouped,4,M3_history_vc_rf,rf,Zimbabwe,2016,58.2,87.08,67.66342574994452,77.37171287497226,0.5
one_lag,grouped,4,M3_history_vc_rf,rf,Zimbabwe,2017,95.22,58.2,96.73367815281955,77.46683907640977,0.5
one_lag,grouped,4,M3_history_vc_rf,rf,Zimbabwe,2018,51.0,95.22,104.38063989126942,99.80031994563471,0.5
one_lag,grouped,4,M3_history_vc_rf,rf,Zimbabwe,2020,98.5,51.0,86.14618324889005,68.57309162444503,0.5
one_lag,grouped,4,M3_history_vc_gb,gb,Central African Republic,2016,387.55,386.75,358.7204673701839,372.73523368509194,0.5
one_lag,grouped,4,M3_history_vc_gb,gb,Central African Republic,2017,387.32,387.55,395.0118868736601,391.28094343683006,0.5
one_lag,grouped,4,M3_history_vc_gb,gb,Central African Republic,2018,347.3,387.32,363.41351627077444,375.3667581353872,0.5
one_lag,grouped,4,M3_history_vc_gb,gb,Central African Republic,2020,336.0,347.3,342.7093387325104,345.0046693662552,0.5
one_lag,grouped,4,M3_history_vc_gb,gb,Democratic Republic of the Congo,2016,310.59,317.07,325.8700110260753,321.4700055130377,0.5
one_lag,grouped,4,M3_history_vc_gb,gb,Democratic Republic of the Congo,2017,307.62,310.59,327.2490786679375,318.9195393339687,0.5
one_lag,grouped,4,M3_history_vc_gb,gb,Democratic Republic of the Congo,2018,319.8,307.62,359.3230618584685,333.4715309292343,0.5
one_lag,grouped,4,M3_history_vc_gb,gb,Democratic Republic of the Congo,2020,324.2,319.8,325.8700110260753,322.8350055130377,0.5
one_lag,grouped,4,M3_history_vc_gb,gb,Ghana,2016,271.32,272.4,284.92476420661984,278.66238210330994,0.5
one_lag,grouped,4,M3_history_vc_gb,gb,Ghana,2017,270.69,271.32,284.92476420661984,278.1223821033099,0.5
one_lag,grouped,4,M3_history_vc_gb,gb,Ghana,2018,224.3,270.69,284.92476420661984,277.8073821033099,0.5
one_lag,grouped,4,M3_history_vc_gb,gb,Ghana,2020,162.8,224.3,228.33003820420382,226.31501910210193,0.5
one_lag,grouped,4,M3_history_vc_gb,gb,Liberia,2016,194.75,200.85,203.81656153871796,202.33328076935896,0.5
one_lag,grouped,4,M3_history_vc_gb,gb,Liberia,2017,192.59,194.75,219.72219812427306,207.23609906213653,0.5
one_lag,grouped,4,M3_history_vc_gb,gb,Liberia,2018,361.5,192.59,195.70600614456725,194.14800307228364,0.5
one_lag,grouped,4,M3_history_vc_gb,gb,Liberia,2020,358.0,361.5,344.0742780717591,352.7871390358796,0.5
one_lag,grouped,4,M3_history_vc_gb,gb,Sierra Leone,2016,378.04,376.88,332.73436775934044,354.8071838796702,0.5
one_lag,grouped,4,M3_history_vc_gb,gb,Sierra Leone,2017,379.71,378.04,397.2857677310591,387.6628838655296,0.5
one_lag,grouped,4,M3_history_vc_gb,gb,Sierra Leone,2018,320.4,379.71,375.4168819433085,377.56344097165425,0.5
one_lag,grouped,4,M3_history_vc_gb,gb,Sierra Leone,2020,328.2,320.4,279.08131109139316,299.74065554569654,0.5
one_lag,grouped,4,M3_history_vc_gb,gb,Togo,2016,376.39,377.65,374.6126397912579,376.13131989562896,0.5
one_lag,grouped,4,M3_history_vc_gb,gb,Togo,2017,370.86,376.39,374.6126397912579,375.50131989562897,0.5
one_lag,grouped,4,M3_history_vc_gb,gb,Togo,2018,267.3,370.86,374.6126397912579,372.736319895629,0.5
one_lag,grouped,4,M3_history_vc_gb,gb,Togo,2020,228.9,267.3,284.92476420661984,276.1123821033099,0.5
one_lag,grouped,4,M3_history_vc_gb,gb,Zimbabwe,2016,58.2,87.08,90.64340021689874,88.86170010844937,0.5
one_lag,grouped,4,M3_history_vc_gb,gb,Zimbabwe,2017,95.22,58.2,90.48754598464429,74.34377299232214,0.5
one_lag,grouped,4,M3_history_vc_gb,gb,Zimbabwe,2018,51.0,95.22,110.85982161934672,103.03991080967336,0.5
one_lag,grouped,4,M3_history_vc_gb,gb,Zimbabwe,2020,98.5,51.0,84.70603623450724,67.85301811725361,0.5
one_lag,grouped,4,M4_history_env_compact_vc_rf,rf,Central African Republic,2016,387.55,386.75,342.99993244566286,369.24997297826513,0.4
one_lag,grouped,4,M4_history_env_compact_vc_rf,rf,Central African Republic,2017,387.32,387.55,351.1160612751389,372.97642451005555,0.4
one_lag,grouped,4,M4_history_env_compact_vc_rf,rf,Central African Republic,2018,347.3,387.32,335.2676822191671,366.49907288766684,0.4
one_lag,grouped,4,M4_history_env_compact_vc_rf,rf,Central African Republic,2020,336.0,347.3,329.09348458753215,340.01739383501285,0.4
one_lag,grouped,4,M4_history_env_compact_vc_rf,rf,Democratic Republic of the Congo,2016,310.59,317.07,283.0015164488768,303.4426065795507,0.4
one_lag,grouped,4,M4_history_env_compact_vc_rf,rf,Democratic Republic of the Congo,2017,307.62,310.59,304.5949939422447,308.19199757689785,0.4
one_lag,grouped,4,M4_history_env_compact_vc_rf,rf,Democratic Republic of the Congo,2018,319.8,307.62,300.87796982425743,304.923187929703,0.4
one_lag,grouped,4,M4_history_env_compact_vc_rf,rf,Democratic Republic of the Congo,2020,324.2,319.8,283.508434655226,305.2833738620904,0.4
one_lag,grouped,4,M4_history_env_compact_vc_rf,rf,Ghana,2016,271.32,272.4,296.29464982217667,281.9578599288707,0.4
one_lag,grouped,4,M4_history_env_compact_vc_rf,rf,Ghana,2017,270.69,271.32,309.40294338184503,286.55317735273803,0.4
one_lag,grouped,4,M4_history_env_compact_vc_rf,rf,Ghana,2018,224.3,270.69,281.2090123611315,274.8976049444526,0.4
one_lag,grouped,4,M4_history_env_compact_vc_rf,rf,Ghana,2020,162.8,224.3,204.7320601002632,216.47282404010528,0.4
one_lag,grouped,4,M4_history_env_compact_vc_rf,rf,Liberia,2016,194.75,200.85,216.2805420714672,207.0222168285869,0.4
one_lag,grouped,4,M4_history_env_compact_vc_rf,rf,Liberia,2017,192.59,194.75,226.53561056717447,207.4642442268698,0.4
one_lag,grouped,4,M4_history_env_compact_vc_rf,rf,Liberia,2018,361.5,192.59,221.78017289170575,204.2660691566823,0.4
one_lag,grouped,4,M4_history_env_compact_vc_rf,rf,Liberia,2020,358.0,361.5,316.7055230678763,343.58220922715054,0.4
one_lag,grouped,4,M4_history_env_compact_vc_rf,rf,Sierra Leone,2016,378.04,376.88,328.9719009207456,357.71676036829825,0.4
one_lag,grouped,4,M4_history_env_compact_vc_rf,rf,Sierra Leone,2017,379.71,378.04,332.9333705846095,359.9973482338438,0.4
one_lag,grouped,4,M4_history_env_compact_vc_rf,rf,Sierra Leone,2018,320.4,379.71,323.02917956210433,357.0376718248417,0.4
one_lag,grouped,4,M4_history_env_compact_vc_rf,rf,Sierra Leone,2020,328.2,320.4,293.18709684067136,309.51483873626853,0.4
one_lag,grouped,4,M4_history_env_compact_vc_rf,rf,Togo,2016,376.39,377.65,360.7105868946206,370.8742347578482,0.4
one_lag,grouped,4,M4_history_env_compact_vc_rf,rf,Togo,2017,370.86,376.39,386.71662947956327,380.5206517918253,0.4
one_lag,grouped,4,M4_history_env_compact_vc_rf,rf,Togo,2018,267.3,370.86,363.6684154384379,367.9833661753752,0.4
one_lag,grouped,4,M4_history_env_compact_vc_rf,rf,Togo,2020,228.9,267.3,285.6851969357855,274.6540787743142,0.4
one_lag,grouped,4,M4_history_env_compact_vc_rf,rf,Zimbabwe,2016,58.2,87.08,80.42906522448466,84.41962608979387,0.4
one_lag,grouped,4,M4_history_env_compact_vc_rf,rf,Zimbabwe,2017,95.22,58.2,103.8582611087423,76.46330444349692,0.4
one_lag,grouped,4,M4_history_env_compact_vc_rf,rf,Zimbabwe,2018,51.0,95.22,100.25483643197317,97.23393457278927,0.4
one_lag,grouped,4,M4_history_env_compact_vc_rf,rf,Zimbabwe,2020,98.5,51.0,85.00536311968749,64.602145247875,0.4
one_lag,grouped,4,M4_history_env_compact_vc_gb,gb,Central African Republic,2016,387.55,386.75,365.7861141187833,378.3644456475133,0.4
one_lag,grouped,4,M4_history_env_compact_vc_gb,gb,Central African Republic,2017,387.32,387.55,373.0853243706536,381.76412974826144,0.4
one_lag,grouped,4,M4_history_env_compact_vc_gb,gb,Central African Republic,2018,347.3,387.32,327.36279146957804,363.3371165878312,0.4
one_lag,grouped,4,M4_history_env_compact_vc_gb,gb,Central African Republic,2020,336.0,347.3,343.4026393376086,345.74105573504346,0.4
one_lag,grouped,4,M4_history_env_compact_vc_gb,gb,Democratic Republic of the Congo,2016,310.59,317.07,266.3668042604695,296.7887217041878,0.4
one_lag,grouped,4,M4_history_env_compact_vc_gb,gb,Democratic Republic of the Congo,2017,307.62,310.59,280.10317346410176,298.3952693856407,0.4
one_lag,grouped,4,M4_history_env_compact_vc_gb,gb,Democratic Republic of the Congo,2018,319.8,307.62,280.952692592503,296.9530770370012,0.4
one_lag,grouped,4,M4_history_env_compact_vc_gb,gb,Democratic Republic of the Congo,2020,324.2,319.8,266.3668042604695,298.4267217041878,0.4
one_lag,grouped,4,M4_history_env_compact_vc_gb,gb,Ghana,2016,271.32,272.4,286.70922528794694,278.12369011517876,0.4
one_lag,grouped,4,M4_history_env_compact_vc_gb,gb,Ghana,2017,270.69,271.32,286.70922528794694,277.4756901151788,0.4
one_lag,grouped,4,M4_history_env_compact_vc_gb,gb,Ghana,2018,224.3,270.69,279.50578390876376,274.2163135635055,0.4
one_lag,grouped,4,M4_history_env_compact_vc_gb,gb,Ghana,2020,162.8,224.3,224.70066130782,224.46026452312802,0.4
one_lag,grouped,4,M4_history_env_compact_vc_gb,gb,Liberia,2016,194.75,200.85,196.943994143048,199.2875976572192,0.4
one_lag,grouped,4,M4_history_env_compact_vc_gb,gb,Liberia,2017,192.59,194.75,207.33451045780438,199.78380418312176,0.4
one_lag,grouped,4,M4_history_env_compact_vc_gb,gb,Liberia,2018,361.5,192.59,195.13224693416882,193.60689877366752,0.4
one_lag,grouped,4,M4_history_env_compact_vc_gb,gb,Liberia,2020,358.0,361.5,309.30453356045103,340.6218134241804,0.4
one_lag,grouped,4,M4_history_env_compact_vc_gb,gb,Sierra Leone,2016,378.04,376.88,334.32959473199406,359.8598378927976,0.4
one_lag,grouped,4,M4_history_env_compact_vc_gb,gb,Sierra Leone,2017,379.71,378.04,340.4278958213775,362.995158328551,0.4
one_lag,grouped,4,M4_history_env_compact_vc_gb,gb,Sierra Leone,2018,320.4,379.71,333.43810830104263,361.20124332041706,0.4
one_lag,grouped,4,M4_history_env_compact_vc_gb,gb,Sierra Leone,2020,328.2,320.4,296.00687074883683,310.64274829953473,0.4
one_lag,grouped,4,M4_history_env_compact_vc_gb,gb,Togo,2016,376.39,377.65,369.6730374749939,374.4592149899976,0.4
one_lag,grouped,4,M4_history_env_compact_vc_gb,gb,Togo,2017,370.86,376.39,371.56789955548294,374.46115982219317,0.4
one_lag,grouped,4,M4_history_env_compact_vc_gb,gb,Togo,2018,267.3,370.86,369.6730374749939,370.38521498999756,0.4
one_lag,grouped,4,M4_history_env_compact_vc_gb,gb,Togo,2020,228.9,267.3,284.81436320745786,274.30574528298314,0.4
one_lag,grouped,4,M4_history_env_compact_vc_gb,gb,Zimbabwe,2016,58.2,87.08,81.42049663648733,84.81619865459493,0.4
one_lag,grouped,4,M4_history_env_compact_vc_gb,gb,Zimbabwe,2017,95.22,58.2,84.17889729885589,68.59155891954236,0.4
one_lag,grouped,4,M4_history_env_compact_vc_gb,gb,Zimbabwe,2018,51.0,95.22,91.9422550455213,93.90890201820852,0.4
one_lag,grouped,4,M4_history_env_compact_vc_gb,gb,Zimbabwe,2020,98.5,51.0,75.92807233048161,60.971228932192645,0.4
one_lag,grouped,4,M5_history_env_full_rf,rf,Central African Republic,2016,387.55,386.75,340.9403308143802,368.42613232575206,0.4
one_lag,grouped,4,M5_history_env_full_rf,rf,Central African Republic,2017,387.32,387.55,340.9085273944667,368.89341095778667,0.4
one_lag,grouped,4,M5_history_env_full_rf,rf,Central African Republic,2018,347.3,387.32,332.78794797710646,365.5071791908426,0.4
one_lag,grouped,4,M5_history_env_full_rf,rf,Central African Republic,2020,336.0,347.3,322.3489615786811,337.3195846314724,0.4
one_lag,grouped,4,M5_history_env_full_rf,rf,Democratic Republic of the Congo,2016,310.59,317.07,280.2064553525559,302.32458214102235,0.4
one_lag,grouped,4,M5_history_env_full_rf,rf,Democratic Republic of the Congo,2017,307.62,310.59,278.92646789406996,297.92458715762797,0.4
one_lag,grouped,4,M5_history_env_full_rf,rf,Democratic Republic of the Congo,2018,319.8,307.62,275.30529528440195,294.6941181137608,0.4
one_lag,grouped,4,M5_history_env_full_rf,rf,Democratic Republic of the Congo,2020,324.2,319.8,279.3315852093659,303.6126340837464,0.4
one_lag,grouped,4,M5_history_env_full_rf,rf,Ghana,2016,271.32,272.4,297.81649667345977,282.5665986693839,0.4
one_lag,grouped,4,M5_history_env_full_rf,rf,Ghana,2017,270.69,271.32,305.1887505492783,284.8675002197113,0.4
one_lag,grouped,4,M5_history_env_full_rf,rf,Ghana,2018,224.3,270.69,279.8619171890424,274.35876687561694,0.4
one_lag,grouped,4,M5_history_env_full_rf,rf,Ghana,2020,162.8,224.3,210.47147919644064,218.76859167857626,0.4
one_lag,grouped,4,M5_history_env_full_rf,rf,Liberia,2016,194.75,200.85,216.66162782054852,207.1746511282194,0.4
one_lag,grouped,4,M5_history_env_full_rf,rf,Liberia,2017,192.59,194.75,223.73500636301603,206.34400254520642,0.4
one_lag,grouped,4,M5_history_env_full_rf,rf,Liberia,2018,361.5,192.59,225.53423741674177,205.76769496669672,0.4
one_lag,grouped,4,M5_history_env_full_rf,rf,Liberia,2020,358.0,361.5,316.04139330719283,343.31655732287714,0.4
one_lag,grouped,4,M5_history_env_full_rf,rf,Sierra Leone,2016,378.04,376.88,333.5083686482963,359.5313474593185,0.4
one_lag,grouped,4,M5_history_env_full_rf,rf,Sierra Leone,2017,379.71,378.04,323.5612815236432,356.2485126094573,0.4
one_lag,grouped,4,M5_history_env_full_rf,rf,Sierra Leone,2018,320.4,379.71,326.432499908203,358.3989999632812,0.4
one_lag,grouped,4,M5_history_env_full_rf,rf,Sierra Leone,2020,328.2,320.4,294.70733310275193,310.1229332411008,0.4
one_lag,grouped,4,M5_history_env_full_rf,rf,Togo,2016,376.39,377.65,354.4476662113083,368.3690664845233,0.4
one_lag,grouped,4,M5_history_env_full_rf,rf,Togo,2017,370.86,376.39,378.6546275625847,377.29585102503387,0.4
one_lag,grouped,4,M5_history_env_full_rf,rf,Togo,2018,267.3,370.86,350.56093960334954,362.7403758413398,0.4
one_lag,grouped,4,M5_history_env_full_rf,rf,Togo,2020,228.9,267.3,281.04652391072267,272.79860956428905,0.4
one_lag,grouped,4,M5_history_env_full_rf,rf,Zimbabwe,2016,58.2,87.08,87.18239505311355,87.12095802124541,0.4
one_lag,grouped,4,M5_history_env_full_rf,rf,Zimbabwe,2017,95.22,58.2,102.60538636907539,75.96215454763016,0.4
one_lag,grouped,4,M5_history_env_full_rf,rf,Zimbabwe,2018,51.0,95.22,91.16813481768231,93.59925392707292,0.4
one_lag,grouped,4,M5_history_env_full_rf,rf,Zimbabwe,2020,98.5,51.0,85.67138309618156,64.86855323847263,0.4
one_lag,grouped,4,M5_history_env_full_gb,gb,Central African Republic,2016,387.55,386.75,357.1576878002319,374.91307512009274,0.4
one_lag,grouped,4,M5_history_env_full_gb,gb,Central African Republic,2017,387.32,387.55,357.1576878002319,375.39307512009276,0.4
one_lag,grouped,4,M5_history_env_full_gb,gb,Central African Republic,2018,347.3,387.32,325.9183872968067,362.7593549187227,0.4
one_lag,grouped,4,M5_history_env_full_gb,gb,Central African Republic,2020,336.0,347.3,333.20026962051736,341.66010784820696,0.4
one_lag,grouped,4,M5_history_env_full_gb,gb,Democratic Republic of the Congo,2016,310.59,317.07,267.8710638489439,297.39042553957756,0.4
one_lag,grouped,4,M5_history_env_full_gb,gb,Democratic Republic of the Congo,2017,307.62,310.59,267.8710638489439,293.50242553957753,0.4
one_lag,grouped,4,M5_history_env_full_gb,gb,Democratic Republic of the Congo,2018,319.8,307.62,268.68038018553716,292.0441520742149,0.4
one_lag,grouped,4,M5_history_env_full_gb,gb,Democratic Republic of the Congo,2020,324.2,319.8,267.8710638489439,299.02842553957754,0.4
one_lag,grouped,4,M5_history_env_full_gb,gb,Ghana,2016,271.32,272.4,289.80869879346295,279.36347951738514,0.4
one_lag,grouped,4,M5_history_env_full_gb,gb,Ghana,2017,270.69,271.32,285.0379637971244,276.80718551884974,0.4
one_lag,grouped,4,M5_history_env_full_gb,gb,Ghana,2018,224.3,270.69,269.4738740591011,270.2035496236404,0.4
one_lag,grouped,4,M5_history_env_full_gb,gb,Ghana,2020,162.8,224.3,228.26682462447837,225.88672984979135,0.4
one_lag,grouped,4,M5_history_env_full_gb,gb,Liberia,2016,194.75,200.85,202.0093121951547,201.3137248780619,0.4
one_lag,grouped,4,M5_history_env_full_gb,gb,Liberia,2017,192.59,194.75,202.48613047597615,197.84445219039046,0.4
one_lag,grouped,4,M5_history_env_full_gb,gb,Liberia,2018,361.5,192.59,194.89322800752637,193.51129120301056,0.4
one_lag,grouped,4,M5_history_env_full_gb,gb,Liberia,2020,358.0,361.5,304.25432415869903,338.6017296634796,0.4
one_lag,grouped,4,M5_history_env_full_gb,gb,Sierra Leone,2016,378.04,376.88,347.4933216763687,365.12532867054745,0.4
one_lag,grouped,4,M5_history_env_full_gb,gb,Sierra Leone,2017,379.71,378.04,327.58790531612607,357.8591621264504,0.4
one_lag,grouped,4,M5_history_env_full_gb,gb,Sierra Leone,2018,320.4,379.71,327.58790531612607,358.86116212645044,0.4
one_lag,grouped,4,M5_history_env_full_gb,gb,Sierra Leone,2020,328.2,320.4,300.25347926461205,312.3413917058448,0.4
one_lag,grouped,4,M5_history_env_full_gb,gb,Togo,2016,376.39,377.65,367.44843157947133,373.5693726317885,0.4
one_lag,grouped,4,M5_history_env_full_gb,gb,Togo,2017,370.86,376.39,370.344638725125,373.97185549004996,0.4
one_lag,grouped,4,M5_history_env_full_gb,gb,Togo,2018,267.3,370.86,366.0145194226438,368.9218077690575,0.4
one_lag,grouped,4,M5_history_env_full_gb,gb,Togo,2020,228.9,267.3,280.7078444946432,272.6631377978573,0.4
one_lag,grouped,4,M5_history_env_full_gb,gb,Zimbabwe,2016,58.2,87.08,80.16276402090354,84.31310560836141,0.4
one_lag,grouped,4,M5_history_env_full_gb,gb,Zimbabwe,2017,95.22,58.2,74.87410151045228,64.86964060418092,0.4
one_lag,grouped,4,M5_history_env_full_gb,gb,Zimbabwe,2018,51.0,95.22,81.46183718891456,89.71673487556582,0.4
one_lag,grouped,4,M5_history_env_full_gb,gb,Zimbabwe,2020,98.5,51.0,73.81574051434035,60.12629620573614,0.4
one_lag,grouped,4,M6_history_env_full_vc_rf,rf,Central African Republic,2016,387.55,386.75,338.42269072629153,367.4190762905166,0.4
one_lag,grouped,4,M6_history_env_full_vc_rf,rf,Central African Republic,2017,387.32,387.55,344.1382501340505,370.1853000536202,0.4
one_lag,grouped,4,M6_history_env_full_vc_rf,rf,Central African Republic,2018,347.3,387.32,334.3659279070276,366.13837116281104,0.4
one_lag,grouped,4,M6_history_env_full_vc_rf,rf,Central African Republic,2020,336.0,347.3,331.70787284030325,341.0631491361213,0.4
one_lag,grouped,4,M6_history_env_full_vc_rf,rf,Democratic Republic of the Congo,2016,310.59,317.07,280.87306850778435,302.59122740311375,0.4
one_lag,grouped,4,M6_history_env_full_vc_rf,rf,Democratic Republic of the Congo,2017,307.62,310.59,297.1055613254942,305.19622453019764,0.4
one_lag,grouped,4,M6_history_env_full_vc_rf,rf,Democratic Republic of the Congo,2018,319.8,307.62,293.10206967052346,301.8128278682094,0.4
one_lag,grouped,4,M6_history_env_full_vc_rf,rf,Democratic Republic of the Congo,2020,324.2,319.8,281.96389482707616,304.66555793083046,0.4
one_lag,grouped,4,M6_history_env_full_vc_rf,rf,Ghana,2016,271.32,272.4,295.4991262980571,281.6396505192228,0.4
one_lag,grouped,4,M6_history_env_full_vc_rf,rf,Ghana,2017,270.69,271.32,305.17676641412214,284.86270656564886,0.4
one_lag,grouped,4,M6_history_env_full_vc_rf,rf,Ghana,2018,224.3,270.69,280.19417159218943,274.4916686368758,0.4
one_lag,grouped,4,M6_history_env_full_vc_rf,rf,Ghana,2020,162.8,224.3,211.33329327236356,219.11331730894543,0.4
one_lag,grouped,4,M6_history_env_full_vc_rf,rf,Liberia,2016,194.75,200.85,214.35087819505716,206.25035127802286,0.4
one_lag,grouped,4,M6_history_env_full_vc_rf,rf,Liberia,2017,192.59,194.75,223.6842860384846,206.32371441539385,0.4
one_lag,grouped,4,M6_history_env_full_vc_rf,rf,Liberia,2018,361.5,192.59,220.18724613537506,203.62889845415003,0.4
one_lag,grouped,4,M6_history_env_full_vc_rf,rf,Liberia,2020,358.0,361.5,316.64343835703164,343.55737534281263,0.4
one_lag,grouped,4,M6_history_env_full_vc_rf,rf,Sierra Leone,2016,378.04,376.88,327.2499444908325,357.027977796333,0.4
one_lag,grouped,4,M6_history_env_full_vc_rf,rf,Sierra Leone,2017,379.71,378.04,328.8083811298323,358.3473524519329,0.4
one_lag,grouped,4,M6_history_env_full_vc_rf,rf,Sierra Leone,2018,320.4,379.71,325.76196061312686,358.1307842452507,0.4
one_lag,grouped,4,M6_history_env_full_vc_rf,rf,Sierra Leone,2020,328.2,320.4,294.26484763141457,309.9459390525658,0.4
one_lag,grouped,4,M6_history_env_full_vc_rf,rf,Togo,2016,376.39,377.65,355.0609876873129,368.61439507492514,0.4
one_lag,grouped,4,M6_history_env_full_vc_rf,rf,Togo,2017,370.86,376.39,375.64892518410545,376.0935700736422,0.4
one_lag,grouped,4,M6_history_env_full_vc_rf,rf,Togo,2018,267.3,370.86,353.13523030641596,363.7700921225664,0.4
one_lag,grouped,4,M6_history_env_full_vc_rf,rf,Togo,2020,228.9,267.3,283.3121617992505,273.7048647197002,0.4
one_lag,grouped,4,M6_history_env_full_vc_rf,rf,Zimbabwe,2016,58.2,87.08,78.8949873876058,83.80599495504232,0.4
one_lag,grouped,4,M6_history_env_full_vc_rf,rf,Zimbabwe,2017,95.22,58.2,95.59692849728053,73.15877139891222,0.4
one_lag,grouped,4,M6_history_env_full_vc_rf,rf,Zimbabwe,2018,51.0,95.22,91.80177153283486,93.85270861313394,0.4
one_lag,grouped,4,M6_history_env_full_vc_rf,rf,Zimbabwe,2020,98.5,51.0,83.51817700521038,64.00727080208415,0.4
one_lag,grouped,4,M6_history_env_full_vc_gb,gb,Central African Republic,2016,387.55,386.75,361.6365202230998,376.7046080892399,0.4
one_lag,grouped,4,M6_history_env_full_vc_gb,gb,Central African Republic,2017,387.32,387.55,369.6236308954755,380.37945235819024,0.4
one_lag,grouped,4,M6_history_env_full_vc_gb,gb,Central African Republic,2018,347.3,387.32,327.4966517574407,363.3906607029763,0.4
one_lag,grouped,4,M6_history_env_full_vc_gb,gb,Central African Republic,2020,336.0,347.3,341.7795831046629,345.0918332418652,0.4
one_lag,grouped,4,M6_history_env_full_vc_gb,gb,Democratic Republic of the Congo,2016,310.59,317.07,269.2433999571269,297.93935998285076,0.4
one_lag,grouped,4,M6_history_env_full_vc_gb,gb,Democratic Republic of the Congo,2017,307.62,310.59,278.71123839386524,297.8384953575461,0.4
one_lag,grouped,4,M6_history_env_full_vc_gb,gb,Democratic Republic of the Congo,2018,319.8,307.62,279.5257470050274,296.38229880201095,0.4
one_lag,grouped,4,M6_history_env_full_vc_gb,gb,Democratic Republic of the Congo,2020,324.2,319.8,269.2433999571269,299.57735998285074,0.4
one_lag,grouped,4,M6_history_env_full_vc_gb,gb,Ghana,2016,271.32,272.4,290.06409576762513,279.46563830705,0.4
one_lag,grouped,4,M6_history_env_full_vc_gb,gb,Ghana,2017,270.69,271.32,287.6398198912434,277.84792795649736,0.4
one_lag,grouped,4,M6_history_env_full_vc_gb,gb,Ghana,2018,224.3,270.69,276.5950460605779,273.05201842423116,0.4
one_lag,grouped,4,M6_history_env_full_vc_gb,gb,Ghana,2020,162.8,224.3,224.76590510288926,224.4863620411557,0.4
one_lag,grouped,4,M6_history_env_full_vc_gb,gb,Liberia,2016,194.75,200.85,198.21102484407567,199.79440993763026,0.4
one_lag,grouped,4,M6_history_env_full_vc_gb,gb,Liberia,2017,192.59,194.75,212.0952074195708,201.68808296782834,0.4
one_lag,grouped,4,M6_history_env_full_vc_gb,gb,Liberia,2018,361.5,192.59,196.82018219458274,194.2820728778331,0.4
one_lag,grouped,4,M6_history_env_full_vc_gb,gb,Liberia,2020,358.0,361.5,309.35904752178556,340.6436190087142,0.4
one_lag,grouped,4,M6_history_env_full_vc_gb,gb,Sierra Leone,2016,378.04,376.88,327.5016836658732,357.12867346634926,0.4
one_lag,grouped,4,M6_history_env_full_vc_gb,gb,Sierra Leone,2017,379.71,378.04,343.1729644727178,364.09318578908716,0.4
one_lag,grouped,4,M6_history_env_full_vc_gb,gb,Sierra Leone,2018,320.4,379.71,332.85573961591695,360.96829584636674,0.4
one_lag,grouped,4,M6_history_env_full_vc_gb,gb,Sierra Leone,2020,328.2,320.4,296.2649178746709,310.74596714986836,0.4
one_lag,grouped,4,M6_history_env_full_vc_gb,gb,Togo,2016,376.39,377.65,364.21989925766877,372.2779597030675,0.4
one_lag,grouped,4,M6_history_env_full_vc_gb,gb,Togo,2017,370.86,376.39,368.55001856014997,373.25400742406,0.4
one_lag,grouped,4,M6_history_env_full_vc_gb,gb,Togo,2018,267.3,370.86,364.21989925766877,368.20395970306754,0.4
one_lag,grouped,4,M6_history_env_full_vc_gb,gb,Togo,2020,228.9,267.3,283.3097005887622,273.70388023550487,0.4
one_lag,grouped,4,M6_history_env_full_vc_gb,gb,Zimbabwe,2016,58.2,87.08,79.878685942131,84.1994743768524,0.4
one_lag,grouped,4,M6_history_env_full_vc_gb,gb,Zimbabwe,2017,95.22,58.2,80.63132561651827,67.17253024660731,0.4
one_lag,grouped,4,M6_history_env_full_vc_gb,gb,Zimbabwe,2018,51.0,95.22,85.96680389867008,91.51872155946803,0.4
one_lag,grouped,4,M6_history_env_full_vc_gb,gb,Zimbabwe,2020,98.5,51.0,73.31589242700022,59.926356970800086,0.4
one_lag,grouped,5,M0_persistence,baseline,Benin,2016,368.57,358.15,358.15,358.15,
one_lag,grouped,5,M0_persistence,baseline,Benin,2017,367.91,368.57,368.57,368.57,
one_lag,grouped,5,M0_persistence,baseline,Benin,2018,386.2,367.91,367.91,367.91,
one_lag,grouped,5,M0_persistence,baseline,Benin,2020,388.3,386.2,386.2,386.2,
one_lag,grouped,5,M0_persistence,baseline,Burundi,2016,195.1,191.91,191.91,191.91,
one_lag,grouped,5,M0_persistence,baseline,Burundi,2017,194.5,195.1,195.1,195.1,
one_lag,grouped,5,M0_persistence,baseline,Burundi,2018,250.3,194.5,194.5,194.5,
one_lag,grouped,5,M0_persistence,baseline,Burundi,2020,294.9,250.3,250.3,250.3,
one_lag,grouped,5,M0_persistence,baseline,Cameroon,2016,306.16,316.34,316.34,316.34,
one_lag,grouped,5,M0_persistence,baseline,Cameroon,2017,303.8,306.16,306.16,306.16,
one_lag,grouped,5,M0_persistence,baseline,Cameroon,2018,247.0,303.8,303.8,303.8,
one_lag,grouped,5,M0_persistence,baseline,Cameroon,2020,260.0,247.0,247.0,247.0,
one_lag,grouped,5,M0_persistence,baseline,Democratic Republic of the Congo,2016,310.59,317.07,317.07,317.07,
one_lag,grouped,5,M0_persistence,baseline,Democratic Republic of the Congo,2017,307.62,310.59,310.59,310.59,
one_lag,grouped,5,M0_persistence,baseline,Democratic Republic of the Congo,2018,319.8,307.62,307.62,307.62,
one_lag,grouped,5,M0_persistence,baseline,Democratic Republic of the Congo,2020,324.2,319.8,319.8,319.8,
one_lag,grouped,5,M0_persistence,baseline,Equatorial Guinea,2016,349.86,356.28,356.28,356.28,
one_lag,grouped,5,M0_persistence,baseline,Equatorial Guinea,2017,343.26,349.86,349.86,349.86,
one_lag,grouped,5,M0_persistence,baseline,Equatorial Guinea,2018,269.0,343.26,343.26,343.26,
one_lag,grouped,5,M0_persistence,baseline,Equatorial Guinea,2020,240.8,269.0,269.0,269.0,
one_lag,grouped,5,M0_persistence,baseline,Gambia,2016,124.59,208.63,208.63,208.63,
one_lag,grouped,5,M0_persistence,baseline,Gambia,2017,56.67,124.59,124.59,124.59,
one_lag,grouped,5,M0_persistence,baseline,Gambia,2018,66.0,56.67,56.67,56.67,
one_lag,grouped,5,M0_persistence,baseline,Gambia,2020,87.3,66.0,66.0,66.0,
one_lag,grouped,5,M0_persistence,baseline,Zambia,2016,204.19,207.89,207.89,207.89,
one_lag,grouped,5,M0_persistence,baseline,Zambia,2017,203.32,204.19,204.19,204.19,
one_lag,grouped,5,M0_persistence,baseline,Zambia,2018,156.7,203.32,203.32,203.32,
one_lag,grouped,5,M0_persistence,baseline,Zambia,2020,189.9,156.7,156.7,156.7,
one_lag,grouped,5,M1_history_rf,rf,Benin,2016,368.57,358.15,336.97192221992935,349.6787688879717,0.4
one_lag,grouped,5,M1_history_rf,rf,Benin,2017,367.91,368.57,337.40437394720203,356.1037495788808,0.4
one_lag,grouped,5,M1_history_rf,rf,Benin,2018,386.2,367.91,337.40437394720203,355.70774957888085,0.4
one_lag,grouped,5,M1_history_rf,rf,Benin,2020,388.3,386.2,378.1035495607865,382.9614198243146,0.4
one_lag,grouped,5,M1_history_rf,rf,Burundi,2016,195.1,191.91,234.53930053862499,208.96172021545,0.4
one_lag,grouped,5,M1_history_rf,rf,Burundi,2017,194.5,195.1,232.8436897566575,210.197475902663,0.4
one_lag,grouped,5,M1_history_rf,rf,Burundi,2018,250.3,194.5,232.5676547566575,209.727061902663,0.4
one_lag,grouped,5,M1_history_rf,rf,Burundi,2020,294.9,250.3,237.59518495678128,245.21807398271253,0.4
one_lag,grouped,5,M1_history_rf,rf,Cameroon,2016,306.16,316.34,342.7159190027195,326.8903676010878,0.4
one_lag,grouped,5,M1_history_rf,rf,Cameroon,2017,303.8,306.16,324.3430753569763,313.43323014279053,0.4
one_lag,grouped,5,M1_history_rf,rf,Cameroon,2018,247.0,303.8,318.4890301347543,309.6756120539017,0.4
one_lag,grouped,5,M1_history_rf,rf,Cameroon,2020,260.0,247.0,237.59518495678128,243.2380739827125,0.4
one_lag,grouped,5,M1_history_rf,rf,Democratic Republic of the Congo,2016,310.59,317.07,342.7159190027195,327.3283676010878,0.4
one_lag,grouped,5,M1_history_rf,rf,Democratic Republic of the Congo,2017,307.62,310.59,329.3946751167166,318.11187004668665,0.4
one_lag,grouped,5,M1_history_rf,rf,Democratic Republic of the Congo,2018,319.8,307.62,324.3430753569763,314.3092301427905,0.4
one_lag,grouped,5,M1_history_rf,rf,Democratic Republic of the Congo,2020,324.2,319.8,342.45450543129095,328.8618021725164,0.4
one_lag,grouped,5,M1_history_rf,rf,Equatorial Guinea,2016,349.86,356.28,334.0627099025801,347.393083961032,0.4
one_lag,grouped,5,M1_history_rf,rf,Equatorial Guinea,2017,343.26,349.86,334.24197138333346,343.6127885533334,0.4
one_lag,grouped,5,M1_history_rf,rf,Equatorial Guinea,2018,269.0,343.26,335.6638090442281,340.2215236176912,0.4
one_lag,grouped,5,M1_history_rf,rf,Equatorial Guinea,2020,240.8,269.0,242.5433722756846,258.41734891027386,0.4
one_lag,grouped,5,M1_history_rf,rf,Gambia,2016,124.59,208.63,204.23204251824512,206.87081700729806,0.4
one_lag,grouped,5,M1_history_rf,rf,Gambia,2017,56.67,124.59,107.43831024958365,117.72932409983346,0.4
one_lag,grouped,5,M1_history_rf,rf,Gambia,2018,66.0,56.67,74.2565882042892,63.70463528171568,0.4
one_lag,grouped,5,M1_history_rf,rf,Gambia,2020,87.3,66.0,71.16711690919534,68.06684676367814,0.4
one_lag,grouped,5,M1_history_rf,rf,Zambia,2016,204.19,207.89,204.1404205182451,206.39016820729802,0.4
one_lag,grouped,5,M1_history_rf,rf,Zambia,2017,203.32,204.19,204.85469061348317,204.45587624539326,0.4
one_lag,grouped,5,M1_history_rf,rf,Zambia,2018,156.7,203.32,205.49330245963705,204.18932098385483,0.4
one_lag,grouped,5,M1_history_rf,rf,Zambia,2020,189.9,156.7,184.86132108129786,167.96452843251913,0.4
one_lag,grouped,5,M1_history_gb,gb,Benin,2016,368.57,358.15,337.0016188075828,348.63322846341225,0.45
one_lag,grouped,5,M1_history_gb,gb,Benin,2017,367.91,368.57,337.0016188075828,354.36422846341225,0.45
one_lag,grouped,5,M1_history_gb,gb,Benin,2018,386.2,367.91,337.0016188075828,354.0012284634123,0.45
one_lag,grouped,5,M1_history_gb,gb,Benin,2020,388.3,386.2,374.9140291180005,381.1213131031002,0.45
one_lag,grouped,5,M1_history_gb,gb,Burundi,2016,195.1,191.91,213.12026407975387,201.45461883588925,0.45
one_lag,grouped,5,M1_history_gb,gb,Burundi,2017,194.5,195.1,213.12026407975387,203.20911883588923,0.45
one_lag,grouped,5,M1_history_gb,gb,Burundi,2018,250.3,194.5,213.12026407975387,202.87911883588924,0.45
one_lag,grouped,5,M1_history_gb,gb,Burundi,2020,294.9,250.3,238.70690139559622,245.0831056280183,0.45
one_lag,grouped,5,M1_history_gb,gb,Cameroon,2016,306.16,316.34,316.0189695293135,316.1955362881911,0.45
one_lag,grouped,5,M1_history_gb,gb,Cameroon,2017,303.8,306.16,316.0189695293135,310.5965362881911,0.45
one_lag,grouped,5,M1_history_gb,gb,Cameroon,2018,247.0,303.8,316.0189695293135,309.2985362881911,0.45
one_lag,grouped,5,M1_history_gb,gb,Cameroon,2020,260.0,247.0,238.70690139559622,243.2681056280183,0.45
one_lag,grouped,5,M1_history_gb,gb,Democratic Republic of the Congo,2016,310.59,317.07,316.0189695293135,316.5970362881911,0.45
one_lag,grouped,5,M1_history_gb,gb,Democratic Republic of the Congo,2017,307.62,310.59,316.0189695293135,313.03303628819106,0.45
one_lag,grouped,5,M1_history_gb,gb,Democratic Republic of the Congo,2018,319.8,307.62,316.0189695293135,311.3995362881911,0.45
one_lag,grouped,5,M1_history_gb,gb,Democratic Republic of the Congo,2020,324.2,319.8,316.0189695293135,318.0985362881911,0.45
one_lag,grouped,5,M1_history_gb,gb,Equatorial Guinea,2016,349.86,356.28,334.6127380783551,346.5297321352598,0.45
one_lag,grouped,5,M1_history_gb,gb,Equatorial Guinea,2017,343.26,349.86,334.6127380783551,342.9987321352598,0.45
one_lag,grouped,5,M1_history_gb,gb,Equatorial Guinea,2018,269.0,343.26,334.6127380783551,339.3687321352598,0.45
one_lag,grouped,5,M1_history_gb,gb,Equatorial Guinea,2020,240.8,269.0,238.70690139559622,255.3681056280183,0.45
one_lag,grouped,5,M1_history_gb,gb,Gambia,2016,124.59,208.63,211.0422744211941,209.71552348953733,0.45
one_lag,grouped,5,M1_history_gb,gb,Gambia,2017,56.67,124.59,118.81771187059981,121.99247034176992,0.45
one_lag,grouped,5,M1_history_gb,gb,Gambia,2018,66.0,56.67,72.9627813044808,64.00175158701636,0.45
one_lag,grouped,5,M1_history_gb,gb,Gambia,2020,87.3,66.0,72.9627813044808,69.13325158701636,0.45
one_lag,grouped,5,M1_history_gb,gb,Zambia,2016,204.19,207.89,211.0422744211941,209.30852348953732,0.45
one_lag,grouped,5,M1_history_gb,gb,Zambia,2017,203.32,204.19,211.0422744211941,207.27352348953735,0.45
one_lag,grouped,5,M1_history_gb,gb,Zambia,2018,156.7,203.32,211.0422744211941,206.79502348953733,0.45
one_lag,grouped,5,M1_history_gb,gb,Zambia,2020,189.9,156.7,192.308872586034,172.7239926637153,0.45
one_lag,grouped,5,M2_history_env_compact_rf,rf,Benin,2016,368.57,358.15,323.44603223295525,342.53321450482986,0.45
one_lag,grouped,5,M2_history_env_compact_rf,rf,Benin,2017,367.91,368.57,329.1713586237261,350.84061138067676,0.45
one_lag,grouped,5,M2_history_env_compact_rf,rf,Benin,2018,386.2,367.91,334.4486939341934,352.85241227038705,0.45
one_lag,grouped,5,M2_history_env_compact_rf,rf,Benin,2020,388.3,386.2,363.1347605753031,375.8206422588864,0.45
one_lag,grouped,5,M2_history_env_compact_rf,rf,Burundi,2016,195.1,191.91,246.0419267958741,216.26936705814336,0.45
one_lag,grouped,5,M2_history_env_compact_rf,rf,Burundi,2017,194.5,195.1,235.86019303569358,213.4420868660621,0.45
one_lag,grouped,5,M2_history_env_compact_rf,rf,Burundi,2018,250.3,194.5,244.21352042146972,216.8710841896614,0.45
one_lag,grouped,5,M2_history_env_compact_rf,rf,Burundi,2020,294.9,250.3,266.99642209998206,257.8133899449919,0.45
one_lag,grouped,5,M2_history_env_compact_rf,rf,Cameroon,2016,306.16,316.34,324.80624679356157,320.1498110571027,0.45
one_lag,grouped,5,M2_history_env_compact_rf,rf,Cameroon,2017,303.8,306.16,321.3740417981182,313.0063188091532,0.45
one_lag,grouped,5,M2_history_env_compact_rf,rf,Cameroon,2018,247.0,303.8,314.05727127024846,308.4157720716118,0.45
one_lag,grouped,5,M2_history_env_compact_rf,rf,Cameroon,2020,260.0,247.0,239.3215135272841,243.54468108727784,0.45
one_lag,grouped,5,M2_history_env_compact_rf,rf,Democratic Republic of the Congo,2016,310.59,317.07,344.4951639550729,329.4113237797828,0.45
one_lag,grouped,5,M2_history_env_compact_rf,rf,Democratic Republic of the Congo,2017,307.62,310.59,343.17503715653794,325.25326672044207,0.45
one_lag,grouped,5,M2_history_env_compact_rf,rf,Democratic Republic of the Congo,2018,319.8,307.62,336.35331585839134,320.5499921362761,0.45
one_lag,grouped,5,M2_history_env_compact_rf,rf,Democratic Republic of the Congo,2020,324.2,319.8,340.1311249895904,328.9490062453157,0.45
one_lag,grouped,5,M2_history_env_compact_rf,rf,Equatorial Guinea,2016,349.86,356.28,357.0866352736894,356.6429858731602,0.45
one_lag,grouped,5,M2_history_env_compact_rf,rf,Equatorial Guinea,2017,343.26,349.86,351.98556596214297,350.81650468296436,0.45
one_lag,grouped,5,M2_history_env_compact_rf,rf,Equatorial Guinea,2018,269.0,343.26,354.2655783689367,348.2125102660215,0.45
one_lag,grouped,5,M2_history_env_compact_rf,rf,Equatorial Guinea,2020,240.8,269.0,255.86095806133085,263.0874311275989,0.45
one_lag,grouped,5,M2_history_env_compact_rf,rf,Gambia,2016,124.59,208.63,208.32402421494228,208.49231089672404,0.45
one_lag,grouped,5,M2_history_env_compact_rf,rf,Gambia,2017,56.67,124.59,75.16537413408814,102.34891836033967,0.45
one_lag,grouped,5,M2_history_env_compact_rf,rf,Gambia,2018,66.0,56.67,75.20513381951382,65.01081021878122,0.45
one_lag,grouped,5,M2_history_env_compact_rf,rf,Gambia,2020,87.3,66.0,93.65708442125512,78.4456879895648,0.45
one_lag,grouped,5,M2_history_env_compact_rf,rf,Zambia,2016,204.19,207.89,203.24276188728246,205.7987428492771,0.45
one_lag,grouped,5,M2_history_env_compact_rf,rf,Zambia,2017,203.32,204.19,219.15349596092022,210.9235731824141,0.45
one_lag,grouped,5,M2_history_env_compact_rf,rf,Zambia,2018,156.7,203.32,214.1246546938207,208.18209461221932,0.45
one_lag,grouped,5,M2_history_env_compact_rf,rf,Zambia,2020,189.9,156.7,201.2987185927774,176.76942336674983,0.45
one_lag,grouped,5,M2_history_env_compact_gb,gb,Benin,2016,368.57,358.15,341.6006638566461,351.5302655426584,0.4
one_lag,grouped,5,M2_history_env_compact_gb,gb,Benin,2017,367.91,368.57,340.09981575790135,357.18192630316054,0.4
one_lag,grouped,5,M2_history_env_compact_gb,gb,Benin,2018,386.2,367.91,334.90579162613716,354.7083166504549,0.4
one_lag,grouped,5,M2_history_env_compact_gb,gb,Benin,2020,388.3,386.2,373.3293866755173,381.0517546702069,0.4
one_lag,grouped,5,M2_history_env_compact_gb,gb,Burundi,2016,195.1,191.91,290.0530923260908,231.16723693043633,0.4
one_lag,grouped,5,M2_history_env_compact_gb,gb,Burundi,2017,194.5,195.1,290.0530923260908,233.08123693043632,0.4
one_lag,grouped,5,M2_history_env_compact_gb,gb,Burundi,2018,250.3,194.5,289.3374456877885,232.43497827511538,0.4
one_lag,grouped,5,M2_history_env_compact_gb,gb,Burundi,2020,294.9,250.3,320.02614015472653,278.19045606189064,0.4
one_lag,grouped,5,M2_history_env_compact_gb,gb,Cameroon,2016,306.16,316.34,314.24542238389654,315.5021689535586,0.4
one_lag,grouped,5,M2_history_env_compact_gb,gb,Cameroon,2017,303.8,306.16,315.28124071989197,309.8084962879568,0.4
one_lag,grouped,5,M2_history_env_compact_gb,gb,Cameroon,2018,247.0,303.8,318.42225029018704,309.6489001160748,0.4
one_lag,grouped,5,M2_history_env_compact_gb,gb,Cameroon,2020,260.0,247.0,234.97332364911188,242.18932945964474,0.4
one_lag,grouped,5,M2_history_env_compact_gb,gb,Democratic Republic of the Congo,2016,310.59,317.07,320.04905572281467,318.26162228912585,0.4
one_lag,grouped,5,M2_history_env_compact_gb,gb,Democratic Republic of the Congo,2017,307.62,310.59,320.04905572281467,314.3736222891259,0.4
one_lag,grouped,5,M2_history_env_compact_gb,gb,Democratic Republic of the Congo,2018,319.8,307.62,320.04905572281467,312.5916222891259,0.4
one_lag,grouped,5,M2_history_env_compact_gb,gb,Democratic Republic of the Congo,2020,324.2,319.8,320.04905572281467,319.8996222891259,0.4
one_lag,grouped,5,M2_history_env_compact_gb,gb,Equatorial Guinea,2016,349.86,356.28,331.7504873414409,346.4681949365763,0.4
one_lag,grouped,5,M2_history_env_compact_gb,gb,Equatorial Guinea,2017,343.26,349.86,319.88776269498584,337.87110507799434,0.4
one_lag,grouped,5,M2_history_env_compact_gb,gb,Equatorial Guinea,2018,269.0,343.26,334.0048918487927,339.55795673951707,0.4
one_lag,grouped,5,M2_history_env_compact_gb,gb,Equatorial Guinea,2020,240.8,269.0,234.0112407638786,255.00449630555144,0.4
one_lag,grouped,5,M2_history_env_compact_gb,gb,Gambia,2016,124.59,208.63,197.55071606679462,204.19828642671786,0.4
one_lag,grouped,5,M2_history_env_compact_gb,gb,Gambia,2017,56.67,124.59,101.55934833640919,115.37773933456367,0.4
one_lag,grouped,5,M2_history_env_compact_gb,gb,Gambia,2018,66.0,56.67,74.4571057414997,63.784842296599884,0.4
one_lag,grouped,5,M2_history_env_compact_gb,gb,Gambia,2020,87.3,66.0,95.6140613535342,77.84562454141368,0.4
one_lag,grouped,5,M2_history_env_compact_gb,gb,Zambia,2016,204.19,207.89,204.35957061925885,206.47782824770354,0.4
one_lag,grouped,5,M2_history_env_compact_gb,gb,Zambia,2017,203.32,204.19,206.18099094201585,204.98639637680634,0.4
one_lag,grouped,5,M2_history_env_compact_gb,gb,Zambia,2018,156.7,203.32,204.62373367184637,203.84149346873855,0.4
one_lag,grouped,5,M2_history_env_compact_gb,gb,Zambia,2020,189.9,156.7,191.5067549455174,170.62270197820695,0.4
one_lag,grouped,5,M3_history_vc_rf,rf,Benin,2016,368.57,358.15,335.8357571465012,348.1085907159255,0.45
one_lag,grouped,5,M3_history_vc_rf,rf,Benin,2017,367.91,368.57,337.3085436475395,354.50234464139277,0.45
one_lag,grouped,5,M3_history_vc_rf,rf,Benin,2018,386.2,367.91,362.76471602477955,365.5946222111508,0.45
one_lag,grouped,5,M3_history_vc_rf,rf,Benin,2020,388.3,386.2,351.6826979853489,370.667214093407,0.45
one_lag,grouped,5,M3_history_vc_rf,rf,Burundi,2016,195.1,191.91,230.30341848227346,209.18703831702305,0.45
one_lag,grouped,5,M3_history_vc_rf,rf,Burundi,2017,194.5,195.1,223.07415075908673,207.688367841589,0.45
one_lag,grouped,5,M3_history_vc_rf,rf,Burundi,2018,250.3,194.5,227.388104478857,209.29964701548565,0.45
one_lag,grouped,5,M3_history_vc_rf,rf,Burundi,2020,294.9,250.3,238.3554869206506,244.92496911429276,0.45
one_lag,grouped,5,M3_history_vc_rf,rf,Cameroon,2016,306.16,316.34,343.6587005753108,328.63341525888984,0.45
one_lag,grouped,5,M3_history_vc_rf,rf,Cameroon,2017,303.8,306.16,321.7676112902803,313.18342508062614,0.45
one_lag,grouped,5,M3_history_vc_rf,rf,Cameroon,2018,247.0,303.8,313.0456877532177,307.960559488948,0.45
one_lag,grouped,5,M3_history_vc_rf,rf,Cameroon,2020,260.0,247.0,235.73811202055725,241.93215040925077,0.45
one_lag,grouped,5,M3_history_vc_rf,rf,Democratic Republic of the Congo,2016,310.59,317.07,340.39488576162165,327.56619859272973,0.45
one_lag,grouped,5,M3_history_vc_rf,rf,Democratic Republic of the Congo,2017,307.62,310.59,385.8028212482028,344.43576956169125,0.45
one_lag,grouped,5,M3_history_vc_rf,rf,Democratic Republic of the Congo,2018,319.8,307.62,376.6965566279344,338.7044504825705,0.45
one_lag,grouped,5,M3_history_vc_rf,rf,Democratic Republic of the Congo,2020,324.2,319.8,361.0838186318579,338.37771838433605,0.45
one_lag,grouped,5,M3_history_vc_rf,rf,Equatorial Guinea,2016,349.86,356.28,373.96722646523364,364.2392519093551,0.45
one_lag,grouped,5,M3_history_vc_rf,rf,Equatorial Guinea,2017,343.26,349.86,358.76940434760746,353.8692319564234,0.45
one_lag,grouped,5,M3_history_vc_rf,rf,Equatorial Guinea,2018,269.0,343.26,358.6335723021529,350.1781075359688,0.45
one_lag,grouped,5,M3_history_vc_rf,rf,Equatorial Guinea,2020,240.8,269.0,262.3953325791096,266.0278996605993,0.45
one_lag,grouped,5,M3_history_vc_rf,rf,Gambia,2016,124.59,208.63,207.60597786225424,208.1691900380144,0.45
one_lag,grouped,5,M3_history_vc_rf,rf,Gambia,2017,56.67,124.59,77.01007274350201,103.17903273457591,0.45
one_lag,grouped,5,M3_history_vc_rf,rf,Gambia,2018,66.0,56.67,75.45904477925716,65.12507015066572,0.45
one_lag,grouped,5,M3_history_vc_rf,rf,Gambia,2020,87.3,66.0,101.39007525458742,81.92553386456434,0.45
one_lag,grouped,5,M3_history_vc_rf,rf,Zambia,2016,204.19,207.89,201.84088404125734,205.1678978185658,0.45
one_lag,grouped,5,M3_history_vc_rf,rf,Zambia,2017,203.32,204.19,226.84367410945006,214.38415334925253,0.45
one_lag,grouped,5,M3_history_vc_rf,rf,Zambia,2018,156.7,203.32,213.39385785658502,207.85323603546325,0.45
one_lag,grouped,5,M3_history_vc_rf,rf,Zambia,2020,189.9,156.7,209.2243847666616,180.3359731449977,0.45
one_lag,grouped,5,M3_history_vc_gb,gb,Benin,2016,368.57,358.15,337.58508446703013,350.95227956346054,0.35000000000000003
one_lag,grouped,5,M3_history_vc_gb,gb,Benin,2017,367.91,368.57,332.33156399617724,355.886547398662,0.35000000000000003
one_lag,grouped,5,M3_history_vc_gb,gb,Benin,2018,386.2,367.91,354.84528646616,363.337350263156,0.35000000000000003
one_lag,grouped,5,M3_history_vc_gb,gb,Benin,2020,388.3,386.2,357.44035539822215,376.13412438937775,0.35000000000000003
one_lag,grouped,5,M3_history_vc_gb,gb,Burundi,2016,195.1,191.91,212.94311458238792,199.27159010383576,0.35000000000000003
one_lag,grouped,5,M3_history_vc_gb,gb,Burundi,2017,194.5,195.1,218.6927969274127,203.35747892459443,0.35000000000000003
one_lag,grouped,5,M3_history_vc_gb,gb,Burundi,2018,250.3,194.5,212.94311458238792,200.95509010383577,0.35000000000000003
one_lag,grouped,5,M3_history_vc_gb,gb,Burundi,2020,294.9,250.3,235.4351406293186,245.0972992202615,0.35000000000000003
one_lag,grouped,5,M3_history_vc_gb,gb,Cameroon,2016,306.16,316.34,338.24732408244876,324.00756342885705,0.35000000000000003
one_lag,grouped,5,M3_history_vc_gb,gb,Cameroon,2017,303.8,306.16,315.91501598322293,309.57425559412803,0.35000000000000003
one_lag,grouped,5,M3_history_vc_gb,gb,Cameroon,2018,247.0,303.8,307.7611359567184,305.1863975848515,0.35000000000000003
one_lag,grouped,5,M3_history_vc_gb,gb,Cameroon,2020,260.0,247.0,236.85823573525946,243.4503825073408,0.35000000000000003
one_lag,grouped,5,M3_history_vc_gb,gb,Democratic Republic of the Congo,2016,310.59,317.07,318.766322306822,317.6637128073877,0.35000000000000003
one_lag,grouped,5,M3_history_vc_gb,gb,Democratic Republic of the Congo,2017,307.62,310.59,348.8516345574383,323.9815720951034,0.35000000000000003
one_lag,grouped,5,M3_history_vc_gb,gb,Democratic Republic of the Congo,2018,319.8,307.62,341.81614952763687,319.58865233467293,0.35000000000000003
one_lag,grouped,5,M3_history_vc_gb,gb,Democratic Republic of the Congo,2020,324.2,319.8,318.766322306822,319.4382128073877,0.35000000000000003
one_lag,grouped,5,M3_history_vc_gb,gb,Equatorial Guinea,2016,349.86,356.28,339.2401315722091,350.3160460502732,0.35000000000000003
one_lag,grouped,5,M3_history_vc_gb,gb,Equatorial Guinea,2017,343.26,349.86,328.90136123845525,342.52447643345937,0.35000000000000003
one_lag,grouped,5,M3_history_vc_gb,gb,Equatorial Guinea,2018,269.0,343.26,328.90136123845525,338.23447643345935,0.35000000000000003
one_lag,grouped,5,M3_history_vc_gb,gb,Equatorial Guinea,2020,240.8,269.0,243.8452293826369,260.19583028392293,0.35000000000000003
one_lag,grouped,5,M3_history_vc_gb,gb,Gambia,2016,124.59,208.63,203.92082398542328,206.98178839489813,0.35000000000000003
one_lag,grouped,5,M3_history_vc_gb,gb,Gambia,2017,56.67,124.59,114.74825970814265,121.14539089784994,0.35000000000000003
one_lag,grouped,5,M3_history_vc_gb,gb,Gambia,2018,66.0,56.67,84.10600929816887,66.27260325435911,0.35000000000000003
one_lag,grouped,5,M3_history_vc_gb,gb,Gambia,2020,87.3,66.0,91.12034020277126,74.79211907096995,0.35000000000000003
one_lag,grouped,5,M3_history_vc_gb,gb,Zambia,2016,204.19,207.89,204.1244380945709,206.5720533330998,0.35000000000000003
one_lag,grouped,5,M3_history_vc_gb,gb,Zambia,2017,203.32,204.19,211.7820768760829,206.847226906629,0.35000000000000003
one_lag,grouped,5,M3_history_vc_gb,gb,Zambia,2018,156.7,203.32,210.26655889636476,205.75129561372765,0.35000000000000003
one_lag,grouped,5,M3_history_vc_gb,gb,Zambia,2020,189.9,156.7,198.76197699563645,171.42169194847276,0.35000000000000003
one_lag,grouped,5,M4_history_env_compact_vc_rf,rf,Benin,2016,368.57,358.15,324.2979916588856,342.9165962464985,0.45
one_lag,grouped,5,M4_history_env_compact_vc_rf,rf,Benin,2017,367.91,368.57,328.94337783527635,350.73802002587433,0.45
one_lag,grouped,5,M4_history_env_compact_vc_rf,rf,Benin,2018,386.2,367.91,335.9393091864646,353.52318913390906,0.45
one_lag,grouped,5,M4_history_env_compact_vc_rf,rf,Benin,2020,388.3,386.2,359.5903116197718,374.2256402288973,0.45
one_lag,grouped,5,M4_history_env_compact_vc_rf,rf,Burundi,2016,195.1,191.91,246.04204173307605,216.26941877988423,0.45
one_lag,grouped,5,M4_history_env_compact_vc_rf,rf,Burundi,2017,194.5,195.1,238.5719758894556,214.66238915025502,0.45
one_lag,grouped,5,M4_history_env_compact_vc_rf,rf,Burundi,2018,250.3,194.5,242.3939812174835,216.05229154786758,0.45
one_lag,grouped,5,M4_history_env_compact_vc_rf,rf,Burundi,2020,294.9,250.3,267.42235062104567,258.0050577794706,0.45
one_lag,grouped,5,M4_history_env_compact_vc_rf,rf,Cameroon,2016,306.16,316.34,330.5212068396787,322.7215430778554,0.45
one_lag,grouped,5,M4_history_env_compact_vc_rf,rf,Cameroon,2017,303.8,306.16,317.3966242337708,311.2164809051969,0.45
one_lag,grouped,5,M4_history_env_compact_vc_rf,rf,Cameroon,2018,247.0,303.8,312.4915892613916,307.7112151676262,0.45
one_lag,grouped,5,M4_history_env_compact_vc_rf,rf,Cameroon,2020,260.0,247.0,234.24490187568045,241.2602058440562,0.45
one_lag,grouped,5,M4_history_env_compact_vc_rf,rf,Democratic Republic of the Congo,2016,310.59,317.07,338.40849010195586,326.67232054588015,0.45
one_lag,grouped,5,M4_history_env_compact_vc_rf,rf,Democratic Republic of the Congo,2017,307.62,310.59,352.34962922089034,329.3818331494006,0.45
one_lag,grouped,5,M4_history_env_compact_vc_rf,rf,Democratic Republic of the Congo,2018,319.8,307.62,345.56368288992303,324.69465730046534,0.45
one_lag,grouped,5,M4_history_env_compact_vc_rf,rf,Democratic Republic of the Congo,2020,324.2,319.8,339.6878660252043,328.7495397113419,0.45
one_lag,grouped,5,M4_history_env_compact_vc_rf,rf,Equatorial Guinea,2016,349.86,356.28,360.20448412245463,358.0460178551046,0.45
one_lag,grouped,5,M4_history_env_compact_vc_rf,rf,Equatorial Guinea,2017,343.26,349.86,350.722957703887,350.24833096674917,0.45
one_lag,grouped,5,M4_history_env_compact_vc_rf,rf,Equatorial Guinea,2018,269.0,343.26,356.10164427098675,349.03873992194406,0.45
one_lag,grouped,5,M4_history_env_compact_vc_rf,rf,Equatorial Guinea,2020,240.8,269.0,258.9798251366073,264.4909213114733,0.45
one_lag,grouped,5,M4_history_env_compact_vc_rf,rf,Gambia,2016,124.59,208.63,211.20272455957146,209.78772605180717,0.45
one_lag,grouped,5,M4_history_env_compact_vc_rf,rf,Gambia,2017,56.67,124.59,75.74876749206838,102.61144537143078,0.45
one_lag,grouped,5,M4_history_env_compact_vc_rf,rf,Gambia,2018,66.0,56.67,76.03593486280876,65.38467068826394,0.45
one_lag,grouped,5,M4_history_env_compact_vc_rf,rf,Gambia,2020,87.3,66.0,98.59817303857247,80.6691778673576,0.45
one_lag,grouped,5,M4_history_env_compact_vc_rf,rf,Zambia,2016,204.19,207.89,199.64729138500016,204.18078112325006,0.45
one_lag,grouped,5,M4_history_env_compact_vc_rf,rf,Zambia,2017,203.32,204.19,217.99080633296427,210.40036284983393,0.45
one_lag,grouped,5,M4_history_env_compact_vc_rf,rf,Zambia,2018,156.7,203.32,212.38440568336821,207.3989825575157,0.45
one_lag,grouped,5,M4_history_env_compact_vc_rf,rf,Zambia,2020,189.9,156.7,202.90663678740054,177.49298655433023,0.45
one_lag,grouped,5,M4_history_env_compact_vc_gb,gb,Benin,2016,368.57,358.15,340.40899418171455,352.82769825451436,0.30000000000000004
one_lag,grouped,5,M4_history_env_compact_vc_gb,gb,Benin,2017,367.91,368.57,335.8451216945332,358.7525365083599,0.30000000000000004
one_lag,grouped,5,M4_history_env_compact_vc_gb,gb,Benin,2018,386.2,367.91,341.767879368295,360.06736381048853,0.30000000000000004
one_lag,grouped,5,M4_history_env_compact_vc_gb,gb,Benin,2020,388.3,386.2,365.35942367986223,379.9478271039587,0.30000000000000004
one_lag,grouped,5,M4_history_env_compact_vc_gb,gb,Burundi,2016,195.1,191.91,284.1309980455589,219.57629941366767,0.30000000000000004
one_lag,grouped,5,M4_history_env_compact_vc_gb,gb,Burundi,2017,194.5,195.1,294.2797523662708,224.85392570988125,0.30000000000000004
one_lag,grouped,5,M4_history_env_compact_vc_gb,gb,Burundi,2018,250.3,194.5,283.80824514758797,221.2924735442764,0.30000000000000004
one_lag,grouped,5,M4_history_env_compact_vc_gb,gb,Burundi,2020,294.9,250.3,313.7114799894127,269.3234439968238,0.30000000000000004
one_lag,grouped,5,M4_history_env_compact_vc_gb,gb,Cameroon,2016,306.16,316.34,323.7519807938357,318.5635942381507,0.30000000000000004
one_lag,grouped,5,M4_history_env_compact_vc_gb,gb,Cameroon,2017,303.8,306.16,314.3301043966799,308.611031319004,0.30000000000000004
one_lag,grouped,5,M4_history_env_compact_vc_gb,gb,Cameroon,2018,247.0,303.8,316.4910889364243,307.6073266809273,0.30000000000000004
one_lag,grouped,5,M4_history_env_compact_vc_gb,gb,Cameroon,2020,260.0,247.0,241.2834594671806,245.2850378401542,0.30000000000000004
one_lag,grouped,5,M4_history_env_compact_vc_gb,gb,Democratic Republic of the Congo,2016,310.59,317.07,318.7693394218692,317.57980182656075,0.30000000000000004
one_lag,grouped,5,M4_history_env_compact_vc_gb,gb,Democratic Republic of the Congo,2017,307.62,310.59,318.59918046270485,312.99275413881145,0.30000000000000004
one_lag,grouped,5,M4_history_env_compact_vc_gb,gb,Democratic Republic of the Congo,2018,319.8,307.62,318.59918046270485,310.91375413881144,0.30000000000000004
one_lag,grouped,5,M4_history_env_compact_vc_gb,gb,Democratic Republic of the Congo,2020,324.2,319.8,318.7693394218692,319.49080182656076,0.30000000000000004
one_lag,grouped,5,M4_history_env_compact_vc_gb,gb,Equatorial Guinea,2016,349.86,356.28,331.01349066761503,348.7000472002845,0.30000000000000004
one_lag,grouped,5,M4_history_env_compact_vc_gb,gb,Equatorial Guinea,2017,343.26,349.86,318.00544237955705,340.3036327138671,0.30000000000000004
one_lag,grouped,5,M4_history_env_compact_vc_gb,gb,Equatorial Guinea,2018,269.0,343.26,330.34315038026307,339.3849451140789,0.30000000000000004
one_lag,grouped,5,M4_history_env_compact_vc_gb,gb,Equatorial Guinea,2020,240.8,269.0,233.2868771321556,258.28606313964667,0.30000000000000004
one_lag,grouped,5,M4_history_env_compact_vc_gb,gb,Gambia,2016,124.59,208.63,196.41419282943116,204.96525784882934,0.30000000000000004
one_lag,grouped,5,M4_history_env_compact_vc_gb,gb,Gambia,2017,56.67,124.59,99.60128671858881,117.09338601557664,0.30000000000000004
one_lag,grouped,5,M4_history_env_compact_vc_gb,gb,Gambia,2018,66.0,56.67,74.00074249615218,61.86922274884566,0.30000000000000004
one_lag,grouped,5,M4_history_env_compact_vc_gb,gb,Gambia,2020,87.3,66.0,93.27148390344199,74.18144517103259,0.30000000000000004
one_lag,grouped,5,M4_history_env_compact_vc_gb,gb,Zambia,2016,204.19,207.89,200.9476333811336,205.80729001434008,0.30000000000000004
one_lag,grouped,5,M4_history_env_compact_vc_gb,gb,Zambia,2017,203.32,204.19,213.8913988997076,207.10041966991227,0.30000000000000004
one_lag,grouped,5,M4_history_env_compact_vc_gb,gb,Zambia,2018,156.7,203.32,201.27753161821445,202.70725948546433,0.30000000000000004
one_lag,grouped,5,M4_history_env_compact_vc_gb,gb,Zambia,2020,189.9,156.7,199.4894052265547,169.5368215679664,0.30000000000000004
one_lag,grouped,5,M5_history_env_full_rf,rf,Benin,2016,368.57,358.15,326.99975456793214,344.13238955556943,0.45
one_lag,grouped,5,M5_history_env_full_rf,rf,Benin,2017,367.91,368.57,329.8079763709042,351.1270893669069,0.45
one_lag,grouped,5,M5_history_env_full_rf,rf,Benin,2018,386.2,367.91,360.2792482946614,364.47616173259763,0.45
one_lag,grouped,5,M5_history_env_full_rf,rf,Benin,2020,388.3,386.2,360.63166602702023,374.6942497121591,0.45
one_lag,grouped,5,M5_history_env_full_rf,rf,Burundi,2016,195.1,191.91,234.92163966359007,211.26523784861553,0.45
one_lag,grouped,5,M5_history_env_full_rf,rf,Burundi,2017,194.5,195.1,233.85101196275286,212.5379553832388,0.45
one_lag,grouped,5,M5_history_env_full_rf,rf,Burundi,2018,250.3,194.5,233.12762014811128,211.88242906665008,0.45
one_lag,grouped,5,M5_history_env_full_rf,rf,Burundi,2020,294.9,250.3,261.47308316876706,255.3278874259452,0.45
one_lag,grouped,5,M5_history_env_full_rf,rf,Cameroon,2016,306.16,316.34,352.67020033530946,332.68859015088924,0.45
one_lag,grouped,5,M5_history_env_full_rf,rf,Cameroon,2017,303.8,306.16,346.16559788309473,324.16251904739266,0.45
one_lag,grouped,5,M5_history_env_full_rf,rf,Cameroon,2018,247.0,303.8,316.8366020374616,309.66647091685775,0.45
one_lag,grouped,5,M5_history_env_full_rf,rf,Cameroon,2020,260.0,247.0,240.38275879063548,244.02224145578597,0.45
one_lag,grouped,5,M5_history_env_full_rf,rf,Democratic Republic of the Congo,2016,310.59,317.07,332.5862689930808,324.05232104688633,0.45
one_lag,grouped,5,M5_history_env_full_rf,rf,Democratic Republic of the Congo,2017,307.62,310.59,331.6926401923076,320.0861880865384,0.45
one_lag,grouped,5,M5_history_env_full_rf,rf,Democratic Republic of the Congo,2018,319.8,307.62,325.28077727119154,315.5673497720362,0.45
one_lag,grouped,5,M5_history_env_full_rf,rf,Democratic Republic of the Congo,2020,324.2,319.8,328.3823114589298,323.6620401565184,0.45
one_lag,grouped,5,M5_history_env_full_rf,rf,Equatorial Guinea,2016,349.86,356.28,379.90800710673665,366.9126031980315,0.45
one_lag,grouped,5,M5_history_env_full_rf,rf,Equatorial Guinea,2017,343.26,349.86,376.8457840467134,362.00360282102105,0.45
one_lag,grouped,5,M5_history_env_full_rf,rf,Equatorial Guinea,2018,269.0,343.26,351.08750183730126,346.78237582678554,0.45
one_lag,grouped,5,M5_history_env_full_rf,rf,Equatorial Guinea,2020,240.8,269.0,259.9990299539781,264.94956347929013,0.45
one_lag,grouped,5,M5_history_env_full_rf,rf,Gambia,2016,124.59,208.63,210.02746606839577,209.25885973077808,0.45
one_lag,grouped,5,M5_history_env_full_rf,rf,Gambia,2017,56.67,124.59,70.68090453957156,100.3309070428072,0.45
one_lag,grouped,5,M5_history_env_full_rf,rf,Gambia,2018,66.0,56.67,81.0796663772894,67.65434986978023,0.45
one_lag,grouped,5,M5_history_env_full_rf,rf,Gambia,2020,87.3,66.0,94.07605298351639,78.63422384258237,0.45
one_lag,grouped,5,M5_history_env_full_rf,rf,Zambia,2016,204.19,207.89,200.4459716164124,204.5401872273856,0.45
one_lag,grouped,5,M5_history_env_full_rf,rf,Zambia,2017,203.32,204.19,215.50110575110827,209.2799975879987,0.45
one_lag,grouped,5,M5_history_env_full_rf,rf,Zambia,2018,156.7,203.32,215.57607456273925,208.83523355323265,0.45
one_lag,grouped,5,M5_history_env_full_rf,rf,Zambia,2020,189.9,156.7,197.7855670831823,175.188505187432,0.45
one_lag,grouped,5,M5_history_env_full_gb,gb,Benin,2016,368.57,358.15,329.4219812833633,348.09519344917715,0.35000000000000003
one_lag,grouped,5,M5_history_env_full_gb,gb,Benin,2017,367.91,368.57,332.9309750965035,356.0963412837762,0.35000000000000003
one_lag,grouped,5,M5_history_env_full_gb,gb,Benin,2018,386.2,367.91,361.27676819095984,365.58836886683594,0.35000000000000003
one_lag,grouped,5,M5_history_env_full_gb,gb,Benin,2020,388.3,386.2,369.10591702153823,380.2170709575384,0.35000000000000003
one_lag,grouped,5,M5_history_env_full_gb,gb,Burundi,2016,195.1,191.91,252.9990080988582,213.29115283460038,0.35000000000000003
one_lag,grouped,5,M5_history_env_full_gb,gb,Burundi,2017,194.5,195.1,261.22972488631297,218.24540371020953,0.35000000000000003
one_lag,grouped,5,M5_history_env_full_gb,gb,Burundi,2018,250.3,194.5,249.7636778456875,213.84228724599063,0.35000000000000003
one_lag,grouped,5,M5_history_env_full_gb,gb,Burundi,2020,294.9,250.3,284.7706624720814,262.3647318652285,0.35000000000000003
one_lag,grouped,5,M5_history_env_full_gb,gb,Cameroon,2016,306.16,316.34,339.3095290167161,324.37933515585064,0.35000000000000003
one_lag,grouped,5,M5_history_env_full_gb,gb,Cameroon,2017,303.8,306.16,338.88104151673144,317.61236453085604,0.35000000000000003
one_lag,grouped,5,M5_history_env_full_gb,gb,Cameroon,2018,247.0,303.8,321.99983573241565,310.1699425063455,0.35000000000000003
one_lag,grouped,5,M5_history_env_full_gb,gb,Cameroon,2020,260.0,247.0,234.71169906157,242.6990946715495,0.35000000000000003
one_lag,grouped,5,M5_history_env_full_gb,gb,Democratic Republic of the Congo,2016,310.59,317.07,318.32113723128055,317.5078980309482,0.35000000000000003
one_lag,grouped,5,M5_history_env_full_gb,gb,Democratic Republic of the Congo,2017,307.62,310.59,318.32113723128055,313.2958980309482,0.35000000000000003
one_lag,grouped,5,M5_history_env_full_gb,gb,Democratic Republic of the Congo,2018,319.8,307.62,318.32113723128055,311.3653980309482,0.35000000000000003
one_lag,grouped,5,M5_history_env_full_gb,gb,Democratic Republic of the Congo,2020,324.2,319.8,325.6783731187055,321.8574305915469,0.35000000000000003
one_lag,grouped,5,M5_history_env_full_gb,gb,Equatorial Guinea,2016,349.86,356.28,361.769493621933,358.2013227676765,0.35000000000000003
one_lag,grouped,5,M5_history_env_full_gb,gb,Equatorial Guinea,2017,343.26,349.86,352.98366482508186,350.95328268877864,0.35000000000000003
one_lag,grouped,5,M5_history_env_full_gb,gb,Equatorial Guinea,2018,269.0,343.26,334.69037040506754,340.2606296417736,0.35000000000000003
one_lag,grouped,5,M5_history_env_full_gb,gb,Equatorial Guinea,2020,240.8,269.0,240.6225267617905,259.0678843666267,0.35000000000000003
one_lag,grouped,5,M5_history_env_full_gb,gb,Gambia,2016,124.59,208.63,196.71209681663888,204.4587338858236,0.35000000000000003
one_lag,grouped,5,M5_history_env_full_gb,gb,Gambia,2017,56.67,124.59,107.38554967275016,118.56844238546256,0.35000000000000003
one_lag,grouped,5,M5_history_env_full_gb,gb,Gambia,2018,66.0,56.67,72.4029834082371,62.176544192882986,0.35000000000000003
one_lag,grouped,5,M5_history_env_full_gb,gb,Gambia,2020,87.3,66.0,82.22882859691562,71.68009000892047,0.35000000000000003
one_lag,grouped,5,M5_history_env_full_gb,gb,Zambia,2016,204.19,207.89,205.013279352031,206.88314777321085,0.35000000000000003
one_lag,grouped,5,M5_history_env_full_gb,gb,Zambia,2017,203.32,204.19,203.70434255881185,204.02001989558414,0.35000000000000003
one_lag,grouped,5,M5_history_env_full_gb,gb,Zambia,2018,156.7,203.32,205.013279352031,203.91264777321084,0.35000000000000003
one_lag,grouped,5,M5_history_env_full_gb,gb,Zambia,2020,189.9,156.7,188.91159738723013,167.97405908553054,0.35000000000000003
one_lag,grouped,5,M6_history_env_full_vc_rf,rf,Benin,2016,368.57,358.15,325.18490665486206,343.3157079946879,0.45
one_lag,grouped,5,M6_history_env_full_vc_rf,rf,Benin,2017,367.91,368.57,329.0910395507277,350.80446779782744,0.45
one_lag,grouped,5,M6_history_env_full_vc_rf,rf,Benin,2018,386.2,367.91,366.53665210550946,367.2919934474793,0.45
one_lag,grouped,5,M6_history_env_full_vc_rf,rf,Benin,2020,388.3,386.2,354.8812727758136,372.10657274911614,0.45
one_lag,grouped,5,M6_history_env_full_vc_rf,rf,Burundi,2016,195.1,191.91,237.78577586421648,212.5540991388974,0.45
one_lag,grouped,5,M6_history_env_full_vc_rf,rf,Burundi,2017,194.5,195.1,234.60715085424027,212.87821788440812,0.45
one_lag,grouped,5,M6_history_env_full_vc_rf,rf,Burundi,2018,250.3,194.5,236.16129362911872,213.24758213310344,0.45
one_lag,grouped,5,M6_history_env_full_vc_rf,rf,Burundi,2020,294.9,250.3,260.4113293434042,254.8500982045319,0.45
one_lag,grouped,5,M6_history_env_full_vc_rf,rf,Cameroon,2016,306.16,316.34,357.9079383520148,335.04557225840665,0.45
one_lag,grouped,5,M6_history_env_full_vc_rf,rf,Cameroon,2017,303.8,306.16,345.5267398018539,323.8750329108343,0.45
one_lag,grouped,5,M6_history_env_full_vc_rf,rf,Cameroon,2018,247.0,303.8,315.9026584411186,309.2461962985034,0.45
one_lag,grouped,5,M6_history_env_full_vc_rf,rf,Cameroon,2020,260.0,247.0,236.94348804107972,242.47456961848587,0.45
one_lag,grouped,5,M6_history_env_full_vc_rf,rf,Democratic Republic of the Congo,2016,310.59,317.07,330.96320867131664,323.32194390209247,0.45
one_lag,grouped,5,M6_history_env_full_vc_rf,rf,Democratic Republic of the Congo,2017,307.62,310.59,340.72210075145716,324.1494453381557,0.45
one_lag,grouped,5,M6_history_env_full_vc_rf,rf,Democratic Republic of the Congo,2018,319.8,307.62,336.41977468341395,320.5798986075363,0.45
one_lag,grouped,5,M6_history_env_full_vc_rf,rf,Democratic Republic of the Congo,2020,324.2,319.8,331.543385520634,325.0845234842853,0.45
one_lag,grouped,5,M6_history_env_full_vc_rf,rf,Equatorial Guinea,2016,349.86,356.28,382.2141081542745,367.95034866942353,0.45
one_lag,grouped,5,M6_history_env_full_vc_rf,rf,Equatorial Guinea,2017,343.26,349.86,376.8613202774848,362.0105941248682,0.45
one_lag,grouped,5,M6_history_env_full_vc_rf,rf,Equatorial Guinea,2018,269.0,343.26,348.9191816757827,345.8066317541022,0.45
one_lag,grouped,5,M6_history_env_full_vc_rf,rf,Equatorial Guinea,2020,240.8,269.0,255.2904492080028,262.8307021436013,0.45
one_lag,grouped,5,M6_history_env_full_vc_rf,rf,Gambia,2016,124.59,208.63,211.24171953185325,209.80527378933397,0.45
one_lag,grouped,5,M6_history_env_full_vc_rf,rf,Gambia,2017,56.67,124.59,70.0604760208125,100.05171420936563,0.45
one_lag,grouped,5,M6_history_env_full_vc_rf,rf,Gambia,2018,66.0,56.67,74.24545530249496,64.57895488612273,0.45
one_lag,grouped,5,M6_history_env_full_vc_rf,rf,Gambia,2020,87.3,66.0,95.8822553423798,79.44701490407091,0.45
one_lag,grouped,5,M6_history_env_full_vc_rf,rf,Zambia,2016,204.19,207.89,204.01112395086992,206.14450577789145,0.45
one_lag,grouped,5,M6_history_env_full_vc_rf,rf,Zambia,2017,203.32,204.19,217.10501776596524,210.00175799468437,0.45
one_lag,grouped,5,M6_history_env_full_vc_rf,rf,Zambia,2018,156.7,203.32,214.31593832651194,208.26817224693036,0.45
one_lag,grouped,5,M6_history_env_full_vc_rf,rf,Zambia,2020,189.9,156.7,199.8745154901453,176.12853197056538,0.45
one_lag,grouped,5,M6_history_env_full_vc_gb,gb,Benin,2016,368.57,358.15,326.1115692895861,348.5384707868758,0.30000000000000004
one_lag,grouped,5,M6_history_env_full_vc_gb,gb,Benin,2017,367.91,368.57,328.4947199743145,356.54741599229436,0.30000000000000004
one_lag,grouped,5,M6_history_env_full_vc_gb,gb,Benin,2018,386.2,367.91,366.7209656652112,367.5532896995634,0.30000000000000004
one_lag,grouped,5,M6_history_env_full_vc_gb,gb,Benin,2020,388.3,386.2,362.93287907399554,379.2198637221986,0.30000000000000004
one_lag,grouped,5,M6_history_env_full_vc_gb,gb,Burundi,2016,195.1,191.91,247.80280043601476,208.67784013080444,0.30000000000000004
one_lag,grouped,5,M6_history_env_full_vc_gb,gb,Burundi,2017,194.5,195.1,260.99741983057595,214.86922594917277,0.30000000000000004
one_lag,grouped,5,M6_history_env_full_vc_gb,gb,Burundi,2018,250.3,194.5,246.33376484862697,210.0501294545881,0.30000000000000004
one_lag,grouped,5,M6_history_env_full_vc_gb,gb,Burundi,2020,294.9,250.3,280.1997257239286,259.2699177171786,0.30000000000000004
one_lag,grouped,5,M6_history_env_full_vc_gb,gb,Cameroon,2016,306.16,316.34,344.6191718644605,324.8237515593381,0.30000000000000004
one_lag,grouped,5,M6_history_env_full_vc_gb,gb,Cameroon,2017,303.8,306.16,335.54480626202997,314.975441878609,0.30000000000000004
one_lag,grouped,5,M6_history_env_full_vc_gb,gb,Cameroon,2018,247.0,303.8,320.07731893042404,308.6831956791272,0.30000000000000004
one_lag,grouped,5,M6_history_env_full_vc_gb,gb,Cameroon,2020,260.0,247.0,242.1592630426808,245.54777891280423,0.30000000000000004
one_lag,grouped,5,M6_history_env_full_vc_gb,gb,Democratic Republic of the Congo,2016,310.59,317.07,317.2335539582268,317.11906618746804,0.30000000000000004
one_lag,grouped,5,M6_history_env_full_vc_gb,gb,Democratic Republic of the Congo,2017,307.62,310.59,317.619912728006,312.6989738184018,0.30000000000000004
one_lag,grouped,5,M6_history_env_full_vc_gb,gb,Democratic Republic of the Congo,2018,319.8,307.62,317.619912728006,310.61997381840183,0.30000000000000004
one_lag,grouped,5,M6_history_env_full_vc_gb,gb,Democratic Republic of the Congo,2020,324.2,319.8,320.2648154376233,319.939444631287,0.30000000000000004
one_lag,grouped,5,M6_history_env_full_vc_gb,gb,Equatorial Guinea,2016,349.86,356.28,357.50848685707757,356.64854605712327,0.30000000000000004
one_lag,grouped,5,M6_history_env_full_vc_gb,gb,Equatorial Guinea,2017,343.26,349.86,348.26387434652685,349.38116230395804,0.30000000000000004
one_lag,grouped,5,M6_history_env_full_vc_gb,gb,Equatorial Guinea,2018,269.0,343.26,328.77732298901566,338.9151968967047,0.30000000000000004
one_lag,grouped,5,M6_history_env_full_vc_gb,gb,Equatorial Guinea,2020,240.8,269.0,239.48629768526328,260.145889305579,0.30000000000000004
one_lag,grouped,5,M6_history_env_full_vc_gb,gb,Gambia,2016,124.59,208.63,195.3208084661359,204.63724253984077,0.30000000000000004
one_lag,grouped,5,M6_history_env_full_vc_gb,gb,Gambia,2017,56.67,124.59,105.76981154074545,118.94394346222364,0.30000000000000004
one_lag,grouped,5,M6_history_env_full_vc_gb,gb,Gambia,2018,66.0,56.67,69.95270577609303,60.65481173282791,0.30000000000000004
one_lag,grouped,5,M6_history_env_full_vc_gb,gb,Gambia,2020,87.3,66.0,81.09417935712641,70.52825380713793,0.30000000000000004
one_lag,grouped,5,M6_history_env_full_vc_gb,gb,Zambia,2016,204.19,207.89,202.55319634610092,206.28895890383026,0.30000000000000004
one_lag,grouped,5,M6_history_env_full_vc_gb,gb,Zambia,2017,203.32,204.19,213.47511558227,206.975534674681,0.30000000000000004
one_lag,grouped,5,M6_history_env_full_vc_gb,gb,Zambia,2018,156.7,203.32,202.55319634610092,203.08995890383028,0.30000000000000004
one_lag,grouped,5,M6_history_env_full_vc_gb,gb,Zambia,2020,189.9,156.7,198.6823704106883,169.29471112320647,0.30000000000000004
one_lag,grouped,6,M0_persistence,baseline,Angola,2016,155.66,154.48,154.48,154.48,
one_lag,grouped,6,M0_persistence,baseline,Angola,2017,154.97,155.66,155.66,155.66,
one_lag,grouped,6,M0_persistence,baseline,Angola,2018,228.9,154.97,154.97,154.97,
one_lag,grouped,6,M0_persistence,baseline,Angola,2020,251.6,228.9,228.9,228.9,
one_lag,grouped,6,M0_persistence,baseline,Burundi,2016,195.1,191.91,191.91,191.91,
one_lag,grouped,6,M0_persistence,baseline,Burundi,2017,194.5,195.1,195.1,195.1,
one_lag,grouped,6,M0_persistence,baseline,Burundi,2018,250.3,194.5,194.5,194.5,
one_lag,grouped,6,M0_persistence,baseline,Burundi,2020,294.9,250.3,250.3,250.3,
one_lag,grouped,6,M0_persistence,baseline,Equatorial Guinea,2016,349.86,356.28,356.28,356.28,
one_lag,grouped,6,M0_persistence,baseline,Equatorial Guinea,2017,343.26,349.86,349.86,349.86,
one_lag,grouped,6,M0_persistence,baseline,Equatorial Guinea,2018,269.0,343.26,343.26,343.26,
one_lag,grouped,6,M0_persistence,baseline,Equatorial Guinea,2020,240.8,269.0,269.0,269.0,
one_lag,grouped,6,M0_persistence,baseline,Gambia,2016,124.59,208.63,208.63,208.63,
one_lag,grouped,6,M0_persistence,baseline,Gambia,2017,56.67,124.59,124.59,124.59,
one_lag,grouped,6,M0_persistence,baseline,Gambia,2018,66.0,56.67,56.67,56.67,
one_lag,grouped,6,M0_persistence,baseline,Gambia,2020,87.3,66.0,66.0,66.0,
one_lag,grouped,6,M0_persistence,baseline,Kenya,2016,71.23,73.15,73.15,73.15,
one_lag,grouped,6,M0_persistence,baseline,Kenya,2017,70.83,71.23,71.23,71.23,
one_lag,grouped,6,M0_persistence,baseline,Kenya,2018,70.1,70.83,70.83,70.83,
one_lag,grouped,6,M0_persistence,baseline,Kenya,2020,50.9,70.1,70.1,70.1,
one_lag,grouped,6,M0_persistence,baseline,Mozambique,2016,338.3,339.02,339.02,339.02,
one_lag,grouped,6,M0_persistence,baseline,Mozambique,2017,337.92,338.3,338.3,338.3,
one_lag,grouped,6,M0_persistence,baseline,Mozambique,2018,305.4,337.92,337.92,337.92,
one_lag,grouped,6,M0_persistence,baseline,Mozambique,2020,320.2,305.4,305.4,305.4,
one_lag,grouped,6,M0_persistence,baseline,Zambia,2016,204.19,207.89,207.89,207.89,
one_lag,grouped,6,M0_persistence,baseline,Zambia,2017,203.32,204.19,204.19,204.19,
one_lag,grouped,6,M0_persistence,baseline,Zambia,2018,156.7,203.32,203.32,203.32,
one_lag,grouped,6,M0_persistence,baseline,Zambia,2020,189.9,156.7,156.7,156.7,
one_lag,grouped,6,M1_history_rf,rf,Angola,2016,155.66,154.48,177.98440682425095,162.70654238848783,0.35000000000000003
one_lag,grouped,6,M1_history_rf,rf,Angola,2017,154.97,155.66,178.45288549091765,163.63750992182116,0.35000000000000003
one_lag,grouped,6,M1_history_rf,rf,Angola,2018,228.9,154.97,178.1086782528224,163.06853738848784,0.35000000000000003
one_lag,grouped,6,M1_history_rf,rf,Angola,2020,251.6,228.9,217.15667599105498,224.78983659686924,0.35000000000000003
one_lag,grouped,6,M1_history_rf,rf,Burundi,2016,195.1,191.91,235.1922268908202,207.05877941178707,0.35000000000000003
one_lag,grouped,6,M1_history_rf,rf,Burundi,2017,194.5,195.1,234.40052204963058,208.8551827173707,0.35000000000000003
one_lag,grouped,6,M1_history_rf,rf,Burundi,2018,250.3,194.5,234.32055254963058,208.43719339237072,0.35000000000000003
one_lag,grouped,6,M1_history_rf,rf,Burundi,2020,294.9,250.3,240.37929297452231,246.82775254108282,0.35000000000000003
one_lag,grouped,6,M1_history_rf,rf,Equatorial Guinea,2016,349.86,356.28,345.8496976341571,352.62939417195497,0.35000000000000003
one_lag,grouped,6,M1_history_rf,rf,Equatorial Guinea,2017,343.26,349.86,346.73302026518616,348.7655570928152,0.35000000000000003
one_lag,grouped,6,M1_history_rf,rf,Equatorial Guinea,2018,269.0,343.26,349.5190576955392,345.4506701934387,0.35000000000000003
one_lag,grouped,6,M1_history_rf,rf,Equatorial Guinea,2020,240.8,269.0,243.0955162771282,259.9334306969949,0.35000000000000003
one_lag,grouped,6,M1_history_rf,rf,Gambia,2016,124.59,208.63,204.0511453382947,207.02740086840313,0.35000000000000003
one_lag,grouped,6,M1_history_rf,rf,Gambia,2017,56.67,124.59,106.09460565179259,118.11661197812741,0.35000000000000003
one_lag,grouped,6,M1_history_rf,rf,Gambia,2018,66.0,56.67,75.04180454978358,63.100131592424255,0.35000000000000003
one_lag,grouped,6,M1_history_rf,rf,Gambia,2020,87.3,66.0,73.53910078787882,68.6386852757576,0.35000000000000003
one_lag,grouped,6,M1_history_rf,rf,Kenya,2016,71.23,73.15,75.7941042424243,74.07543648484851,0.35000000000000003
one_lag,grouped,6,M1_history_rf,rf,Kenya,2017,70.83,71.23,75.82076841702748,72.83676894595962,0.35000000000000003
one_lag,grouped,6,M1_history_rf,rf,Kenya,2018,70.1,70.83,75.82076841702748,72.57676894595961,0.35000000000000003
one_lag,grouped,6,M1_history_rf,rf,Kenya,2020,50.9,70.1,75.75514941702747,72.07930229595961,0.35000000000000003
one_lag,grouped,6,M1_history_rf,rf,Mozambique,2016,338.3,339.02,354.2748866630866,344.3592103320803,0.35000000000000003
one_lag,grouped,6,M1_history_rf,rf,Mozambique,2017,337.92,338.3,353.9724133932454,343.7853446876359,0.35000000000000003
one_lag,grouped,6,M1_history_rf,rf,Mozambique,2018,305.4,337.92,353.9724133932454,343.5383446876359,0.35000000000000003
one_lag,grouped,6,M1_history_rf,rf,Mozambique,2020,320.2,305.4,303.19582769386193,304.62853969285163,0.35000000000000003
one_lag,grouped,6,M1_history_rf,rf,Zambia,2016,204.19,207.89,203.85384105690943,206.47734436991828,0.35000000000000003
one_lag,grouped,6,M1_history_rf,rf,Zambia,2017,203.32,204.19,205.33166377335968,204.58958232067587,0.35000000000000003
one_lag,grouped,6,M1_history_rf,rf,Zambia,2018,156.7,203.32,205.54903944002635,204.1001638040092,0.35000000000000003
one_lag,grouped,6,M1_history_rf,rf,Zambia,2020,189.9,156.7,180.22239603348626,164.93283861172017,0.35000000000000003
one_lag,grouped,6,M1_history_gb,gb,Angola,2016,155.66,154.48,174.8026624032089,163.625198081444,0.45
one_lag,grouped,6,M1_history_gb,gb,Angola,2017,154.97,155.66,174.8026624032089,164.274198081444,0.45
one_lag,grouped,6,M1_history_gb,gb,Angola,2018,228.9,154.97,174.8026624032089,163.894698081444,0.45
one_lag,grouped,6,M1_history_gb,gb,Angola,2020,251.6,228.9,213.65676313498474,222.04054341074314,0.45
one_lag,grouped,6,M1_history_gb,gb,Burundi,2016,195.1,191.91,213.72886459036218,201.72848906566298,0.45
one_lag,grouped,6,M1_history_gb,gb,Burundi,2017,194.5,195.1,213.72886459036218,203.482989065663,0.45
one_lag,grouped,6,M1_history_gb,gb,Burundi,2018,250.3,194.5,213.72886459036218,203.15298906566298,0.45
one_lag,grouped,6,M1_history_gb,gb,Burundi,2020,294.9,250.3,243.21437904646533,247.1114705709094,0.45
one_lag,grouped,6,M1_history_gb,gb,Equatorial Guinea,2016,349.86,356.28,333.2495685332121,345.91630583994544,0.45
one_lag,grouped,6,M1_history_gb,gb,Equatorial Guinea,2017,343.26,349.86,333.2495685332121,342.38530583994543,0.45
one_lag,grouped,6,M1_history_gb,gb,Equatorial Guinea,2018,269.0,343.26,333.2495685332121,338.75530583994544,0.45
one_lag,grouped,6,M1_history_gb,gb,Equatorial Guinea,2020,240.8,269.0,243.21437904646533,257.3964705709094,0.45
one_lag,grouped,6,M1_history_gb,gb,Gambia,2016,124.59,208.63,211.37375395498105,209.86468927974147,0.45
one_lag,grouped,6,M1_history_gb,gb,Gambia,2017,56.67,124.59,114.92385709282212,120.24023569176995,0.45
one_lag,grouped,6,M1_history_gb,gb,Gambia,2018,66.0,56.67,77.33680228970886,65.97006103036898,0.45
one_lag,grouped,6,M1_history_gb,gb,Gambia,2020,87.3,66.0,77.33680228970886,71.10156103036898,0.45
one_lag,grouped,6,M1_history_gb,gb,Kenya,2016,71.23,73.15,77.33680228970886,75.03406103036899,0.45
one_lag,grouped,6,M1_history_gb,gb,Kenya,2017,70.83,71.23,77.33680228970886,73.97806103036899,0.45
one_lag,grouped,6,M1_history_gb,gb,Kenya,2018,70.1,70.83,77.33680228970886,73.75806103036898,0.45
one_lag,grouped,6,M1_history_gb,gb,Kenya,2020,50.9,70.1,77.33680228970886,73.35656103036898,0.45
one_lag,grouped,6,M1_history_gb,gb,Mozambique,2016,338.3,339.02,333.2495685332121,336.42330583994544,0.45
one_lag,grouped,6,M1_history_gb,gb,Mozambique,2017,337.92,338.3,333.2495685332121,336.0273058399454,0.45
one_lag,grouped,6,M1_history_gb,gb,Mozambique,2018,305.4,337.92,333.2495685332121,335.8183058399454,0.45
one_lag,grouped,6,M1_history_gb,gb,Mozambique,2020,320.2,305.4,303.5906632089324,304.5857984440196,0.45
one_lag,grouped,6,M1_history_gb,gb,Zambia,2016,204.19,207.89,211.37375395498105,209.45768927974146,0.45
one_lag,grouped,6,M1_history_gb,gb,Zambia,2017,203.32,204.19,211.37375395498105,207.42268927974146,0.45
one_lag,grouped,6,M1_history_gb,gb,Zambia,2018,156.7,203.32,211.37375395498105,206.94418927974147,0.45
one_lag,grouped,6,M1_history_gb,gb,Zambia,2020,189.9,156.7,174.8026624032089,164.846198081444,0.45
one_lag,grouped,6,M2_history_env_compact_rf,rf,Angola,2016,155.66,154.48,191.0554685464404,167.28141399125414,0.35000000000000003
one_lag,grouped,6,M2_history_env_compact_rf,rf,Angola,2017,154.97,155.66,186.32526187684607,166.3928416568961,0.35000000000000003
one_lag,grouped,6,M2_history_env_compact_rf,rf,Angola,2018,228.9,154.97,185.32810805353566,165.59533781873748,0.35000000000000003
one_lag,grouped,6,M2_history_env_compact_rf,rf,Angola,2020,251.6,228.9,220.76657256124483,226.0533003964357,0.35000000000000003
one_lag,grouped,6,M2_history_env_compact_rf,rf,Burundi,2016,195.1,191.91,248.6683071218106,211.77540749263372,0.35000000000000003
one_lag,grouped,6,M2_history_env_compact_rf,rf,Burundi,2017,194.5,195.1,239.62096967130773,210.68233938495771,0.35000000000000003
one_lag,grouped,6,M2_history_env_compact_rf,rf,Burundi,2018,250.3,194.5,245.4437782233113,212.33032237815897,0.35000000000000003
one_lag,grouped,6,M2_history_env_compact_rf,rf,Burundi,2020,294.9,250.3,270.50089857271905,257.3703145004517,0.35000000000000003
one_lag,grouped,6,M2_history_env_compact_rf,rf,Equatorial Guinea,2016,349.86,356.28,346.77201715021636,352.9522060025757,0.35000000000000003
one_lag,grouped,6,M2_history_env_compact_rf,rf,Equatorial Guinea,2017,343.26,349.86,344.34815217029916,347.9308532596047,0.35000000000000003
one_lag,grouped,6,M2_history_env_compact_rf,rf,Equatorial Guinea,2018,269.0,343.26,340.92618438145564,342.44316453350945,0.35000000000000003
one_lag,grouped,6,M2_history_env_compact_rf,rf,Equatorial Guinea,2020,240.8,269.0,248.67194039420886,261.8851791379731,0.35000000000000003
one_lag,grouped,6,M2_history_env_compact_rf,rf,Gambia,2016,124.59,208.63,205.60332602381814,207.57066410833636,0.35000000000000003
one_lag,grouped,6,M2_history_env_compact_rf,rf,Gambia,2017,56.67,124.59,86.18324895493399,111.1476371342269,0.35000000000000003
one_lag,grouped,6,M2_history_env_compact_rf,rf,Gambia,2018,66.0,56.67,83.78803335464542,66.1613116741259,0.35000000000000003
one_lag,grouped,6,M2_history_env_compact_rf,rf,Gambia,2020,87.3,66.0,95.91763793806194,76.47117327832169,0.35000000000000003
one_lag,grouped,6,M2_history_env_compact_rf,rf,Kenya,2016,71.23,73.15,91.86639804784107,79.70073931674438,0.35000000000000003
one_lag,grouped,6,M2_history_env_compact_rf,rf,Kenya,2017,70.83,71.23,90.72622222388722,78.05367777836054,0.35000000000000003
one_lag,grouped,6,M2_history_env_compact_rf,rf,Kenya,2018,70.1,70.83,108.36922828793428,83.96872990077699,0.35000000000000003
one_lag,grouped,6,M2_history_env_compact_rf,rf,Kenya,2020,50.9,70.1,110.45720108136305,84.22502037847707,0.35000000000000003
one_lag,grouped,6,M2_history_env_compact_rf,rf,Mozambique,2016,338.3,339.02,342.8720197139856,340.368206899895,0.35000000000000003
one_lag,grouped,6,M2_history_env_compact_rf,rf,Mozambique,2017,337.92,338.3,339.357180996067,338.67001334862346,0.35000000000000003
one_lag,grouped,6,M2_history_env_compact_rf,rf,Mozambique,2018,305.4,337.92,347.6410845976816,341.32237960918854,0.35000000000000003
one_lag,grouped,6,M2_history_env_compact_rf,rf,Mozambique,2020,320.2,305.4,319.5589222966796,310.35562280383783,0.35000000000000003
one_lag,grouped,6,M2_history_env_compact_rf,rf,Zambia,2016,204.19,207.89,209.46161030725364,208.44006360753878,0.35000000000000003
one_lag,grouped,6,M2_history_env_compact_rf,rf,Zambia,2017,203.32,204.19,213.0339404314874,207.28537915102058,0.35000000000000003
one_lag,grouped,6,M2_history_env_compact_rf,rf,Zambia,2018,156.7,203.32,210.06547964848158,205.68091787696855,0.35000000000000003
one_lag,grouped,6,M2_history_env_compact_rf,rf,Zambia,2020,189.9,156.7,191.3506652778499,168.82773284724746,0.35000000000000003
one_lag,grouped,6,M2_history_env_compact_gb,gb,Angola,2016,155.66,154.48,170.95011024994977,160.24453858748242,0.35000000000000003
one_lag,grouped,6,M2_history_env_compact_gb,gb,Angola,2017,154.97,155.66,169.63924177738113,160.5527346220834,0.35000000000000003
one_lag,grouped,6,M2_history_env_compact_gb,gb,Angola,2018,228.9,154.97,169.63924177738113,160.1042346220834,0.35000000000000003
one_lag,grouped,6,M2_history_env_compact_gb,gb,Angola,2020,251.6,228.9,212.26262222321543,223.0769177781254,0.35000000000000003
one_lag,grouped,6,M2_history_env_compact_gb,gb,Burundi,2016,195.1,191.91,291.80102684855547,226.8718593969944,0.35000000000000003
one_lag,grouped,6,M2_history_env_compact_gb,gb,Burundi,2017,194.5,195.1,291.80102684855547,228.9453593969944,0.35000000000000003
one_lag,grouped,6,M2_history_env_compact_gb,gb,Burundi,2018,250.3,194.5,291.2179905362163,228.3512966876757,0.35000000000000003
one_lag,grouped,6,M2_history_env_compact_gb,gb,Burundi,2020,294.9,250.3,326.8643952162273,277.0975383256796,0.35000000000000003
one_lag,grouped,6,M2_history_env_compact_gb,gb,Equatorial Guinea,2016,349.86,356.28,336.4164297301161,349.3277504055406,0.35000000000000003
one_lag,grouped,6,M2_history_env_compact_gb,gb,Equatorial Guinea,2017,343.26,349.86,327.0079307999082,341.8617757799679,0.35000000000000003
one_lag,grouped,6,M2_history_env_compact_gb,gb,Equatorial Guinea,2018,269.0,343.26,321.63597822324203,335.6915923781347,0.35000000000000003
one_lag,grouped,6,M2_history_env_compact_gb,gb,Equatorial Guinea,2020,240.8,269.0,243.59816164602066,260.10935657610725,0.35000000000000003
one_lag,grouped,6,M2_history_env_compact_gb,gb,Gambia,2016,124.59,208.63,209.08326456668712,208.7886425983405,0.35000000000000003
one_lag,grouped,6,M2_history_env_compact_gb,gb,Gambia,2017,56.67,124.59,101.59410513905961,116.54143679867086,0.35000000000000003
one_lag,grouped,6,M2_history_env_compact_gb,gb,Gambia,2018,66.0,56.67,85.1067621660819,66.62286675812867,0.35000000000000003
one_lag,grouped,6,M2_history_env_compact_gb,gb,Gambia,2020,87.3,66.0,93.54822799010937,75.64187979653828,0.35000000000000003
one_lag,grouped,6,M2_history_env_compact_gb,gb,Kenya,2016,71.23,73.15,117.68675490793169,88.73786421777609,0.35000000000000003
one_lag,grouped,6,M2_history_env_compact_gb,gb,Kenya,2017,70.83,71.23,77.51249996805439,73.42887498881903,0.35000000000000003
one_lag,grouped,6,M2_history_env_compact_gb,gb,Kenya,2018,70.1,70.83,87.53119810395977,76.67541933638591,0.35000000000000003
one_lag,grouped,6,M2_history_env_compact_gb,gb,Kenya,2020,50.9,70.1,135.58047767454053,93.01816718608919,0.35000000000000003
one_lag,grouped,6,M2_history_env_compact_gb,gb,Mozambique,2016,338.3,339.02,348.6838516976255,342.40234809416893,0.35000000000000003
one_lag,grouped,6,M2_history_env_compact_gb,gb,Mozambique,2017,337.92,338.3,344.77425629748876,340.5659897041211,0.35000000000000003
one_lag,grouped,6,M2_history_env_compact_gb,gb,Mozambique,2018,305.4,337.92,348.6838516976255,341.68734809416895,0.35000000000000003
one_lag,grouped,6,M2_history_env_compact_gb,gb,Mozambique,2020,320.2,305.4,318.7387247561636,310.06855366465726,0.35000000000000003
one_lag,grouped,6,M2_history_env_compact_gb,gb,Zambia,2016,204.19,207.89,203.2916016462195,206.2805605761768,0.35000000000000003
one_lag,grouped,6,M2_history_env_compact_gb,gb,Zambia,2017,203.32,204.19,201.77558730741544,203.3449555575954,0.35000000000000003
one_lag,grouped,6,M2_history_env_compact_gb,gb,Zambia,2018,156.7,203.32,203.2916016462195,203.31006057617682,0.35000000000000003
one_lag,grouped,6,M2_history_env_compact_gb,gb,Zambia,2020,189.9,156.7,161.04326666576173,158.2201433330166,0.35000000000000003
one_lag,grouped,6,M3_history_vc_rf,rf,Angola,2016,155.66,154.48,203.47388461200106,174.07755384480043,0.4
one_lag,grouped,6,M3_history_vc_rf,rf,Angola,2017,154.97,155.66,208.85385093631743,176.93754037452698,0.4
one_lag,grouped,6,M3_history_vc_rf,rf,Angola,2018,228.9,154.97,201.77973746358722,173.6938949854349,0.4
one_lag,grouped,6,M3_history_vc_rf,rf,Angola,2020,251.6,228.9,232.92684356892934,230.51073742757174,0.4
one_lag,grouped,6,M3_history_vc_rf,rf,Burundi,2016,195.1,191.91,232.1361332567105,208.0004533026842,0.4
one_lag,grouped,6,M3_history_vc_rf,rf,Burundi,2017,194.5,195.1,228.4479037064446,208.43916148257784,0.4
one_lag,grouped,6,M3_history_vc_rf,rf,Burundi,2018,250.3,194.5,230.69055607116792,208.97622242846717,0.4
one_lag,grouped,6,M3_history_vc_rf,rf,Burundi,2020,294.9,250.3,239.42319716159867,245.94927886463947,0.4
one_lag,grouped,6,M3_history_vc_rf,rf,Equatorial Guinea,2016,349.86,356.28,368.5456886869813,361.1862754747925,0.4
one_lag,grouped,6,M3_history_vc_rf,rf,Equatorial Guinea,2017,343.26,349.86,350.96367184421104,350.30146873768444,0.4
one_lag,grouped,6,M3_history_vc_rf,rf,Equatorial Guinea,2018,269.0,343.26,350.3011785823063,346.0764714329225,0.4
one_lag,grouped,6,M3_history_vc_rf,rf,Equatorial Guinea,2020,240.8,269.0,256.14553472487796,263.8582138899512,0.4
one_lag,grouped,6,M3_history_vc_rf,rf,Gambia,2016,124.59,208.63,205.89638416874908,207.53655366749962,0.4
one_lag,grouped,6,M3_history_vc_rf,rf,Gambia,2017,56.67,124.59,77.11398759300184,105.59959503720074,0.4
one_lag,grouped,6,M3_history_vc_rf,rf,Gambia,2018,66.0,56.67,74.1666978041084,63.66867912164336,0.4
one_lag,grouped,6,M3_history_vc_rf,rf,Gambia,2020,87.3,66.0,99.39662263583222,79.35864905433289,0.4
one_lag,grouped,6,M3_history_vc_rf,rf,Kenya,2016,71.23,73.15,67.80232637284547,71.0109305491382,0.4
one_lag,grouped,6,M3_history_vc_rf,rf,Kenya,2017,70.83,71.23,70.64715453951212,70.99686181580485,0.4
one_lag,grouped,6,M3_history_vc_rf,rf,Kenya,2018,70.1,70.83,73.2939532115108,71.81558128460432,0.4
one_lag,grouped,6,M3_history_vc_rf,rf,Kenya,2020,50.9,70.1,68.63353813475024,69.51341525390009,0.4
one_lag,grouped,6,M3_history_vc_rf,rf,Mozambique,2016,338.3,339.02,333.85794280939444,336.9551771237578,0.4
one_lag,grouped,6,M3_history_vc_rf,rf,Mozambique,2017,337.92,338.3,326.37084391589775,333.5283375663591,0.4
one_lag,grouped,6,M3_history_vc_rf,rf,Mozambique,2018,305.4,337.92,325.52180858529454,332.9607234341178,0.4
one_lag,grouped,6,M3_history_vc_rf,rf,Mozambique,2020,320.2,305.4,298.1543720856843,302.5017488342737,0.4
one_lag,grouped,6,M3_history_vc_rf,rf,Zambia,2016,204.19,207.89,204.89682360624758,206.69272944249903,0.4
one_lag,grouped,6,M3_history_vc_rf,rf,Zambia,2017,203.32,204.19,227.4459388883219,213.49237555532875,0.4
one_lag,grouped,6,M3_history_vc_rf,rf,Zambia,2018,156.7,203.32,217.61692643402233,209.03877057360893,0.4
one_lag,grouped,6,M3_history_vc_rf,rf,Zambia,2020,189.9,156.7,219.20747262061266,181.70298904824506,0.4
one_lag,grouped,6,M3_history_vc_gb,gb,Angola,2016,155.66,154.48,177.17409116078534,164.6923410223534,0.45
one_lag,grouped,6,M3_history_vc_gb,gb,Angola,2017,154.97,155.66,182.28769702316873,167.64246366042593,0.45
one_lag,grouped,6,M3_history_vc_gb,gb,Angola,2018,228.9,154.97,177.92139264122758,165.2981266885524,0.45
one_lag,grouped,6,M3_history_vc_gb,gb,Angola,2020,251.6,228.9,214.33498795243338,222.34574457859503,0.45
one_lag,grouped,6,M3_history_vc_gb,gb,Burundi,2016,195.1,191.91,210.3408506157576,200.2038827770909,0.45
one_lag,grouped,6,M3_history_vc_gb,gb,Burundi,2017,194.5,195.1,216.51775524054347,204.73798985824456,0.45
one_lag,grouped,6,M3_history_vc_gb,gb,Burundi,2018,250.3,194.5,212.5472571438153,202.62126571471688,0.45
one_lag,grouped,6,M3_history_vc_gb,gb,Burundi,2020,294.9,250.3,240.8762618306621,246.05931782379795,0.45
one_lag,grouped,6,M3_history_vc_gb,gb,Equatorial Guinea,2016,349.86,356.28,331.60865936873796,345.1778967159321,0.45
one_lag,grouped,6,M3_history_vc_gb,gb,Equatorial Guinea,2017,343.26,349.86,321.2966409378473,337.0064884220313,0.45
one_lag,grouped,6,M3_history_vc_gb,gb,Equatorial Guinea,2018,269.0,343.26,321.2966409378473,333.3764884220313,0.45
one_lag,grouped,6,M3_history_vc_gb,gb,Equatorial Guinea,2020,240.8,269.0,252.6698803301205,261.6514461485542,0.45
one_lag,grouped,6,M3_history_vc_gb,gb,Gambia,2016,124.59,208.63,201.22594444501567,205.29817500025706,0.45
one_lag,grouped,6,M3_history_vc_gb,gb,Gambia,2017,56.67,124.59,109.92075217132486,117.9888384770962,0.45
one_lag,grouped,6,M3_history_vc_gb,gb,Gambia,2018,66.0,56.67,86.19293721056516,69.95532174475433,0.45
one_lag,grouped,6,M3_history_vc_gb,gb,Gambia,2020,87.3,66.0,93.48678509506703,78.36905329278017,0.45
one_lag,grouped,6,M3_history_vc_gb,gb,Kenya,2016,71.23,73.15,72.3375157569976,72.78438209064892,0.45
one_lag,grouped,6,M3_history_vc_gb,gb,Kenya,2017,70.83,71.23,72.3375157569976,71.72838209064892,0.45
one_lag,grouped,6,M3_history_vc_gb,gb,Kenya,2018,70.1,70.83,74.02709648238097,72.26869341707143,0.45
one_lag,grouped,6,M3_history_vc_gb,gb,Kenya,2020,50.9,70.1,72.3375157569976,71.10688209064892,0.45
one_lag,grouped,6,M3_history_vc_gb,gb,Mozambique,2016,338.3,339.02,333.00063146036706,336.3112841571652,0.45
one_lag,grouped,6,M3_history_vc_gb,gb,Mozambique,2017,337.92,338.3,330.35108867213063,334.7229899024588,0.45
one_lag,grouped,6,M3_history_vc_gb,gb,Mozambique,2018,305.4,337.92,330.57967393270883,334.616853269719,0.45
one_lag,grouped,6,M3_history_vc_gb,gb,Mozambique,2020,320.2,305.4,304.28191371635023,304.8968611723576,0.45
one_lag,grouped,6,M3_history_vc_gb,gb,Zambia,2016,204.19,207.89,202.22209788108978,205.3394440464904,0.45
one_lag,grouped,6,M3_history_vc_gb,gb,Zambia,2017,203.32,204.19,214.33498795243338,208.755244578595,0.45
one_lag,grouped,6,M3_history_vc_gb,gb,Zambia,2018,156.7,203.32,210.69774980284643,206.63998741128088,0.45
one_lag,grouped,6,M3_history_vc_gb,gb,Zambia,2020,189.9,156.7,186.42761585238262,170.07742713357217,0.45
one_lag,grouped,6,M4_history_env_compact_vc_rf,rf,Angola,2016,155.66,154.48,192.30753666998407,167.71963783449442,0.35000000000000003
one_lag,grouped,6,M4_history_env_compact_vc_rf,rf,Angola,2017,154.97,155.66,191.48915968080652,168.20020588828228,0.35000000000000003
one_lag,grouped,6,M4_history_env_compact_vc_rf,rf,Angola,2018,228.9,154.97,183.88020805052273,165.08857281768294,0.35000000000000003
one_lag,grouped,6,M4_history_env_compact_vc_rf,rf,Angola,2020,251.6,228.9,222.0757947327331,226.5115281564566,0.35000000000000003
one_lag,grouped,6,M4_history_env_compact_vc_rf,rf,Burundi,2016,195.1,191.91,245.75419287881348,210.7554675075847,0.35000000000000003
one_lag,grouped,6,M4_history_env_compact_vc_rf,rf,Burundi,2017,194.5,195.1,242.57451085316976,211.7160787986094,0.35000000000000003
one_lag,grouped,6,M4_history_env_compact_vc_rf,rf,Burundi,2018,250.3,194.5,246.02340393914193,212.53319137869968,0.35000000000000003
one_lag,grouped,6,M4_history_env_compact_vc_rf,rf,Burundi,2020,294.9,250.3,264.6539760757956,255.32389162652845,0.35000000000000003
one_lag,grouped,6,M4_history_env_compact_vc_rf,rf,Equatorial Guinea,2016,349.86,356.28,351.59247296406045,354.63936553742116,0.35000000000000003
one_lag,grouped,6,M4_history_env_compact_vc_rf,rf,Equatorial Guinea,2017,343.26,349.86,348.2438576239402,349.2943501683791,0.35000000000000003
one_lag,grouped,6,M4_history_env_compact_vc_rf,rf,Equatorial Guinea,2018,269.0,343.26,342.14152932238375,342.8685352628343,0.35000000000000003
one_lag,grouped,6,M4_history_env_compact_vc_rf,rf,Equatorial Guinea,2020,240.8,269.0,250.68323231137722,262.589131308982,0.35000000000000003
one_lag,grouped,6,M4_history_env_compact_vc_rf,rf,Gambia,2016,124.59,208.63,201.76754107778146,206.2281393772235,0.35000000000000003
one_lag,grouped,6,M4_history_env_compact_vc_rf,rf,Gambia,2017,56.67,124.59,86.41999295443449,111.23049753405208,0.35000000000000003
one_lag,grouped,6,M4_history_env_compact_vc_rf,rf,Gambia,2018,66.0,56.67,84.63112616003613,66.45639415601265,0.35000000000000003
one_lag,grouped,6,M4_history_env_compact_vc_rf,rf,Gambia,2020,87.3,66.0,98.66121790902791,77.43142626815977,0.35000000000000003
one_lag,grouped,6,M4_history_env_compact_vc_rf,rf,Kenya,2016,71.23,73.15,90.90781017832167,79.36523356241258,0.35000000000000003
one_lag,grouped,6,M4_history_env_compact_vc_rf,rf,Kenya,2017,70.83,71.23,90.33819815234766,77.91786935332168,0.35000000000000003
one_lag,grouped,6,M4_history_env_compact_vc_rf,rf,Kenya,2018,70.1,70.83,109.22490114720469,84.26821540152164,0.35000000000000003
one_lag,grouped,6,M4_history_env_compact_vc_rf,rf,Kenya,2020,50.9,70.1,111.03738929439083,84.4280862530368,0.35000000000000003
one_lag,grouped,6,M4_history_env_compact_vc_rf,rf,Mozambique,2016,338.3,339.02,335.58729240646284,337.81855234226197,0.35000000000000003
one_lag,grouped,6,M4_history_env_compact_vc_rf,rf,Mozambique,2017,337.92,338.3,334.1109753085139,336.83384135797985,0.35000000000000003
one_lag,grouped,6,M4_history_env_compact_vc_rf,rf,Mozambique,2018,305.4,337.92,341.00949710385026,339.0013239863476,0.35000000000000003
one_lag,grouped,6,M4_history_env_compact_vc_rf,rf,Mozambique,2020,320.2,305.4,309.9678800390704,306.9987580136746,0.35000000000000003
one_lag,grouped,6,M4_history_env_compact_vc_rf,rf,Zambia,2016,204.19,207.89,204.53375819609798,206.7153153686343,0.35000000000000003
one_lag,grouped,6,M4_history_env_compact_vc_rf,rf,Zambia,2017,203.32,204.19,216.4120957923144,208.46773352731003,0.35000000000000003
one_lag,grouped,6,M4_history_env_compact_vc_rf,rf,Zambia,2018,156.7,203.32,210.36005169370978,205.78401809279842,0.35000000000000003
one_lag,grouped,6,M4_history_env_compact_vc_rf,rf,Zambia,2020,189.9,156.7,196.6886398220886,170.696023937731,0.35000000000000003
one_lag,grouped,6,M4_history_env_compact_vc_gb,gb,Angola,2016,155.66,154.48,170.81714686159586,160.19800140155854,0.35000000000000003
one_lag,grouped,6,M4_history_env_compact_vc_gb,gb,Angola,2017,154.97,155.66,169.50627838902722,160.5061974361595,0.35000000000000003
one_lag,grouped,6,M4_history_env_compact_vc_gb,gb,Angola,2018,228.9,154.97,166.02241936866506,158.83834677903278,0.35000000000000003
one_lag,grouped,6,M4_history_env_compact_vc_gb,gb,Angola,2020,251.6,228.9,217.1130560306321,224.77456961072124,0.35000000000000003
one_lag,grouped,6,M4_history_env_compact_vc_gb,gb,Burundi,2016,195.1,191.91,284.86770450578507,224.44519657702477,0.35000000000000003
one_lag,grouped,6,M4_history_env_compact_vc_gb,gb,Burundi,2017,194.5,195.1,300.0320967796518,231.82623387287813,0.35000000000000003
one_lag,grouped,6,M4_history_env_compact_vc_gb,gb,Burundi,2018,250.3,194.5,284.86770450578507,226.12869657702478,0.35000000000000003
one_lag,grouped,6,M4_history_env_compact_vc_gb,gb,Burundi,2020,294.9,250.3,317.4012677035637,273.7854436962473,0.35000000000000003
one_lag,grouped,6,M4_history_env_compact_vc_gb,gb,Equatorial Guinea,2016,349.86,356.28,329.8259679990157,347.02108879965544,0.35000000000000003
one_lag,grouped,6,M4_history_env_compact_vc_gb,gb,Equatorial Guinea,2017,343.26,349.86,320.3933254523484,339.54666390832193,0.35000000000000003
one_lag,grouped,6,M4_history_env_compact_vc_gb,gb,Equatorial Guinea,2018,269.0,343.26,318.99158983661283,334.7660564428145,0.35000000000000003
one_lag,grouped,6,M4_history_env_compact_vc_gb,gb,Equatorial Guinea,2020,240.8,269.0,237.97016868310288,258.139559039086,0.35000000000000003
one_lag,grouped,6,M4_history_env_compact_vc_gb,gb,Gambia,2016,124.59,208.63,199.96612675187674,205.59764436315686,0.35000000000000003
one_lag,grouped,6,M4_history_env_compact_vc_gb,gb,Gambia,2017,56.67,124.59,98.40175470672173,115.42411414735261,0.35000000000000003
one_lag,grouped,6,M4_history_env_compact_vc_gb,gb,Gambia,2018,66.0,56.67,83.25274695152208,65.97396143303273,0.35000000000000003
one_lag,grouped,6,M4_history_env_compact_vc_gb,gb,Gambia,2020,87.3,66.0,91.60809287551723,74.96283250643103,0.35000000000000003
one_lag,grouped,6,M4_history_env_compact_vc_gb,gb,Kenya,2016,71.23,73.15,121.0782576412984,89.92489017445445,0.35000000000000003
one_lag,grouped,6,M4_history_env_compact_vc_gb,gb,Kenya,2017,70.83,71.23,79.85773915552221,74.24970870443278,0.35000000000000003
one_lag,grouped,6,M4_history_env_compact_vc_gb,gb,Kenya,2018,70.1,70.83,85.98409938368259,76.13393478428891,0.35000000000000003
one_lag,grouped,6,M4_history_env_compact_vc_gb,gb,Kenya,2020,50.9,70.1,134.43307593578353,92.61657657752423,0.35000000000000003
one_lag,grouped,6,M4_history_env_compact_vc_gb,gb,Mozambique,2016,338.3,339.02,343.61257228231347,340.6274002988097,0.35000000000000003
one_lag,grouped,6,M4_history_env_compact_vc_gb,gb,Mozambique,2017,337.92,338.3,342.33064674936134,339.7107263622765,0.35000000000000003
one_lag,grouped,6,M4_history_env_compact_vc_gb,gb,Mozambique,2018,305.4,337.92,345.3072641230331,340.5055424430616,0.35000000000000003
one_lag,grouped,6,M4_history_env_compact_vc_gb,gb,Mozambique,2020,320.2,305.4,314.7007678516423,308.6552687480748,0.35000000000000003
one_lag,grouped,6,M4_history_env_compact_vc_gb,gb,Zambia,2016,204.19,207.89,198.17709875138397,204.4904845629844,0.35000000000000003
one_lag,grouped,6,M4_history_env_compact_vc_gb,gb,Zambia,2017,203.32,204.19,210.08790364156573,206.254266274548,0.35000000000000003
one_lag,grouped,6,M4_history_env_compact_vc_gb,gb,Zambia,2018,156.7,203.32,196.45022073713383,200.91557725799683,0.35000000000000003
one_lag,grouped,6,M4_history_env_compact_vc_gb,gb,Zambia,2020,189.9,156.7,170.01965579691753,161.36187952892112,0.35000000000000003
one_lag,grouped,6,M5_history_env_full_rf,rf,Angola,2016,155.66,154.48,185.7386075551945,163.85758226655835,0.30000000000000004
one_lag,grouped,6,M5_history_env_full_rf,rf,Angola,2017,154.97,155.66,181.4516976931855,163.39750930795566,0.30000000000000004
one_lag,grouped,6,M5_history_env_full_rf,rf,Angola,2018,228.9,154.97,181.0527190590974,162.79481571772922,0.30000000000000004
one_lag,grouped,6,M5_history_env_full_rf,rf,Angola,2020,251.6,228.9,212.5037591060221,223.98112773180662,0.30000000000000004
one_lag,grouped,6,M5_history_env_full_rf,rf,Burundi,2016,195.1,191.91,240.7869952578682,206.57309857736047,0.30000000000000004
one_lag,grouped,6,M5_history_env_full_rf,rf,Burundi,2017,194.5,195.1,232.8946031647188,206.43838094941563,0.30000000000000004
one_lag,grouped,6,M5_history_env_full_rf,rf,Burundi,2018,250.3,194.5,238.61558552568374,207.7346756577051,0.30000000000000004
one_lag,grouped,6,M5_history_env_full_rf,rf,Burundi,2020,294.9,250.3,260.51255937333246,253.36376781199974,0.30000000000000004
one_lag,grouped,6,M5_history_env_full_rf,rf,Equatorial Guinea,2016,349.86,356.28,363.9254310084013,358.5736293025204,0.30000000000000004
one_lag,grouped,6,M5_history_env_full_rf,rf,Equatorial Guinea,2017,343.26,349.86,356.66461122242276,351.90138336672686,0.30000000000000004
one_lag,grouped,6,M5_history_env_full_rf,rf,Equatorial Guinea,2018,269.0,343.26,331.84475815497325,339.83542744649196,0.30000000000000004
one_lag,grouped,6,M5_history_env_full_rf,rf,Equatorial Guinea,2020,240.8,269.0,247.32641130128013,262.497923390384,0.30000000000000004
one_lag,grouped,6,M5_history_env_full_rf,rf,Gambia,2016,124.59,208.63,210.57358374639801,209.2130751239194,0.30000000000000004
one_lag,grouped,6,M5_history_env_full_rf,rf,Gambia,2017,56.67,124.59,84.8120568081918,112.65661704245754,0.30000000000000004
one_lag,grouped,6,M5_history_env_full_rf,rf,Gambia,2018,66.0,56.67,93.24043992252192,67.64113197675658,0.30000000000000004
one_lag,grouped,6,M5_history_env_full_rf,rf,Gambia,2020,87.3,66.0,99.48380899106445,76.04514269731933,0.30000000000000004
one_lag,grouped,6,M5_history_env_full_rf,rf,Kenya,2016,71.23,73.15,99.14123939257362,80.9473718177721,0.30000000000000004
one_lag,grouped,6,M5_history_env_full_rf,rf,Kenya,2017,70.83,71.23,98.84454544019268,79.51436363205781,0.30000000000000004
one_lag,grouped,6,M5_history_env_full_rf,rf,Kenya,2018,70.1,70.83,111.2636167325729,82.96008501977187,0.30000000000000004
one_lag,grouped,6,M5_history_env_full_rf,rf,Kenya,2020,50.9,70.1,114.25078534043723,83.34523560213117,0.30000000000000004
one_lag,grouped,6,M5_history_env_full_rf,rf,Mozambique,2016,338.3,339.02,346.25386519073936,341.1901595572218,0.30000000000000004
one_lag,grouped,6,M5_history_env_full_rf,rf,Mozambique,2017,337.92,338.3,332.3037702381454,336.50113107144364,0.30000000000000004
one_lag,grouped,6,M5_history_env_full_rf,rf,Mozambique,2018,305.4,337.92,350.8661325870018,341.8038397761006,0.30000000000000004
one_lag,grouped,6,M5_history_env_full_rf,rf,Mozambique,2020,320.2,305.4,323.96138477772445,310.9684154333173,0.30000000000000004
one_lag,grouped,6,M5_history_env_full_rf,rf,Zambia,2016,204.19,207.89,207.12195192824225,207.65958557847267,0.30000000000000004
one_lag,grouped,6,M5_history_env_full_rf,rf,Zambia,2017,203.32,204.19,215.28482364052516,207.51844709215754,0.30000000000000004
one_lag,grouped,6,M5_history_env_full_rf,rf,Zambia,2018,156.7,203.32,214.99961574104884,206.82388472231466,0.30000000000000004
one_lag,grouped,6,M5_history_env_full_rf,rf,Zambia,2020,189.9,156.7,190.82600141954535,166.9378004258636,0.30000000000000004
one_lag,grouped,6,M5_history_env_full_gb,gb,Angola,2016,155.66,154.48,171.34066611315686,159.53819983394706,0.30000000000000004
one_lag,grouped,6,M5_history_env_full_gb,gb,Angola,2017,154.97,155.66,166.3053670590099,158.85361011770297,0.30000000000000004
one_lag,grouped,6,M5_history_env_full_gb,gb,Angola,2018,228.9,154.97,166.3053670590099,158.37061011770297,0.30000000000000004
one_lag,grouped,6,M5_history_env_full_gb,gb,Angola,2020,251.6,228.9,211.43251215319597,223.6597536459588,0.30000000000000004
one_lag,grouped,6,M5_history_env_full_gb,gb,Burundi,2016,195.1,191.91,271.87233328884474,215.8986999866534,0.30000000000000004
one_lag,grouped,6,M5_history_env_full_gb,gb,Burundi,2017,194.5,195.1,271.501850171154,218.0205550513462,0.30000000000000004
one_lag,grouped,6,M5_history_env_full_gb,gb,Burundi,2018,250.3,194.5,271.5592985212586,217.61778955637757,0.30000000000000004
one_lag,grouped,6,M5_history_env_full_gb,gb,Burundi,2020,294.9,250.3,307.7529383118845,267.53588149356534,0.30000000000000004
one_lag,grouped,6,M5_history_env_full_gb,gb,Equatorial Guinea,2016,349.86,356.28,348.25234982668815,353.8717049480064,0.30000000000000004
one_lag,grouped,6,M5_history_env_full_gb,gb,Equatorial Guinea,2017,343.26,349.86,345.9603634361351,348.6901090308405,0.30000000000000004
one_lag,grouped,6,M5_history_env_full_gb,gb,Equatorial Guinea,2018,269.0,343.26,317.30663580912983,335.4739907427389,0.30000000000000004
one_lag,grouped,6,M5_history_env_full_gb,gb,Equatorial Guinea,2020,240.8,269.0,242.17960875838813,260.95388262751646,0.30000000000000004
one_lag,grouped,6,M5_history_env_full_gb,gb,Gambia,2016,124.59,208.63,209.02059261528433,208.7471777845853,0.30000000000000004
one_lag,grouped,6,M5_history_env_full_gb,gb,Gambia,2017,56.67,124.59,92.5862274590492,114.98886823771475,0.30000000000000004
one_lag,grouped,6,M5_history_env_full_gb,gb,Gambia,2018,66.0,56.67,82.47872346098316,64.41261703829495,0.30000000000000004
one_lag,grouped,6,M5_history_env_full_gb,gb,Gambia,2020,87.3,66.0,81.65394818865464,70.6961844565964,0.30000000000000004
one_lag,grouped,6,M5_history_env_full_gb,gb,Kenya,2016,71.23,73.15,137.04286866946921,92.31786060084077,0.30000000000000004
one_lag,grouped,6,M5_history_env_full_gb,gb,Kenya,2017,70.83,71.23,96.15684791579423,78.70805437473827,0.30000000000000004
one_lag,grouped,6,M5_history_env_full_gb,gb,Kenya,2018,70.1,70.83,98.58352217050296,79.15605665115089,0.30000000000000004
one_lag,grouped,6,M5_history_env_full_gb,gb,Kenya,2020,50.9,70.1,143.5809439159259,92.14428317477777,0.30000000000000004
one_lag,grouped,6,M5_history_env_full_gb,gb,Mozambique,2016,338.3,339.02,346.9621912911137,341.4026573873341,0.30000000000000004
one_lag,grouped,6,M5_history_env_full_gb,gb,Mozambique,2017,337.92,338.3,339.075839188445,338.5327517565335,0.30000000000000004
one_lag,grouped,6,M5_history_env_full_gb,gb,Mozambique,2018,305.4,337.92,346.9621912911137,340.6326573873341,0.30000000000000004
one_lag,grouped,6,M5_history_env_full_gb,gb,Mozambique,2020,320.2,305.4,316.7165025190156,308.7949507557047,0.30000000000000004
one_lag,grouped,6,M5_history_env_full_gb,gb,Zambia,2016,204.19,207.89,204.787692569934,206.9593077709802,0.30000000000000004
one_lag,grouped,6,M5_history_env_full_gb,gb,Zambia,2017,203.32,204.19,205.37242719382385,204.54472815814717,0.30000000000000004
one_lag,grouped,6,M5_history_env_full_gb,gb,Zambia,2018,156.7,203.32,205.37242719382385,203.93572815814716,0.30000000000000004
one_lag,grouped,6,M5_history_env_full_gb,gb,Zambia,2020,189.9,156.7,159.51128479196385,157.54338543758914,0.30000000000000004
one_lag,grouped,6,M6_history_env_full_vc_rf,rf,Angola,2016,155.66,154.48,192.18585852463897,167.67705048362365,0.35000000000000003
one_lag,grouped,6,M6_history_env_full_vc_rf,rf,Angola,2017,154.97,155.66,188.7109219656526,167.2278226879784,0.35000000000000003
one_lag,grouped,6,M6_history_env_full_vc_rf,rf,Angola,2018,228.9,154.97,179.98108504182824,163.7238797646399,0.35000000000000003
one_lag,grouped,6,M6_history_env_full_vc_rf,rf,Angola,2020,251.6,228.9,216.08478883896996,224.41467609363949,0.35000000000000003
one_lag,grouped,6,M6_history_env_full_vc_rf,rf,Burundi,2016,195.1,191.91,233.7415563690531,206.55104472916858,0.35000000000000003
one_lag,grouped,6,M6_history_env_full_vc_rf,rf,Burundi,2017,194.5,195.1,225.92268228200442,205.88793879870155,0.35000000000000003
one_lag,grouped,6,M6_history_env_full_vc_rf,rf,Burundi,2018,250.3,194.5,233.45210189880106,208.13323566458038,0.35000000000000003
one_lag,grouped,6,M6_history_env_full_vc_rf,rf,Burundi,2020,294.9,250.3,255.43214577776507,252.09625102221779,0.35000000000000003
one_lag,grouped,6,M6_history_env_full_vc_rf,rf,Equatorial Guinea,2016,349.86,356.28,362.4634207743393,358.4441972710187,0.35000000000000003
one_lag,grouped,6,M6_history_env_full_vc_rf,rf,Equatorial Guinea,2017,343.26,349.86,355.7373847238798,351.91708465335796,0.35000000000000003
one_lag,grouped,6,M6_history_env_full_vc_rf,rf,Equatorial Guinea,2018,269.0,343.26,336.31746321464476,340.83011212512565,0.35000000000000003
one_lag,grouped,6,M6_history_env_full_vc_rf,rf,Equatorial Guinea,2020,240.8,269.0,248.85670820617696,261.9498478721619,0.35000000000000003
one_lag,grouped,6,M6_history_env_full_vc_rf,rf,Gambia,2016,124.59,208.63,211.2541746371565,209.54846112300478,0.35000000000000003
one_lag,grouped,6,M6_history_env_full_vc_rf,rf,Gambia,2017,56.67,124.59,81.0191997604588,109.34021991616058,0.35000000000000003
one_lag,grouped,6,M6_history_env_full_vc_rf,rf,Gambia,2018,66.0,56.67,86.43835682383985,67.08892488834395,0.35000000000000003
one_lag,grouped,6,M6_history_env_full_vc_rf,rf,Gambia,2020,87.3,66.0,95.56646264923678,76.34826192723287,0.35000000000000003
one_lag,grouped,6,M6_history_env_full_vc_rf,rf,Kenya,2016,71.23,73.15,93.53333151809294,80.28416603133253,0.35000000000000003
one_lag,grouped,6,M6_history_env_full_vc_rf,rf,Kenya,2017,70.83,71.23,91.90412728865573,78.46594455102951,0.35000000000000003
one_lag,grouped,6,M6_history_env_full_vc_rf,rf,Kenya,2018,70.1,70.83,109.76394498984337,84.45688074644518,0.35000000000000003
one_lag,grouped,6,M6_history_env_full_vc_rf,rf,Kenya,2020,50.9,70.1,110.62776747541336,84.28471861639467,0.35000000000000003
one_lag,grouped,6,M6_history_env_full_vc_rf,rf,Mozambique,2016,338.3,339.02,346.3269443887199,341.57743053605196,0.35000000000000003
one_lag,grouped,6,M6_history_env_full_vc_rf,rf,Mozambique,2017,337.92,338.3,333.78898955503945,336.7211463442638,0.35000000000000003
one_lag,grouped,6,M6_history_env_full_vc_rf,rf,Mozambique,2018,305.4,337.92,350.79344491885024,342.4257057215976,0.35000000000000003
one_lag,grouped,6,M6_history_env_full_vc_rf,rf,Mozambique,2020,320.2,305.4,324.70070598395137,312.15524709438296,0.35000000000000003
one_lag,grouped,6,M6_history_env_full_vc_rf,rf,Zambia,2016,204.19,207.89,203.34935615579295,206.30077465452752,0.35000000000000003
one_lag,grouped,6,M6_history_env_full_vc_rf,rf,Zambia,2017,203.32,204.19,215.8269644325652,208.2629375513978,0.35000000000000003
one_lag,grouped,6,M6_history_env_full_vc_rf,rf,Zambia,2018,156.7,203.32,212.31712349056772,206.4689932216987,0.35000000000000003
one_lag,grouped,6,M6_history_env_full_vc_rf,rf,Zambia,2020,189.9,156.7,197.2501116743677,170.89253908602868,0.35000000000000003
one_lag,grouped,6,M6_history_env_full_vc_gb,gb,Angola,2016,155.66,154.48,169.3444168962362,158.93932506887086,0.30000000000000004
one_lag,grouped,6,M6_history_env_full_vc_gb,gb,Angola,2017,154.97,155.66,164.31479355628667,158.256438066886,0.30000000000000004
one_lag,grouped,6,M6_history_env_full_vc_gb,gb,Angola,2018,228.9,154.97,163.67713520552815,157.58214056165843,0.30000000000000004
one_lag,grouped,6,M6_history_env_full_vc_gb,gb,Angola,2020,251.6,228.9,215.33726932080674,224.83118079624202,0.30000000000000004
one_lag,grouped,6,M6_history_env_full_vc_gb,gb,Burundi,2016,195.1,191.91,261.51897775186364,212.7926933255591,0.30000000000000004
one_lag,grouped,6,M6_history_env_full_vc_gb,gb,Burundi,2017,194.5,195.1,275.2557446851625,219.14672340554876,0.30000000000000004
one_lag,grouped,6,M6_history_env_full_vc_gb,gb,Burundi,2018,250.3,194.5,260.6061343666593,214.3318403099978,0.30000000000000004
one_lag,grouped,6,M6_history_env_full_vc_gb,gb,Burundi,2020,294.9,250.3,296.2092868821969,264.0727860646591,0.30000000000000004
one_lag,grouped,6,M6_history_env_full_vc_gb,gb,Equatorial Guinea,2016,349.86,356.28,345.873387343566,353.1580162030698,0.30000000000000004
one_lag,grouped,6,M6_history_env_full_vc_gb,gb,Equatorial Guinea,2017,343.26,349.86,341.9694897354915,347.4928469206475,0.30000000000000004
one_lag,grouped,6,M6_history_env_full_vc_gb,gb,Equatorial Guinea,2018,269.0,343.26,316.8048266210745,335.3234479863223,0.30000000000000004
one_lag,grouped,6,M6_history_env_full_vc_gb,gb,Equatorial Guinea,2020,240.8,269.0,239.16276038665652,260.04882811599697,0.30000000000000004
one_lag,grouped,6,M6_history_env_full_vc_gb,gb,Gambia,2016,124.59,208.63,206.30252442208257,207.93175732662476,0.30000000000000004
one_lag,grouped,6,M6_history_env_full_vc_gb,gb,Gambia,2017,56.67,124.59,91.81668839260242,114.75800651778073,0.30000000000000004
one_lag,grouped,6,M6_history_env_full_vc_gb,gb,Gambia,2018,66.0,56.67,83.16822886698422,64.61946866009527,0.30000000000000004
one_lag,grouped,6,M6_history_env_full_vc_gb,gb,Gambia,2020,87.3,66.0,83.41611054784411,71.22483316435323,0.30000000000000004
one_lag,grouped,6,M6_history_env_full_vc_gb,gb,Kenya,2016,71.23,73.15,138.16905156850314,92.65571547055094,0.30000000000000004
one_lag,grouped,6,M6_history_env_full_vc_gb,gb,Kenya,2017,70.83,71.23,97.26466398102842,79.04039919430853,0.30000000000000004
one_lag,grouped,6,M6_history_env_full_vc_gb,gb,Kenya,2018,70.1,70.83,98.48705695567679,79.12711708670304,0.30000000000000004
one_lag,grouped,6,M6_history_env_full_vc_gb,gb,Kenya,2020,50.9,70.1,147.12945902141612,93.20883770642484,0.30000000000000004
one_lag,grouped,6,M6_history_env_full_vc_gb,gb,Mozambique,2016,338.3,339.02,346.49117314509385,341.26135194352815,0.30000000000000004
one_lag,grouped,6,M6_history_env_full_vc_gb,gb,Mozambique,2017,337.92,338.3,338.3059212824063,338.3017763847219,0.30000000000000004
one_lag,grouped,6,M6_history_env_full_vc_gb,gb,Mozambique,2018,305.4,337.92,346.49117314509385,340.4913519435282,0.30000000000000004
one_lag,grouped,6,M6_history_env_full_vc_gb,gb,Mozambique,2020,320.2,305.4,315.50668472082265,308.4320054162468,0.30000000000000004
one_lag,grouped,6,M6_history_env_full_vc_gb,gb,Zambia,2016,204.19,207.89,203.67721782918642,206.6261653487559,0.30000000000000004
one_lag,grouped,6,M6_history_env_full_vc_gb,gb,Zambia,2017,203.32,204.19,208.24388218372192,205.40616465511658,0.30000000000000004
one_lag,grouped,6,M6_history_env_full_vc_gb,gb,Zambia,2018,156.7,203.32,204.26195245307628,203.60258573592287,0.30000000000000004
one_lag,grouped,6,M6_history_env_full_vc_gb,gb,Zambia,2020,189.9,156.7,163.10370616511983,158.62111184953594,0.30000000000000004
one_lag,grouped,7,M0_persistence,baseline,Benin,2016,368.57,358.15,358.15,358.15,
one_lag,grouped,7,M0_persistence,baseline,Benin,2017,367.91,368.57,368.57,368.57,
one_lag,grouped,7,M0_persistence,baseline,Benin,2018,386.2,367.91,367.91,367.91,
one_lag,grouped,7,M0_persistence,baseline,Benin,2020,388.3,386.2,386.2,386.2,
one_lag,grouped,7,M0_persistence,baseline,Burundi,2016,195.1,191.91,191.91,191.91,
one_lag,grouped,7,M0_persistence,baseline,Burundi,2017,194.5,195.1,195.1,195.1,
one_lag,grouped,7,M0_persistence,baseline,Burundi,2018,250.3,194.5,194.5,194.5,
one_lag,grouped,7,M0_persistence,baseline,Burundi,2020,294.9,250.3,250.3,250.3,
one_lag,grouped,7,M0_persistence,baseline,Democratic Republic of the Congo,2016,310.59,317.07,317.07,317.07,
one_lag,grouped,7,M0_persistence,baseline,Democratic Republic of the Congo,2017,307.62,310.59,310.59,310.59,
one_lag,grouped,7,M0_persistence,baseline,Democratic Republic of the Congo,2018,319.8,307.62,307.62,307.62,
one_lag,grouped,7,M0_persistence,baseline,Democratic Republic of the Congo,2020,324.2,319.8,319.8,319.8,
one_lag,grouped,7,M0_persistence,baseline,Malawi,2016,233.45,233.45,233.45,233.45,
one_lag,grouped,7,M0_persistence,baseline,Malawi,2017,231.1,233.45,233.45,233.45,
one_lag,grouped,7,M0_persistence,baseline,Malawi,2018,213.6,231.1,231.1,231.1,
one_lag,grouped,7,M0_persistence,baseline,Malawi,2020,228.5,213.6,213.6,213.6,
one_lag,grouped,7,M0_persistence,baseline,Sierra Leone,2016,378.04,376.88,376.88,376.88,
one_lag,grouped,7,M0_persistence,baseline,Sierra Leone,2017,379.71,378.04,378.04,378.04,
one_lag,grouped,7,M0_persistence,baseline,Sierra Leone,2018,320.4,379.71,379.71,379.71,
one_lag,grouped,7,M0_persistence,baseline,Sierra Leone,2020,328.2,320.4,320.4,320.4,
one_lag,grouped,7,M0_persistence,baseline,Uganda,2016,203.09,203.83,203.83,203.83,
one_lag,grouped,7,M0_persistence,baseline,Uganda,2017,200.66,203.09,203.09,203.09,
one_lag,grouped,7,M0_persistence,baseline,Uganda,2018,289.2,200.66,200.66,200.66,
one_lag,grouped,7,M0_persistence,baseline,Uganda,2020,283.8,289.2,289.2,289.2,
one_lag,grouped,7,M0_persistence,baseline,United Republic of Tanzania,2016,113.68,112.94,112.94,112.94,
one_lag,grouped,7,M0_persistence,baseline,United Republic of Tanzania,2017,113.86,113.68,113.68,113.68,
one_lag,grouped,7,M0_persistence,baseline,United Republic of Tanzania,2018,124.3,113.86,113.86,113.86,
one_lag,grouped,7,M0_persistence,baseline,United Republic of Tanzania,2020,120.2,124.3,124.3,124.3,
one_lag,grouped,7,M1_history_rf,rf,Benin,2016,368.57,358.15,337.9105489144654,347.01830190295595,0.55
one_lag,grouped,7,M1_history_rf,rf,Benin,2017,367.91,368.57,339.1135386348835,352.3689462491859,0.55
one_lag,grouped,7,M1_history_rf,rf,Benin,2018,386.2,367.91,338.71422253387345,351.8523223936304,0.55
one_lag,grouped,7,M1_history_rf,rf,Benin,2020,388.3,386.2,378.0421492111812,381.71318206614967,0.55
one_lag,grouped,7,M1_history_rf,rf,Burundi,2016,195.1,191.91,224.6288125147884,209.90534688313363,0.55
one_lag,grouped,7,M1_history_rf,rf,Burundi,2017,194.5,195.1,218.3283777065733,207.87560773861532,0.55
one_lag,grouped,7,M1_history_rf,rf,Burundi,2018,250.3,194.5,218.31766056371615,207.59971331004388,0.55
one_lag,grouped,7,M1_history_rf,rf,Burundi,2020,294.9,250.3,241.03619741712535,245.20490857941894,0.55
one_lag,grouped,7,M1_history_rf,rf,Democratic Republic of the Congo,2016,310.59,317.07,322.4770588145744,320.0438823480159,0.55
one_lag,grouped,7,M1_history_rf,rf,Democratic Republic of the Congo,2017,307.62,310.59,311.7347524415585,311.21961384285714,0.55
one_lag,grouped,7,M1_history_rf,rf,Democratic Republic of the Congo,2018,319.8,307.62,310.43253706060614,309.1668953833334,0.55
one_lag,grouped,7,M1_history_rf,rf,Democratic Republic of the Congo,2020,324.2,319.8,322.35864040187596,321.2072522210318,0.55
one_lag,grouped,7,M1_history_rf,rf,Malawi,2016,233.45,233.45,227.1967796186711,230.0107287902691,0.55
one_lag,grouped,7,M1_history_rf,rf,Malawi,2017,231.1,233.45,227.1967796186711,230.0107287902691,0.55
one_lag,grouped,7,M1_history_rf,rf,Malawi,2018,213.6,231.1,227.01883176152822,228.8553574688405,0.55
one_lag,grouped,7,M1_history_rf,rf,Malawi,2020,228.5,213.6,183.56058955627262,197.07832425594995,0.55
one_lag,grouped,7,M1_history_rf,rf,Sierra Leone,2016,378.04,376.88,371.2663127470344,373.79247201086895,0.55
one_lag,grouped,7,M1_history_rf,rf,Sierra Leone,2017,379.71,378.04,374.3030923790691,375.984700808488,0.55
one_lag,grouped,7,M1_history_rf,rf,Sierra Leone,2018,320.4,379.71,375.10716309335487,377.17843970134516,0.55
one_lag,grouped,7,M1_history_rf,rf,Sierra Leone,2020,328.2,320.4,322.35864040187596,321.4772522210318,0.55
one_lag,grouped,7,M1_history_rf,rf,Uganda,2016,203.09,203.83,189.16842636920404,195.76613450306223,0.55
one_lag,grouped,7,M1_history_rf,rf,Uganda,2017,200.66,203.09,189.39979022079456,195.560384621437,0.55
one_lag,grouped,7,M1_history_rf,rf,Uganda,2018,289.2,200.66,202.4085931936531,201.62172625650922,0.55
one_lag,grouped,7,M1_history_rf,rf,Uganda,2020,283.8,289.2,290.44120498556975,289.88266274206336,0.55
one_lag,grouped,7,M1_history_rf,rf,United Republic of Tanzania,2016,113.68,112.94,70.07963684776333,89.36680026626982,0.55
one_lag,grouped,7,M1_history_rf,rf,United Republic of Tanzania,2017,113.86,113.68,71.11270751442997,90.26798913293649,0.55
one_lag,grouped,7,M1_history_rf,rf,United Republic of Tanzania,2018,124.3,113.86,71.11270751442997,90.34898913293648,0.55
one_lag,grouped,7,M1_history_rf,rf,United Republic of Tanzania,2020,120.2,124.3,87.25671725085444,103.92619448796994,0.55
one_lag,grouped,7,M1_history_gb,gb,Benin,2016,368.57,358.15,337.54942357838956,343.7295965048727,0.7000000000000001
one_lag,grouped,7,M1_history_gb,gb,Benin,2017,367.91,368.57,337.54942357838956,346.85559650487266,0.7000000000000001
one_lag,grouped,7,M1_history_gb,gb,Benin,2018,386.2,367.91,337.54942357838956,346.6575965048727,0.7000000000000001
one_lag,grouped,7,M1_history_gb,gb,Benin,2020,388.3,386.2,374.50563205282293,378.01394243697604,0.7000000000000001
one_lag,grouped,7,M1_history_gb,gb,Burundi,2016,195.1,191.91,194.8355342705908,193.95787398941357,0.7000000000000001
one_lag,grouped,7,M1_history_gb,gb,Burundi,2017,194.5,195.1,194.8355342705908,194.91487398941356,0.7000000000000001
one_lag,grouped,7,M1_history_gb,gb,Burundi,2018,250.3,194.5,194.8355342705908,194.73487398941356,0.7000000000000001
one_lag,grouped,7,M1_history_gb,gb,Burundi,2020,294.9,250.3,242.62903748264287,244.93032623785,0.7000000000000001
one_lag,grouped,7,M1_history_gb,gb,Democratic Republic of the Congo,2016,310.59,317.07,308.0144443793732,310.7311110655612,0.7000000000000001
one_lag,grouped,7,M1_history_gb,gb,Democratic Republic of the Congo,2017,307.62,310.59,308.0144443793732,308.7871110655612,0.7000000000000001
one_lag,grouped,7,M1_history_gb,gb,Democratic Republic of the Congo,2018,319.8,307.62,308.0144443793732,307.89611106556123,0.7000000000000001
one_lag,grouped,7,M1_history_gb,gb,Democratic Republic of the Congo,2020,324.2,319.8,308.0144443793732,311.5501110655612,0.7000000000000001
one_lag,grouped,7,M1_history_gb,gb,Malawi,2016,233.45,233.45,232.03559447894924,232.45991613526445,0.7000000000000001
one_lag,grouped,7,M1_history_gb,gb,Malawi,2017,231.1,233.45,232.03559447894924,232.45991613526445,0.7000000000000001
one_lag,grouped,7,M1_history_gb,gb,Malawi,2018,213.6,231.1,232.03559447894924,231.75491613526447,0.7000000000000001
one_lag,grouped,7,M1_history_gb,gb,Malawi,2020,228.5,213.6,192.61952181824577,198.91366527277205,0.7000000000000001
one_lag,grouped,7,M1_history_gb,gb,Sierra Leone,2016,378.04,376.88,369.2963986155156,371.5714790308609,0.7000000000000001
one_lag,grouped,7,M1_history_gb,gb,Sierra Leone,2017,379.71,378.04,374.50563205282293,375.56594243697606,0.7000000000000001
one_lag,grouped,7,M1_history_gb,gb,Sierra Leone,2018,320.4,379.71,374.50563205282293,376.06694243697603,0.7000000000000001
one_lag,grouped,7,M1_history_gb,gb,Sierra Leone,2020,328.2,320.4,308.0144443793732,311.73011106556123,0.7000000000000001
one_lag,grouped,7,M1_history_gb,gb,Uganda,2016,203.09,203.83,193.04821714861652,196.28275200403155,0.7000000000000001
one_lag,grouped,7,M1_history_gb,gb,Uganda,2017,200.66,203.09,193.04821714861652,196.06075200403157,0.7000000000000001
one_lag,grouped,7,M1_history_gb,gb,Uganda,2018,289.2,200.66,194.3028046713481,196.20996326994367,0.7000000000000001
one_lag,grouped,7,M1_history_gb,gb,Uganda,2020,283.8,289.2,290.07204707860774,289.8104329550254,0.7000000000000001
one_lag,grouped,7,M1_history_gb,gb,United Republic of Tanzania,2016,113.68,112.94,75.83811522287378,86.96868065601164,0.7000000000000001
one_lag,grouped,7,M1_history_gb,gb,United Republic of Tanzania,2017,113.86,113.68,75.83811522287378,87.19068065601165,0.7000000000000001
one_lag,grouped,7,M1_history_gb,gb,United Republic of Tanzania,2018,124.3,113.86,75.83811522287378,87.24468065601164,0.7000000000000001
one_lag,grouped,7,M1_history_gb,gb,United Republic of Tanzania,2020,120.2,124.3,75.83811522287378,90.37668065601164,0.7000000000000001
one_lag,grouped,7,M2_history_env_compact_rf,rf,Benin,2016,368.57,358.15,335.02857048734904,346.5892852436745,0.5
one_lag,grouped,7,M2_history_env_compact_rf,rf,Benin,2017,367.91,368.57,337.21689916525423,352.8934495826271,0.5
one_lag,grouped,7,M2_history_env_compact_rf,rf,Benin,2018,386.2,367.91,321.9706209943327,344.94031049716637,0.5
one_lag,grouped,7,M2_history_env_compact_rf,rf,Benin,2020,388.3,386.2,367.69467462003144,376.9473373100157,0.5
one_lag,grouped,7,M2_history_env_compact_rf,rf,Burundi,2016,195.1,191.91,219.9063088175784,205.9081544087892,0.5
one_lag,grouped,7,M2_history_env_compact_rf,rf,Burundi,2017,194.5,195.1,213.9463541291241,204.52317706456205,0.5
one_lag,grouped,7,M2_history_env_compact_rf,rf,Burundi,2018,250.3,194.5,223.32772672915638,208.9138633645782,0.5
one_lag,grouped,7,M2_history_env_compact_rf,rf,Burundi,2020,294.9,250.3,269.1284994398206,259.7142497199103,0.5
one_lag,grouped,7,M2_history_env_compact_rf,rf,Democratic Republic of the Congo,2016,310.59,317.07,309.1301491122412,313.1000745561206,0.5
one_lag,grouped,7,M2_history_env_compact_rf,rf,Democratic Republic of the Congo,2017,307.62,310.59,304.6174961591388,307.6037480795694,0.5
one_lag,grouped,7,M2_history_env_compact_rf,rf,Democratic Republic of the Congo,2018,319.8,307.62,300.34169215841735,303.9808460792087,0.5
one_lag,grouped,7,M2_history_env_compact_rf,rf,Democratic Republic of the Congo,2020,324.2,319.8,301.4286194953582,310.6143097476791,0.5
one_lag,grouped,7,M2_history_env_compact_rf,rf,Malawi,2016,233.45,233.45,204.5707917937079,219.01039589685394,0.5
one_lag,grouped,7,M2_history_env_compact_rf,rf,Malawi,2017,231.1,233.45,211.0514288487572,222.2507144243786,0.5
one_lag,grouped,7,M2_history_env_compact_rf,rf,Malawi,2018,213.6,231.1,212.02862055110452,221.56431027555226,0.5
one_lag,grouped,7,M2_history_env_compact_rf,rf,Malawi,2020,228.5,213.6,166.32685011070717,189.96342505535358,0.5
one_lag,grouped,7,M2_history_env_compact_rf,rf,Sierra Leone,2016,378.04,376.88,357.57407706442496,367.2270385322125,0.5
one_lag,grouped,7,M2_history_env_compact_rf,rf,Sierra Leone,2017,379.71,378.04,343.507130302076,360.77356515103804,0.5
one_lag,grouped,7,M2_history_env_compact_rf,rf,Sierra Leone,2018,320.4,379.71,345.4950778597961,362.60253892989806,0.5
one_lag,grouped,7,M2_history_env_compact_rf,rf,Sierra Leone,2020,328.2,320.4,295.52431002046455,307.96215501023227,0.5
one_lag,grouped,7,M2_history_env_compact_rf,rf,Uganda,2016,203.09,203.83,192.24966822663382,198.0398341133169,0.5
one_lag,grouped,7,M2_history_env_compact_rf,rf,Uganda,2017,200.66,203.09,207.95362014272794,205.52181007136397,0.5
one_lag,grouped,7,M2_history_env_compact_rf,rf,Uganda,2018,289.2,200.66,236.8373726016624,218.7486863008312,0.5
one_lag,grouped,7,M2_history_env_compact_rf,rf,Uganda,2020,283.8,289.2,282.2714153881582,285.7357076940791,0.5
one_lag,grouped,7,M2_history_env_compact_rf,rf,United Republic of Tanzania,2016,113.68,112.94,90.96621336909323,101.95310668454661,0.5
one_lag,grouped,7,M2_history_env_compact_rf,rf,United Republic of Tanzania,2017,113.86,113.68,87.6546927550962,100.66734637754811,0.5
one_lag,grouped,7,M2_history_env_compact_rf,rf,United Republic of Tanzania,2018,124.3,113.86,108.92395095172171,111.39197547586085,0.5
one_lag,grouped,7,M2_history_env_compact_rf,rf,United Republic of Tanzania,2020,120.2,124.3,122.5064650746609,123.40323253733044,0.5
one_lag,grouped,7,M2_history_env_compact_gb,gb,Benin,2016,368.57,358.15,343.8814809245669,350.3023145085118,0.55
one_lag,grouped,7,M2_history_env_compact_gb,gb,Benin,2017,367.91,368.57,341.6272724021465,353.7514998211806,0.55
one_lag,grouped,7,M2_history_env_compact_gb,gb,Benin,2018,386.2,367.91,327.44767566954806,345.65572161825145,0.55
one_lag,grouped,7,M2_history_env_compact_gb,gb,Benin,2020,388.3,386.2,370.7636080527774,377.70998442902754,0.55
one_lag,grouped,7,M2_history_env_compact_gb,gb,Burundi,2016,195.1,191.91,265.4723510985365,232.36929310419507,0.55
one_lag,grouped,7,M2_history_env_compact_gb,gb,Burundi,2017,194.5,195.1,265.20297756129935,233.65663765871466,0.55
one_lag,grouped,7,M2_history_env_compact_gb,gb,Burundi,2018,250.3,194.5,264.9995819530773,233.27477007419253,0.55
one_lag,grouped,7,M2_history_env_compact_gb,gb,Burundi,2020,294.9,250.3,322.878414833206,290.2181281582633,0.55
one_lag,grouped,7,M2_history_env_compact_gb,gb,Democratic Republic of the Congo,2016,310.59,317.07,275.6685948546791,294.2992271700735,0.55
one_lag,grouped,7,M2_history_env_compact_gb,gb,Democratic Republic of the Congo,2017,307.62,310.59,275.6685948546791,291.3832271700735,0.55
one_lag,grouped,7,M2_history_env_compact_gb,gb,Democratic Republic of the Congo,2018,319.8,307.62,275.3035313099686,289.84594222048275,0.55
one_lag,grouped,7,M2_history_env_compact_gb,gb,Democratic Republic of the Congo,2020,324.2,319.8,275.6685948546791,295.5277271700735,0.55
one_lag,grouped,7,M2_history_env_compact_gb,gb,Malawi,2016,233.45,233.45,225.94788074817032,229.32383441149366,0.55
one_lag,grouped,7,M2_history_env_compact_gb,gb,Malawi,2017,231.1,233.45,230.00569052552535,231.55562978903893,0.55
one_lag,grouped,7,M2_history_env_compact_gb,gb,Malawi,2018,213.6,231.1,230.9293615995059,231.00614887972824,0.55
one_lag,grouped,7,M2_history_env_compact_gb,gb,Malawi,2020,228.5,213.6,167.12871605553013,188.04079383054156,0.55
one_lag,grouped,7,M2_history_env_compact_gb,gb,Sierra Leone,2016,378.04,376.88,374.4209367335102,375.5275152034306,0.55
one_lag,grouped,7,M2_history_env_compact_gb,gb,Sierra Leone,2017,379.71,378.04,341.9024492909239,358.1643471100082,0.55
one_lag,grouped,7,M2_history_env_compact_gb,gb,Sierra Leone,2018,320.4,379.71,341.9024492909239,358.91584711000814,0.55
one_lag,grouped,7,M2_history_env_compact_gb,gb,Sierra Leone,2020,328.2,320.4,299.2646915039215,308.77558032715683,0.55
one_lag,grouped,7,M2_history_env_compact_gb,gb,Uganda,2016,203.09,203.83,177.4276199221863,189.30869095720246,0.55
one_lag,grouped,7,M2_history_env_compact_gb,gb,Uganda,2017,200.66,203.09,181.1094806045567,191.0007143325062,0.55
one_lag,grouped,7,M2_history_env_compact_gb,gb,Uganda,2018,289.2,200.66,191.39396334409813,195.56367983925398,0.55
one_lag,grouped,7,M2_history_env_compact_gb,gb,Uganda,2020,283.8,289.2,255.22368036997264,270.513024203485,0.55
one_lag,grouped,7,M2_history_env_compact_gb,gb,United Republic of Tanzania,2016,113.68,112.94,98.05904548312799,104.75547501572039,0.55
one_lag,grouped,7,M2_history_env_compact_gb,gb,United Republic of Tanzania,2017,113.86,113.68,81.93959252020662,96.22277588611364,0.55
one_lag,grouped,7,M2_history_env_compact_gb,gb,United Republic of Tanzania,2018,124.3,113.86,97.42496725734894,104.82073199154192,0.55
one_lag,grouped,7,M2_history_env_compact_gb,gb,United Republic of Tanzania,2020,120.2,124.3,93.19821396677673,107.1940176817272,0.55
one_lag,grouped,7,M3_history_vc_rf,rf,Benin,2016,368.57,358.15,339.5341931902325,346.98051591413946,0.6000000000000001
one_lag,grouped,7,M3_history_vc_rf,rf,Benin,2017,367.91,368.57,340.84650952684905,351.9359057161094,0.6000000000000001
one_lag,grouped,7,M3_history_vc_rf,rf,Benin,2018,386.2,367.91,366.7281305747284,367.20087834483707,0.6000000000000001
one_lag,grouped,7,M3_history_vc_rf,rf,Benin,2020,388.3,386.2,350.9705091565476,365.0623054939286,0.6000000000000001
one_lag,grouped,7,M3_history_vc_rf,rf,Burundi,2016,195.1,191.91,210.04872385845442,202.79323431507265,0.6000000000000001
one_lag,grouped,7,M3_history_vc_rf,rf,Burundi,2017,194.5,195.1,207.98977170283518,202.83386302170112,0.6000000000000001
one_lag,grouped,7,M3_history_vc_rf,rf,Burundi,2018,250.3,194.5,209.13797536097925,203.28278521658754,0.6000000000000001
one_lag,grouped,7,M3_history_vc_rf,rf,Burundi,2020,294.9,250.3,235.46878906416288,241.40127343849773,0.6000000000000001
one_lag,grouped,7,M3_history_vc_rf,rf,Democratic Republic of the Congo,2016,310.59,317.07,305.0792445009189,309.87554670055135,0.6000000000000001
one_lag,grouped,7,M3_history_vc_rf,rf,Democratic Republic of the Congo,2017,307.62,310.59,359.9306436172778,340.19438617036667,0.6000000000000001
one_lag,grouped,7,M3_history_vc_rf,rf,Democratic Republic of the Congo,2018,319.8,307.62,357.0575996468594,337.28255978811563,0.6000000000000001
one_lag,grouped,7,M3_history_vc_rf,rf,Democratic Republic of the Congo,2020,324.2,319.8,313.8376322592162,316.2225793555297,0.6000000000000001
one_lag,grouped,7,M3_history_vc_rf,rf,Malawi,2016,233.45,233.45,224.42843630599918,228.0370617835995,0.6000000000000001
one_lag,grouped,7,M3_history_vc_rf,rf,Malawi,2017,231.1,233.45,232.39425976475846,232.81655585885508,0.6000000000000001
one_lag,grouped,7,M3_history_vc_rf,rf,Malawi,2018,213.6,231.1,227.56871651687632,228.9812299101258,0.6000000000000001
one_lag,grouped,7,M3_history_vc_rf,rf,Malawi,2020,228.5,213.6,202.7127830916555,207.06766985499328,0.6000000000000001
one_lag,grouped,7,M3_history_vc_rf,rf,Sierra Leone,2016,378.04,376.88,332.61403764669467,350.3204225880168,0.6000000000000001
one_lag,grouped,7,M3_history_vc_rf,rf,Sierra Leone,2017,379.71,378.04,389.23697522500095,384.7581851350006,0.6000000000000001
one_lag,grouped,7,M3_history_vc_rf,rf,Sierra Leone,2018,320.4,379.71,353.845944818907,364.1915668913442,0.6000000000000001
one_lag,grouped,7,M3_history_vc_rf,rf,Sierra Leone,2020,328.2,320.4,301.4166739165029,309.0100043499017,0.6000000000000001
one_lag,grouped,7,M3_history_vc_rf,rf,Uganda,2016,203.09,203.83,192.758824091663,197.1872944549978,0.6000000000000001
one_lag,grouped,7,M3_history_vc_rf,rf,Uganda,2017,200.66,203.09,191.34508679990793,196.04305207994477,0.6000000000000001
one_lag,grouped,7,M3_history_vc_rf,rf,Uganda,2018,289.2,200.66,198.51383950030305,199.37230370018182,0.6000000000000001
one_lag,grouped,7,M3_history_vc_rf,rf,Uganda,2020,283.8,289.2,305.1971561152709,298.79829366916255,0.6000000000000001
one_lag,grouped,7,M3_history_vc_rf,rf,United Republic of Tanzania,2016,113.68,112.94,89.69346146722285,98.99207688033371,0.6000000000000001
one_lag,grouped,7,M3_history_vc_rf,rf,United Republic of Tanzania,2017,113.86,113.68,90.0281173180387,99.48887039082322,0.6000000000000001
one_lag,grouped,7,M3_history_vc_rf,rf,United Republic of Tanzania,2018,124.3,113.86,100.55764561337054,105.87858736802232,0.6000000000000001
one_lag,grouped,7,M3_history_vc_rf,rf,United Republic of Tanzania,2020,120.2,124.3,114.73324226379859,118.55994535827915,0.6000000000000001
one_lag,grouped,7,M3_history_vc_gb,gb,Benin,2016,368.57,358.15,341.99871700680416,348.4592302040825,0.6000000000000001
one_lag,grouped,7,M3_history_vc_gb,gb,Benin,2017,367.91,368.57,342.6907664934856,353.0424598960914,0.6000000000000001
one_lag,grouped,7,M3_history_vc_gb,gb,Benin,2018,386.2,367.91,350.0799853744135,357.2119912246481,0.6000000000000001
one_lag,grouped,7,M3_history_vc_gb,gb,Benin,2020,388.3,386.2,342.8403869405786,360.1842321643471,0.6000000000000001
one_lag,grouped,7,M3_history_vc_gb,gb,Burundi,2016,195.1,191.91,196.30387672989667,194.546326037938,0.6000000000000001
one_lag,grouped,7,M3_history_vc_gb,gb,Burundi,2017,194.5,195.1,197.17488390580368,196.34493034348222,0.6000000000000001
one_lag,grouped,7,M3_history_vc_gb,gb,Burundi,2018,250.3,194.5,196.69586109450682,195.8175166567041,0.6000000000000001
one_lag,grouped,7,M3_history_vc_gb,gb,Burundi,2020,294.9,250.3,231.7428950910198,239.16573705461187,0.6000000000000001
one_lag,grouped,7,M3_history_vc_gb,gb,Democratic Republic of the Congo,2016,310.59,317.07,304.42517115963796,309.48310269578275,0.6000000000000001
one_lag,grouped,7,M3_history_vc_gb,gb,Democratic Republic of the Congo,2017,307.62,310.59,336.8038129527951,326.31828777167703,0.6000000000000001
one_lag,grouped,7,M3_history_vc_gb,gb,Democratic Republic of the Congo,2018,319.8,307.62,336.8038129527951,325.13028777167705,0.6000000000000001
one_lag,grouped,7,M3_history_vc_gb,gb,Democratic Republic of the Congo,2020,324.2,319.8,306.09376489459845,311.5762589367591,0.6000000000000001
one_lag,grouped,7,M3_history_vc_gb,gb,Malawi,2016,233.45,233.45,237.88789544213316,236.1127372652799,0.6000000000000001
one_lag,grouped,7,M3_history_vc_gb,gb,Malawi,2017,231.1,233.45,239.88573511855486,237.31144107113292,0.6000000000000001
one_lag,grouped,7,M3_history_vc_gb,gb,Malawi,2018,213.6,231.1,237.88789544213316,235.1727372652799,0.6000000000000001
one_lag,grouped,7,M3_history_vc_gb,gb,Malawi,2020,228.5,213.6,195.026976984662,202.4561861907972,0.6000000000000001
one_lag,grouped,7,M3_history_vc_gb,gb,Sierra Leone,2016,378.04,376.88,333.72905447848956,350.9894326870937,0.6000000000000001
one_lag,grouped,7,M3_history_vc_gb,gb,Sierra Leone,2017,379.71,378.04,387.2653760732234,383.57522564393406,0.6000000000000001
one_lag,grouped,7,M3_history_vc_gb,gb,Sierra Leone,2018,320.4,379.71,355.4452753638789,365.1511652183273,0.6000000000000001
one_lag,grouped,7,M3_history_vc_gb,gb,Sierra Leone,2020,328.2,320.4,295.1793532498197,305.26761194989183,0.6000000000000001
one_lag,grouped,7,M3_history_vc_gb,gb,Uganda,2016,203.09,203.83,189.95018192614398,195.50210915568638,0.6000000000000001
one_lag,grouped,7,M3_history_vc_gb,gb,Uganda,2017,200.66,203.09,194.07192474669253,197.67915484801551,0.6000000000000001
one_lag,grouped,7,M3_history_vc_gb,gb,Uganda,2018,289.2,200.66,195.026976984662,197.2801861907972,0.6000000000000001
one_lag,grouped,7,M3_history_vc_gb,gb,Uganda,2020,283.8,289.2,296.98273792714787,293.8696427562887,0.6000000000000001
one_lag,grouped,7,M3_history_vc_gb,gb,United Republic of Tanzania,2016,113.68,112.94,85.54512944853302,96.5030776691198,0.6000000000000001
one_lag,grouped,7,M3_history_vc_gb,gb,United Republic of Tanzania,2017,113.86,113.68,78.04780109296209,92.30068065577726,0.6000000000000001
one_lag,grouped,7,M3_history_vc_gb,gb,United Republic of Tanzania,2018,124.3,113.86,81.50548387211327,94.44729032326796,0.6000000000000001
one_lag,grouped,7,M3_history_vc_gb,gb,United Republic of Tanzania,2020,120.2,124.3,81.22913013442522,98.45747808065512,0.6000000000000001
one_lag,grouped,7,M4_history_env_compact_vc_rf,rf,Benin,2016,368.57,358.15,336.153008253015,347.15150412650746,0.5
one_lag,grouped,7,M4_history_env_compact_vc_rf,rf,Benin,2017,367.91,368.57,337.0171829903636,352.7935914951818,0.5
one_lag,grouped,7,M4_history_env_compact_vc_rf,rf,Benin,2018,386.2,367.91,333.2443246384957,350.57716231924786,0.5
one_lag,grouped,7,M4_history_env_compact_vc_rf,rf,Benin,2020,388.3,386.2,361.7159074901406,373.9579537450703,0.5
one_lag,grouped,7,M4_history_env_compact_vc_rf,rf,Burundi,2016,195.1,191.91,217.1539859075348,204.5319929537674,0.5
one_lag,grouped,7,M4_history_env_compact_vc_rf,rf,Burundi,2017,194.5,195.1,217.58092147769156,206.34046073884576,0.5
one_lag,grouped,7,M4_history_env_compact_vc_rf,rf,Burundi,2018,250.3,194.5,225.46905860407838,209.9845293020392,0.5
one_lag,grouped,7,M4_history_env_compact_vc_rf,rf,Burundi,2020,294.9,250.3,267.0306789041865,258.66533945209324,0.5
one_lag,grouped,7,M4_history_env_compact_vc_rf,rf,Democratic Republic of the Congo,2016,310.59,317.07,306.4472705668142,311.7586352834071,0.5
one_lag,grouped,7,M4_history_env_compact_vc_rf,rf,Democratic Republic of the Congo,2017,307.62,310.59,326.09404685500107,318.3420234275005,0.5
one_lag,grouped,7,M4_history_env_compact_vc_rf,rf,Democratic Republic of the Congo,2018,319.8,307.62,321.3133318176314,314.4666659088157,0.5
one_lag,grouped,7,M4_history_env_compact_vc_rf,rf,Democratic Republic of the Congo,2020,324.2,319.8,299.9092901721271,309.85464508606356,0.5
one_lag,grouped,7,M4_history_env_compact_vc_rf,rf,Malawi,2016,233.45,233.45,208.639802013503,221.0449010067515,0.5
one_lag,grouped,7,M4_history_env_compact_vc_rf,rf,Malawi,2017,231.1,233.45,214.56441817439784,224.00720908719893,0.5
one_lag,grouped,7,M4_history_env_compact_vc_rf,rf,Malawi,2018,213.6,231.1,210.79206056606313,220.94603028303158,0.5
one_lag,grouped,7,M4_history_env_compact_vc_rf,rf,Malawi,2020,228.5,213.6,172.50570892516836,193.05285446258418,0.5
one_lag,grouped,7,M4_history_env_compact_vc_rf,rf,Sierra Leone,2016,378.04,376.88,344.1718266005472,360.5259133002736,0.5
one_lag,grouped,7,M4_history_env_compact_vc_rf,rf,Sierra Leone,2017,379.71,378.04,357.5255320144825,367.78276600724126,0.5
one_lag,grouped,7,M4_history_env_compact_vc_rf,rf,Sierra Leone,2018,320.4,379.71,342.6909448010534,361.2004724005267,0.5
one_lag,grouped,7,M4_history_env_compact_vc_rf,rf,Sierra Leone,2020,328.2,320.4,294.77969051363937,307.5898452568197,0.5
one_lag,grouped,7,M4_history_env_compact_vc_rf,rf,Uganda,2016,203.09,203.83,192.71516098923175,198.27258049461588,0.5
one_lag,grouped,7,M4_history_env_compact_vc_rf,rf,Uganda,2017,200.66,203.09,204.5323383005083,203.81116915025416,0.5
one_lag,grouped,7,M4_history_env_compact_vc_rf,rf,Uganda,2018,289.2,200.66,232.94894565090647,216.80447282545322,0.5
one_lag,grouped,7,M4_history_env_compact_vc_rf,rf,Uganda,2020,283.8,289.2,295.74219102569884,292.4710955128494,0.5
one_lag,grouped,7,M4_history_env_compact_vc_rf,rf,United Republic of Tanzania,2016,113.68,112.94,93.55953882752866,103.24976941376433,0.5
one_lag,grouped,7,M4_history_env_compact_vc_rf,rf,United Republic of Tanzania,2017,113.86,113.68,90.83713722002518,102.25856861001259,0.5
one_lag,grouped,7,M4_history_env_compact_vc_rf,rf,United Republic of Tanzania,2018,124.3,113.86,108.8237072577891,111.34185362889454,0.5
one_lag,grouped,7,M4_history_env_compact_vc_rf,rf,United Republic of Tanzania,2020,120.2,124.3,124.52084749246772,124.41042374623386,0.5
one_lag,grouped,7,M4_history_env_compact_vc_gb,gb,Benin,2016,368.57,358.15,344.1517170523717,350.4509443788044,0.55
one_lag,grouped,7,M4_history_env_compact_vc_gb,gb,Benin,2017,367.91,368.57,340.83944292919585,353.3181936110577,0.55
one_lag,grouped,7,M4_history_env_compact_vc_gb,gb,Benin,2018,386.2,367.91,332.68901091824296,348.53845600503365,0.55
one_lag,grouped,7,M4_history_env_compact_vc_gb,gb,Benin,2020,388.3,386.2,355.8795103020297,369.5237306661163,0.55
one_lag,grouped,7,M4_history_env_compact_vc_gb,gb,Burundi,2016,195.1,191.91,245.25045155816647,221.24724835699158,0.55
one_lag,grouped,7,M4_history_env_compact_vc_gb,gb,Burundi,2017,194.5,195.1,266.4303584438082,234.3316971440945,0.55
one_lag,grouped,7,M4_history_env_compact_vc_gb,gb,Burundi,2018,250.3,194.5,252.78820765661337,226.55851421113735,0.55
one_lag,grouped,7,M4_history_env_compact_vc_gb,gb,Burundi,2020,294.9,250.3,307.1643754215773,281.5754064818675,0.55
one_lag,grouped,7,M4_history_env_compact_vc_gb,gb,Democratic Republic of the Congo,2016,310.59,317.07,276.7182824735144,294.8765553604329,0.55
one_lag,grouped,7,M4_history_env_compact_vc_gb,gb,Democratic Republic of the Congo,2017,307.62,310.59,278.33658176977417,292.8506199733758,0.55
one_lag,grouped,7,M4_history_env_compact_vc_gb,gb,Democratic Republic of the Congo,2018,319.8,307.62,278.33658176977417,291.5141199733758,0.55
one_lag,grouped,7,M4_history_env_compact_vc_gb,gb,Democratic Republic of the Congo,2020,324.2,319.8,275.94461332730714,295.67953733001895,0.55
one_lag,grouped,7,M4_history_env_compact_vc_gb,gb,Malawi,2016,233.45,233.45,226.63693482411,229.7028141532605,0.55
one_lag,grouped,7,M4_history_env_compact_vc_gb,gb,Malawi,2017,231.1,233.45,233.4593897026756,233.45516433647157,0.55
one_lag,grouped,7,M4_history_env_compact_vc_gb,gb,Malawi,2018,213.6,231.1,230.37035606310448,230.69869583470745,0.55
one_lag,grouped,7,M4_history_env_compact_vc_gb,gb,Malawi,2020,228.5,213.6,171.57762159890422,190.48769187939732,0.55
one_lag,grouped,7,M4_history_env_compact_vc_gb,gb,Sierra Leone,2016,378.04,376.88,361.90726649691436,368.6449965733029,0.55
one_lag,grouped,7,M4_history_env_compact_vc_gb,gb,Sierra Leone,2017,379.71,378.04,347.8896408131966,361.45730244725814,0.55
one_lag,grouped,7,M4_history_env_compact_vc_gb,gb,Sierra Leone,2018,320.4,379.71,347.9959768075443,362.2672872441494,0.55
one_lag,grouped,7,M4_history_env_compact_vc_gb,gb,Sierra Leone,2020,328.2,320.4,301.285993406931,309.88729637381203,0.55
one_lag,grouped,7,M4_history_env_compact_vc_gb,gb,Uganda,2016,203.09,203.83,176.73724282091663,188.92898355150416,0.55
one_lag,grouped,7,M4_history_env_compact_vc_gb,gb,Uganda,2017,200.66,203.09,185.1962327497714,193.2484280123743,0.55
one_lag,grouped,7,M4_history_env_compact_vc_gb,gb,Uganda,2018,289.2,200.66,198.82086270485908,199.6484744876725,0.55
one_lag,grouped,7,M4_history_env_compact_vc_gb,gb,Uganda,2020,283.8,289.2,263.82336728620226,275.2428520074112,0.55
one_lag,grouped,7,M4_history_env_compact_vc_gb,gb,United Republic of Tanzania,2016,113.68,112.94,97.09088497273363,104.2229867350035,0.55
one_lag,grouped,7,M4_history_env_compact_vc_gb,gb,United Republic of Tanzania,2017,113.86,113.68,81.70040070075001,96.0912203854125,0.55
one_lag,grouped,7,M4_history_env_compact_vc_gb,gb,United Republic of Tanzania,2018,124.3,113.86,96.53355906915726,104.3304574880365,0.55
one_lag,grouped,7,M4_history_env_compact_vc_gb,gb,United Republic of Tanzania,2020,120.2,124.3,92.1649580298219,106.62572691640204,0.55
one_lag,grouped,7,M5_history_env_full_rf,rf,Benin,2016,368.57,358.15,326.4605957289295,343.8897680780183,0.45
one_lag,grouped,7,M5_history_env_full_rf,rf,Benin,2017,367.91,368.57,331.3250400239724,351.8097680107876,0.45
one_lag,grouped,7,M5_history_env_full_rf,rf,Benin,2018,386.2,367.91,324.6166995920713,348.4280148164321,0.45
one_lag,grouped,7,M5_history_env_full_rf,rf,Benin,2020,388.3,386.2,358.6274311850884,373.7923440332898,0.45
one_lag,grouped,7,M5_history_env_full_rf,rf,Burundi,2016,195.1,191.91,208.20950389180592,199.24477675131266,0.45
one_lag,grouped,7,M5_history_env_full_rf,rf,Burundi,2017,194.5,195.1,210.35821918932004,201.96619863519402,0.45
one_lag,grouped,7,M5_history_env_full_rf,rf,Burundi,2018,250.3,194.5,218.40320480024263,205.25644216010917,0.45
one_lag,grouped,7,M5_history_env_full_rf,rf,Burundi,2020,294.9,250.3,266.6541879596534,257.65938458184405,0.45
one_lag,grouped,7,M5_history_env_full_rf,rf,Democratic Republic of the Congo,2016,310.59,317.07,304.1701500009295,311.26506750041824,0.45
one_lag,grouped,7,M5_history_env_full_rf,rf,Democratic Republic of the Congo,2017,307.62,310.59,300.8648244036101,306.21367098162455,0.45
one_lag,grouped,7,M5_history_env_full_rf,rf,Democratic Republic of the Congo,2018,319.8,307.62,293.8784136919052,301.4362861613574,0.45
one_lag,grouped,7,M5_history_env_full_rf,rf,Democratic Republic of the Congo,2020,324.2,319.8,296.4831512038098,309.3074180417144,0.45
one_lag,grouped,7,M5_history_env_full_rf,rf,Malawi,2016,233.45,233.45,204.5994782002716,220.46726519012222,0.45
one_lag,grouped,7,M5_history_env_full_rf,rf,Malawi,2017,231.1,233.45,207.22087158796066,221.6468922145823,0.45
one_lag,grouped,7,M5_history_env_full_rf,rf,Malawi,2018,213.6,231.1,206.25553343136733,219.91999004411528,0.45
one_lag,grouped,7,M5_history_env_full_rf,rf,Malawi,2020,228.5,213.6,162.8528939067319,190.76380225802936,0.45
one_lag,grouped,7,M5_history_env_full_rf,rf,Sierra Leone,2016,378.04,376.88,351.40252143221437,365.41513464449645,0.45
one_lag,grouped,7,M5_history_env_full_rf,rf,Sierra Leone,2017,379.71,378.04,340.3088090776471,361.0609640849412,0.45
one_lag,grouped,7,M5_history_env_full_rf,rf,Sierra Leone,2018,320.4,379.71,342.35217693279196,362.89897961975635,0.45
one_lag,grouped,7,M5_history_env_full_rf,rf,Sierra Leone,2020,328.2,320.4,294.6076720062507,308.7934524028128,0.45
one_lag,grouped,7,M5_history_env_full_rf,rf,Uganda,2016,203.09,203.83,182.71501795863853,194.32825808138733,0.45
one_lag,grouped,7,M5_history_env_full_rf,rf,Uganda,2017,200.66,203.09,201.63219377257676,202.43398719765955,0.45
one_lag,grouped,7,M5_history_env_full_rf,rf,Uganda,2018,289.2,200.66,215.50640450829886,207.34088202873448,0.45
one_lag,grouped,7,M5_history_env_full_rf,rf,Uganda,2020,283.8,289.2,279.67405605396425,284.9133252242839,0.45
one_lag,grouped,7,M5_history_env_full_rf,rf,United Republic of Tanzania,2016,113.68,112.94,92.16120222175425,103.5895409997894,0.45
one_lag,grouped,7,M5_history_env_full_rf,rf,United Republic of Tanzania,2017,113.86,113.68,88.62807594978729,102.40663417740429,0.45
one_lag,grouped,7,M5_history_env_full_rf,rf,United Republic of Tanzania,2018,124.3,113.86,106.93586753808955,110.7441403921403,0.45
one_lag,grouped,7,M5_history_env_full_rf,rf,United Republic of Tanzania,2020,120.2,124.3,121.01579325976022,122.8221069668921,0.45
one_lag,grouped,7,M5_history_env_full_gb,gb,Benin,2016,368.57,358.15,330.7351358923196,343.07182474077575,0.55
one_lag,grouped,7,M5_history_env_full_gb,gb,Benin,2017,367.91,368.57,331.2454902518788,348.0415196385333,0.55
one_lag,grouped,7,M5_history_env_full_gb,gb,Benin,2018,386.2,367.91,339.65775431708397,352.3712648743962,0.55
one_lag,grouped,7,M5_history_env_full_gb,gb,Benin,2020,388.3,386.2,363.2080703880858,373.55443871344715,0.55
one_lag,grouped,7,M5_history_env_full_gb,gb,Burundi,2016,195.1,191.91,250.83585777588286,224.31922177673556,0.55
one_lag,grouped,7,M5_history_env_full_gb,gb,Burundi,2017,194.5,195.1,261.5348419565407,231.63916307609736,0.55
one_lag,grouped,7,M5_history_env_full_gb,gb,Burundi,2018,250.3,194.5,250.83585777588286,225.48472177673557,0.55
one_lag,grouped,7,M5_history_env_full_gb,gb,Burundi,2020,294.9,250.3,313.278151976502,284.93798358707613,0.55
one_lag,grouped,7,M5_history_env_full_gb,gb,Democratic Republic of the Congo,2016,310.59,317.07,282.29854420991717,297.9456993154544,0.55
one_lag,grouped,7,M5_history_env_full_gb,gb,Democratic Republic of the Congo,2017,307.62,310.59,282.29854420991717,295.0296993154544,0.55
one_lag,grouped,7,M5_history_env_full_gb,gb,Democratic Republic of the Congo,2018,319.8,307.62,282.29854420991717,293.6931993154544,0.55
one_lag,grouped,7,M5_history_env_full_gb,gb,Democratic Republic of the Congo,2020,324.2,319.8,291.542786479077,304.25853256349234,0.55
one_lag,grouped,7,M5_history_env_full_gb,gb,Malawi,2016,233.45,233.45,223.38268935288812,227.91297914408847,0.55
one_lag,grouped,7,M5_history_env_full_gb,gb,Malawi,2017,231.1,233.45,225.43128624041333,229.03970743222732,0.55
one_lag,grouped,7,M5_history_env_full_gb,gb,Malawi,2018,213.6,231.1,226.567030314744,228.60686667310918,0.55
one_lag,grouped,7,M5_history_env_full_gb,gb,Malawi,2020,228.5,213.6,165.43786606268216,187.11082633447518,0.55
one_lag,grouped,7,M5_history_env_full_gb,gb,Sierra Leone,2016,378.04,376.88,378.14048875481893,377.5732688151504,0.55
one_lag,grouped,7,M5_history_env_full_gb,gb,Sierra Leone,2017,379.71,378.04,351.4451941077672,363.41285675927196,0.55
one_lag,grouped,7,M5_history_env_full_gb,gb,Sierra Leone,2018,320.4,379.71,351.4451941077672,364.1643567592719,0.55
one_lag,grouped,7,M5_history_env_full_gb,gb,Sierra Leone,2020,328.2,320.4,298.6471301510201,308.43592158306103,0.55
one_lag,grouped,7,M5_history_env_full_gb,gb,Uganda,2016,203.09,203.83,176.72057716586053,188.9198174412233,0.55
one_lag,grouped,7,M5_history_env_full_gb,gb,Uganda,2017,200.66,203.09,184.1880562923895,192.6939309608142,0.55
one_lag,grouped,7,M5_history_env_full_gb,gb,Uganda,2018,289.2,200.66,185.16755180271628,192.13915349149394,0.55
one_lag,grouped,7,M5_history_env_full_gb,gb,Uganda,2020,283.8,289.2,259.60544352019645,272.922993936108,0.55
one_lag,grouped,7,M5_history_env_full_gb,gb,United Republic of Tanzania,2016,113.68,112.94,82.1027401661452,95.97950709137986,0.55
one_lag,grouped,7,M5_history_env_full_gb,gb,United Republic of Tanzania,2017,113.86,113.68,92.23428354120648,101.88485594766357,0.55
one_lag,grouped,7,M5_history_env_full_gb,gb,United Republic of Tanzania,2018,124.3,113.86,90.02507807025098,100.75079293863804,0.55
one_lag,grouped,7,M5_history_env_full_gb,gb,United Republic of Tanzania,2020,120.2,124.3,87.81704496464654,104.2343747305556,0.55
one_lag,grouped,7,M6_history_env_full_vc_rf,rf,Benin,2016,368.57,358.15,330.77982108049844,345.8334194862243,0.45
one_lag,grouped,7,M6_history_env_full_vc_rf,rf,Benin,2017,367.91,368.57,332.8901984015359,352.51408928069117,0.45
one_lag,grouped,7,M6_history_env_full_vc_rf,rf,Benin,2018,386.2,367.91,337.7645278103848,354.34453751467316,0.45
one_lag,grouped,7,M6_history_env_full_vc_rf,rf,Benin,2020,388.3,386.2,351.1390392031994,370.42256764143974,0.45
one_lag,grouped,7,M6_history_env_full_vc_rf,rf,Burundi,2016,195.1,191.91,200.4111159354011,195.7355021709305,0.45
one_lag,grouped,7,M6_history_env_full_vc_rf,rf,Burundi,2017,194.5,195.1,206.98042609295342,200.44619174182904,0.45
one_lag,grouped,7,M6_history_env_full_vc_rf,rf,Burundi,2018,250.3,194.5,209.5937482419574,201.29218670888082,0.45
one_lag,grouped,7,M6_history_env_full_vc_rf,rf,Burundi,2020,294.9,250.3,254.8662359520432,252.35480617841944,0.45
one_lag,grouped,7,M6_history_env_full_vc_rf,rf,Democratic Republic of the Congo,2016,310.59,317.07,304.30361246048915,311.3251256072201,0.45
one_lag,grouped,7,M6_history_env_full_vc_rf,rf,Democratic Republic of the Congo,2017,307.62,310.59,316.218498215871,313.12282419714194,0.45
one_lag,grouped,7,M6_history_env_full_vc_rf,rf,Democratic Republic of the Congo,2018,319.8,307.62,310.1772067627538,308.77074304323924,0.45
one_lag,grouped,7,M6_history_env_full_vc_rf,rf,Democratic Republic of the Congo,2020,324.2,319.8,295.2839827658364,308.7677922446264,0.45
one_lag,grouped,7,M6_history_env_full_vc_rf,rf,Malawi,2016,233.45,233.45,203.15822781923114,219.81870251865402,0.45
one_lag,grouped,7,M6_history_env_full_vc_rf,rf,Malawi,2017,231.1,233.45,211.8647770047435,223.73664965213456,0.45
one_lag,grouped,7,M6_history_env_full_vc_rf,rf,Malawi,2018,213.6,231.1,204.6891517548266,219.21511828967198,0.45
one_lag,grouped,7,M6_history_env_full_vc_rf,rf,Malawi,2020,228.5,213.6,169.29353819104406,193.6620921859698,0.45
one_lag,grouped,7,M6_history_env_full_vc_rf,rf,Sierra Leone,2016,378.04,376.88,340.54052305960863,360.5272353768239,0.45
one_lag,grouped,7,M6_history_env_full_vc_rf,rf,Sierra Leone,2017,379.71,378.04,349.4517746425748,365.1752985891587,0.45
one_lag,grouped,7,M6_history_env_full_vc_rf,rf,Sierra Leone,2018,320.4,379.71,342.18348070080737,362.8230663153633,0.45
one_lag,grouped,7,M6_history_env_full_vc_rf,rf,Sierra Leone,2020,328.2,320.4,293.76356369924997,308.41360366466245,0.45
one_lag,grouped,7,M6_history_env_full_vc_rf,rf,Uganda,2016,203.09,203.83,183.92269172978914,194.87171127840512,0.45
one_lag,grouped,7,M6_history_env_full_vc_rf,rf,Uganda,2017,200.66,203.09,198.22120803956614,200.89904361780475,0.45
one_lag,grouped,7,M6_history_env_full_vc_rf,rf,Uganda,2018,289.2,200.66,215.81925490755592,207.48166470840016,0.45
one_lag,grouped,7,M6_history_env_full_vc_rf,rf,Uganda,2020,283.8,289.2,293.313210234408,291.0509446054836,0.45
one_lag,grouped,7,M6_history_env_full_vc_rf,rf,United Republic of Tanzania,2016,113.68,112.94,91.46870442890433,103.27791699300695,0.45
one_lag,grouped,7,M6_history_env_full_vc_rf,rf,United Republic of Tanzania,2017,113.86,113.68,88.14831098507044,102.1907399432817,0.45
one_lag,grouped,7,M6_history_env_full_vc_rf,rf,United Republic of Tanzania,2018,124.3,113.86,102.71700942357633,108.84565424060935,0.45
one_lag,grouped,7,M6_history_env_full_vc_rf,rf,United Republic of Tanzania,2020,120.2,124.3,117.90766740704801,121.4234503331716,0.45
one_lag,grouped,7,M6_history_env_full_vc_gb,gb,Benin,2016,368.57,358.15,331.74195306242075,343.6255741843314,0.55
one_lag,grouped,7,M6_history_env_full_vc_gb,gb,Benin,2017,367.91,368.57,332.2379657847456,348.58738118161006,0.55
one_lag,grouped,7,M6_history_env_full_vc_gb,gb,Benin,2018,386.2,367.91,340.1232178295959,352.62726980627775,0.55
one_lag,grouped,7,M6_history_env_full_vc_gb,gb,Benin,2020,388.3,386.2,349.5332426574647,366.0332834616056,0.55
one_lag,grouped,7,M6_history_env_full_vc_gb,gb,Burundi,2016,195.1,191.91,235.13957344514495,215.68626539482972,0.55
one_lag,grouped,7,M6_history_env_full_vc_gb,gb,Burundi,2017,194.5,195.1,262.76174789271346,232.3139613409924,0.55
one_lag,grouped,7,M6_history_env_full_vc_gb,gb,Burundi,2018,250.3,194.5,244.68771359331194,222.10324247632155,0.55
one_lag,grouped,7,M6_history_env_full_vc_gb,gb,Burundi,2020,294.9,250.3,301.589561406651,278.5092587736581,0.55
one_lag,grouped,7,M6_history_env_full_vc_gb,gb,Democratic Republic of the Congo,2016,310.59,317.07,283.5163247826639,298.61547863046513,0.55
one_lag,grouped,7,M6_history_env_full_vc_gb,gb,Democratic Republic of the Congo,2017,307.62,310.59,283.3782662978263,295.6235464638045,0.55
one_lag,grouped,7,M6_history_env_full_vc_gb,gb,Democratic Republic of the Congo,2018,319.8,307.62,283.3782662978263,294.2870464638045,0.55
one_lag,grouped,7,M6_history_env_full_vc_gb,gb,Democratic Republic of the Congo,2020,324.2,319.8,290.9522800933787,303.9337540513583,0.55
one_lag,grouped,7,M6_history_env_full_vc_gb,gb,Malawi,2016,233.45,233.45,226.2003104259762,229.46267073428692,0.55
one_lag,grouped,7,M6_history_env_full_vc_gb,gb,Malawi,2017,231.1,233.45,228.1626019080707,230.5419310494389,0.55
one_lag,grouped,7,M6_history_env_full_vc_gb,gb,Malawi,2018,213.6,231.1,227.7421514547025,229.25318330008636,0.55
one_lag,grouped,7,M6_history_env_full_vc_gb,gb,Malawi,2020,228.5,213.6,168.78226185176857,188.95024401847272,0.55
one_lag,grouped,7,M6_history_env_full_vc_gb,gb,Sierra Leone,2016,378.04,376.88,365.4217715069962,370.5779743288479,0.55
one_lag,grouped,7,M6_history_env_full_vc_gb,gb,Sierra Leone,2017,379.71,378.04,354.16293142530543,364.907612283918,0.55
one_lag,grouped,7,M6_history_env_full_vc_gb,gb,Sierra Leone,2018,320.4,379.71,352.4518090455185,364.71799497503514,0.55
one_lag,grouped,7,M6_history_env_full_vc_gb,gb,Sierra Leone,2020,328.2,320.4,295.8221596319759,306.88218779758677,0.55
one_lag,grouped,7,M6_history_env_full_vc_gb,gb,Uganda,2016,203.09,203.83,176.49656715814075,188.79661193697743,0.55
one_lag,grouped,7,M6_history_env_full_vc_gb,gb,Uganda,2017,200.66,203.09,183.75517802114567,192.45584791163012,0.55
one_lag,grouped,7,M6_history_env_full_vc_gb,gb,Uganda,2018,289.2,200.66,184.73325395926747,191.9002896775971,0.55
one_lag,grouped,7,M6_history_env_full_vc_gb,gb,Uganda,2020,283.8,289.2,265.8960961049004,276.3828528576952,0.55
one_lag,grouped,7,M6_history_env_full_vc_gb,gb,United Republic of Tanzania,2016,113.68,112.94,80.93237935944798,95.33580864769638,0.55
one_lag,grouped,7,M6_history_env_full_vc_gb,gb,United Republic of Tanzania,2017,113.86,113.68,91.47579576095181,101.4676876685235,0.55
one_lag,grouped,7,M6_history_env_full_vc_gb,gb,United Republic of Tanzania,2018,124.3,113.86,89.52990359294184,100.47844697611801,0.55
one_lag,grouped,7,M6_history_env_full_vc_gb,gb,United Republic of Tanzania,2020,120.2,124.3,85.956719619058,103.2111957904819,0.55
one_lag,grouped,8,M0_persistence,baseline,Burkina Faso,2016,411.62,429.04,429.04,429.04,
one_lag,grouped,8,M0_persistence,baseline,Burkina Faso,2017,411.99,411.62,411.62,411.62,
one_lag,grouped,8,M0_persistence,baseline,Burkina Faso,2018,398.7,411.99,411.99,411.99,
one_lag,grouped,8,M0_persistence,baseline,Burkina Faso,2020,389.9,398.7,398.7,398.7,
one_lag,grouped,8,M0_persistence,baseline,Congo,2016,201.08,208.99,208.99,208.99,
one_lag,grouped,8,M0_persistence,baseline,Congo,2017,197.63,201.08,201.08,201.08,
one_lag,grouped,8,M0_persistence,baseline,Congo,2018,235.1,197.63,197.63,197.63,
one_lag,grouped,8,M0_persistence,baseline,Congo,2020,213.2,235.1,235.1,235.1,
one_lag,grouped,8,M0_persistence,baseline,Democratic Republic of the Congo,2016,310.59,317.07,317.07,317.07,
one_lag,grouped,8,M0_persistence,baseline,Democratic Republic of the Congo,2017,307.62,310.59,310.59,310.59,
one_lag,grouped,8,M0_persistence,baseline,Democratic Republic of the Congo,2018,319.8,307.62,307.62,307.62,
one_lag,grouped,8,M0_persistence,baseline,Democratic Republic of the Congo,2020,324.2,319.8,319.8,319.8,
one_lag,grouped,8,M0_persistence,baseline,Kenya,2016,71.23,73.15,73.15,73.15,
one_lag,grouped,8,M0_persistence,baseline,Kenya,2017,70.83,71.23,71.23,71.23,
one_lag,grouped,8,M0_persistence,baseline,Kenya,2018,70.1,70.83,70.83,70.83,
one_lag,grouped,8,M0_persistence,baseline,Kenya,2020,50.9,70.1,70.1,70.1,
one_lag,grouped,8,M0_persistence,baseline,South Sudan,2016,142.2,151.95,151.95,151.95,
one_lag,grouped,8,M0_persistence,baseline,South Sudan,2017,141.68,142.2,142.2,142.2,
one_lag,grouped,8,M0_persistence,baseline,South Sudan,2018,235.9,141.68,141.68,141.68,
one_lag,grouped,8,M0_persistence,baseline,South Sudan,2020,286.9,235.9,235.9,235.9,
one_lag,grouped,8,M0_persistence,baseline,Togo,2016,376.39,377.65,377.65,377.65,
one_lag,grouped,8,M0_persistence,baseline,Togo,2017,370.86,376.39,376.39,376.39,
one_lag,grouped,8,M0_persistence,baseline,Togo,2018,267.3,370.86,370.86,370.86,
one_lag,grouped,8,M0_persistence,baseline,Togo,2020,228.9,267.3,267.3,267.3,
one_lag,grouped,8,M0_persistence,baseline,Zambia,2016,204.19,207.89,207.89,207.89,
one_lag,grouped,8,M0_persistence,baseline,Zambia,2017,203.32,204.19,204.19,204.19,
one_lag,grouped,8,M0_persistence,baseline,Zambia,2018,156.7,203.32,203.32,203.32,
one_lag,grouped,8,M0_persistence,baseline,Zambia,2020,189.9,156.7,156.7,156.7,
one_lag,grouped,8,M1_history_rf,rf,Burkina Faso,2016,411.62,429.04,388.1270085795909,414.7204530028568,0.35000000000000003
one_lag,grouped,8,M1_history_rf,rf,Burkina Faso,2017,411.99,411.62,388.1270085795909,403.3974530028568,0.35000000000000003
one_lag,grouped,8,M1_history_rf,rf,Burkina Faso,2018,398.7,411.99,388.1270085795909,403.6379530028568,0.35000000000000003
one_lag,grouped,8,M1_history_rf,rf,Burkina Faso,2020,389.9,398.7,388.1270085795909,394.9994530028568,0.35000000000000003
one_lag,grouped,8,M1_history_rf,rf,Congo,2016,201.08,208.99,191.1778312564051,202.7557409397418,0.35000000000000003
one_lag,grouped,8,M1_history_rf,rf,Congo,2017,197.63,201.08,209.01377014759623,203.8568195516587,0.35000000000000003
one_lag,grouped,8,M1_history_rf,rf,Congo,2018,235.1,197.63,224.3725510171252,206.98989285599382,0.35000000000000003
one_lag,grouped,8,M1_history_rf,rf,Congo,2020,213.2,235.1,229.43361928462994,233.11676674962047,0.35000000000000003
one_lag,grouped,8,M1_history_rf,rf,Democratic Republic of the Congo,2016,310.59,317.07,325.65020946103897,320.07307331136366,0.35000000000000003
one_lag,grouped,8,M1_history_rf,rf,Democratic Republic of the Congo,2017,307.62,310.59,313.2722594065379,311.52879079228825,0.35000000000000003
one_lag,grouped,8,M1_history_rf,rf,Democratic Republic of the Congo,2018,319.8,307.62,311.3528066605062,308.92648233117717,0.35000000000000003
one_lag,grouped,8,M1_history_rf,rf,Democratic Republic of the Congo,2020,324.2,319.8,337.92110121500724,326.14238542525254,0.35000000000000003
one_lag,grouped,8,M1_history_rf,rf,Kenya,2016,71.23,73.15,78.03811235564432,74.86083932447552,0.35000000000000003
one_lag,grouped,8,M1_history_rf,rf,Kenya,2017,70.83,71.23,78.51564483183478,73.77997569114217,0.35000000000000003
one_lag,grouped,8,M1_history_rf,rf,Kenya,2018,70.1,70.83,78.51564483183478,73.51997569114216,0.35000000000000003
one_lag,grouped,8,M1_history_rf,rf,Kenya,2020,50.9,70.1,78.51699149850145,73.04594702447551,0.35000000000000003
one_lag,grouped,8,M1_history_rf,rf,South Sudan,2016,142.2,151.95,194.98945312883018,167.01380859509055,0.35000000000000003
one_lag,grouped,8,M1_history_rf,rf,South Sudan,2017,141.68,142.2,180.25024359609006,155.51758525863153,0.35000000000000003
one_lag,grouped,8,M1_history_rf,rf,South Sudan,2018,235.9,141.68,180.25024359609006,155.17958525863153,0.35000000000000003
one_lag,grouped,8,M1_history_rf,rf,South Sudan,2020,286.9,235.9,229.82011317351882,233.77203961073158,0.35000000000000003
one_lag,grouped,8,M1_history_rf,rf,Togo,2016,376.39,377.65,367.5432702395258,374.112644583834,0.35000000000000003
one_lag,grouped,8,M1_history_rf,rf,Togo,2017,370.86,376.39,367.39322920777977,373.2411302227229,0.35000000000000003
one_lag,grouped,8,M1_history_rf,rf,Togo,2018,267.3,370.86,365.1268405205283,368.8533941821849,0.35000000000000003
one_lag,grouped,8,M1_history_rf,rf,Togo,2020,228.9,267.3,253.87497415444415,262.60124095405547,0.35000000000000003
one_lag,grouped,8,M1_history_rf,rf,Zambia,2016,204.19,207.89,190.43345365178746,201.7802087781256,0.35000000000000003
one_lag,grouped,8,M1_history_rf,rf,Zambia,2017,203.32,204.19,197.97485595571894,202.0146995845016,0.35000000000000003
one_lag,grouped,8,M1_history_rf,rf,Zambia,2018,156.7,203.32,199.16530121690224,201.86585542591578,0.35000000000000003
one_lag,grouped,8,M1_history_rf,rf,Zambia,2020,189.9,156.7,195.43924757747794,170.25873665211728,0.35000000000000003
one_lag,grouped,8,M1_history_gb,gb,Burkina Faso,2016,411.62,429.04,394.3970555624044,415.18282222496174,0.4
one_lag,grouped,8,M1_history_gb,gb,Burkina Faso,2017,411.99,411.62,394.3970555624044,404.73082222496174,0.4
one_lag,grouped,8,M1_history_gb,gb,Burkina Faso,2018,398.7,411.99,394.3970555624044,404.9528222249618,0.4
one_lag,grouped,8,M1_history_gb,gb,Burkina Faso,2020,389.9,398.7,394.3970555624044,396.97882222496173,0.4
one_lag,grouped,8,M1_history_gb,gb,Congo,2016,201.08,208.99,206.60228918264562,208.03491567305826,0.4
one_lag,grouped,8,M1_history_gb,gb,Congo,2017,197.63,201.08,206.60228918264562,203.28891567305826,0.4
one_lag,grouped,8,M1_history_gb,gb,Congo,2018,235.1,197.63,208.2249924433417,201.86799697733667,0.4
one_lag,grouped,8,M1_history_gb,gb,Congo,2020,213.2,235.1,232.27463058396748,233.96985223358698,0.4
one_lag,grouped,8,M1_history_gb,gb,Democratic Republic of the Congo,2016,310.59,317.07,308.18606480323683,313.51642592129474,0.4
one_lag,grouped,8,M1_history_gb,gb,Democratic Republic of the Congo,2017,307.62,310.59,308.18606480323683,309.6284259212947,0.4
one_lag,grouped,8,M1_history_gb,gb,Democratic Republic of the Congo,2018,319.8,307.62,308.18606480323683,307.8464259212947,0.4
one_lag,grouped,8,M1_history_gb,gb,Democratic Republic of the Congo,2020,324.2,319.8,314.1962618008438,317.5585047203375,0.4
one_lag,grouped,8,M1_history_gb,gb,Kenya,2016,71.23,73.15,78.95390917485743,75.47156366994298,0.4
one_lag,grouped,8,M1_history_gb,gb,Kenya,2017,70.83,71.23,78.95390917485743,74.31956366994298,0.4
one_lag,grouped,8,M1_history_gb,gb,Kenya,2018,70.1,70.83,78.95390917485743,74.07956366994297,0.4
one_lag,grouped,8,M1_history_gb,gb,Kenya,2020,50.9,70.1,78.95390917485743,73.64156366994297,0.4
one_lag,grouped,8,M1_history_gb,gb,South Sudan,2016,142.2,151.95,168.37263148723292,158.51905259489317,0.4
one_lag,grouped,8,M1_history_gb,gb,South Sudan,2017,141.68,142.2,168.37263148723292,152.66905259489317,0.4
one_lag,grouped,8,M1_history_gb,gb,South Sudan,2018,235.9,141.68,168.37263148723292,152.35705259489316,0.4
one_lag,grouped,8,M1_history_gb,gb,South Sudan,2020,286.9,235.9,232.27463058396748,234.449852233587,0.4
one_lag,grouped,8,M1_history_gb,gb,Togo,2016,376.39,377.65,363.54321725538284,372.0072869021531,0.4
one_lag,grouped,8,M1_history_gb,gb,Togo,2017,370.86,376.39,363.54321725538284,371.25128690215314,0.4
one_lag,grouped,8,M1_history_gb,gb,Togo,2018,267.3,370.86,363.54321725538284,367.93328690215316,0.4
one_lag,grouped,8,M1_history_gb,gb,Togo,2020,228.9,267.3,253.15681710026107,261.64272684010444,0.4
one_lag,grouped,8,M1_history_gb,gb,Zambia,2016,204.19,207.89,206.60228918264562,207.37491567305824,0.4
one_lag,grouped,8,M1_history_gb,gb,Zambia,2017,203.32,204.19,206.60228918264562,205.15491567305824,0.4
one_lag,grouped,8,M1_history_gb,gb,Zambia,2018,156.7,203.32,206.60228918264562,204.63291567305825,0.4
one_lag,grouped,8,M1_history_gb,gb,Zambia,2020,189.9,156.7,192.36091335084004,170.964365340336,0.4
one_lag,grouped,8,M2_history_env_compact_rf,rf,Burkina Faso,2016,411.62,429.04,372.77152074353444,403.7191843345905,0.45
one_lag,grouped,8,M2_history_env_compact_rf,rf,Burkina Faso,2017,411.99,411.62,370.00514381657246,392.8933147174576,0.45
one_lag,grouped,8,M2_history_env_compact_rf,rf,Burkina Faso,2018,398.7,411.99,372.6507780714566,394.2873501321555,0.45
one_lag,grouped,8,M2_history_env_compact_rf,rf,Burkina Faso,2020,389.9,398.7,371.239426949523,386.34274212728536,0.45
one_lag,grouped,8,M2_history_env_compact_rf,rf,Congo,2016,201.08,208.99,233.66429469195953,220.0934326113818,0.45
one_lag,grouped,8,M2_history_env_compact_rf,rf,Congo,2017,197.63,201.08,216.16271907021175,207.86722358159528,0.45
one_lag,grouped,8,M2_history_env_compact_rf,rf,Congo,2018,235.1,197.63,234.93016796146767,214.41507558266045,0.45
one_lag,grouped,8,M2_history_env_compact_rf,rf,Congo,2020,213.2,235.1,240.13930945481326,237.36768925466598,0.45
one_lag,grouped,8,M2_history_env_compact_rf,rf,Democratic Republic of the Congo,2016,310.59,317.07,309.09912466756293,313.4831061004033,0.45
one_lag,grouped,8,M2_history_env_compact_rf,rf,Democratic Republic of the Congo,2017,307.62,310.59,307.10333179454705,309.02099930754616,0.45
one_lag,grouped,8,M2_history_env_compact_rf,rf,Democratic Republic of the Congo,2018,319.8,307.62,304.75030924569535,306.3286391605629,0.45
one_lag,grouped,8,M2_history_env_compact_rf,rf,Democratic Republic of the Congo,2020,324.2,319.8,311.232781009388,315.9447514542246,0.45
one_lag,grouped,8,M2_history_env_compact_rf,rf,Kenya,2016,71.23,73.15,86.69595901226555,79.2456815555195,0.45
one_lag,grouped,8,M2_history_env_compact_rf,rf,Kenya,2017,70.83,71.23,87.60033856782111,78.5966523555195,0.45
one_lag,grouped,8,M2_history_env_compact_rf,rf,Kenya,2018,70.1,70.83,106.84521462609621,87.03684658174329,0.45
one_lag,grouped,8,M2_history_env_compact_rf,rf,Kenya,2020,50.9,70.1,106.1798952076258,86.33595284343161,0.45
one_lag,grouped,8,M2_history_env_compact_rf,rf,South Sudan,2016,142.2,151.95,162.23706997228882,156.57918148752995,0.45
one_lag,grouped,8,M2_history_env_compact_rf,rf,South Sudan,2017,141.68,142.2,154.52518987142696,147.74633544214214,0.45
one_lag,grouped,8,M2_history_env_compact_rf,rf,South Sudan,2018,235.9,141.68,154.2985897001734,147.35836536507804,0.45
one_lag,grouped,8,M2_history_env_compact_rf,rf,South Sudan,2020,286.9,235.9,207.77124051806808,223.24205823313065,0.45
one_lag,grouped,8,M2_history_env_compact_rf,rf,Togo,2016,376.39,377.65,376.49587242443573,377.13064259099605,0.45
one_lag,grouped,8,M2_history_env_compact_rf,rf,Togo,2017,370.86,376.39,376.0912575521837,376.25556589848264,0.45
one_lag,grouped,8,M2_history_env_compact_rf,rf,Togo,2018,267.3,370.86,372.8951483925198,371.7758167766339,0.45
one_lag,grouped,8,M2_history_env_compact_rf,rf,Togo,2020,228.9,267.3,246.63712095514614,258.0017044298158,0.45
one_lag,grouped,8,M2_history_env_compact_rf,rf,Zambia,2016,204.19,207.89,186.1129387752384,198.09032244885728,0.45
one_lag,grouped,8,M2_history_env_compact_rf,rf,Zambia,2017,203.32,204.19,204.88061330099202,204.5007759854464,0.45
one_lag,grouped,8,M2_history_env_compact_rf,rf,Zambia,2018,156.7,203.32,199.07900476840933,201.41155214578419,0.45
one_lag,grouped,8,M2_history_env_compact_rf,rf,Zambia,2020,189.9,156.7,189.58410087245687,171.4978453926056,0.45
one_lag,grouped,8,M2_history_env_compact_gb,gb,Burkina Faso,2016,411.62,429.04,380.47433612047536,409.61373444819014,0.4
one_lag,grouped,8,M2_history_env_compact_gb,gb,Burkina Faso,2017,411.99,411.62,381.3561834428917,399.51447337715666,0.4
one_lag,grouped,8,M2_history_env_compact_gb,gb,Burkina Faso,2018,398.7,411.99,381.08746122894576,399.6289844915783,0.4
one_lag,grouped,8,M2_history_env_compact_gb,gb,Burkina Faso,2020,389.9,398.7,381.08746122894576,391.6549844915783,0.4
one_lag,grouped,8,M2_history_env_compact_gb,gb,Congo,2016,201.08,208.99,217.96680893656344,212.58072357462538,0.4
one_lag,grouped,8,M2_history_env_compact_gb,gb,Congo,2017,197.63,201.08,214.4801728308514,206.44006913234057,0.4
one_lag,grouped,8,M2_history_env_compact_gb,gb,Congo,2018,235.1,197.63,222.7724658418929,207.68698633675717,0.4
one_lag,grouped,8,M2_history_env_compact_gb,gb,Congo,2020,213.2,235.1,229.120653366101,232.7082613464404,0.4
one_lag,grouped,8,M2_history_env_compact_gb,gb,Democratic Republic of the Congo,2016,310.59,317.07,289.5871146140427,306.0768458456171,0.4
one_lag,grouped,8,M2_history_env_compact_gb,gb,Democratic Republic of the Congo,2017,307.62,310.59,289.5871146140427,302.1888458456171,0.4
one_lag,grouped,8,M2_history_env_compact_gb,gb,Democratic Republic of the Congo,2018,319.8,307.62,289.5871146140427,300.4068458456171,0.4
one_lag,grouped,8,M2_history_env_compact_gb,gb,Democratic Republic of the Congo,2020,324.2,319.8,296.8191393914023,310.6076557565609,0.4
one_lag,grouped,8,M2_history_env_compact_gb,gb,Kenya,2016,71.23,73.15,91.89960936386635,80.64984374554655,0.4
one_lag,grouped,8,M2_history_env_compact_gb,gb,Kenya,2017,70.83,71.23,87.09395245853688,77.57558098341475,0.4
one_lag,grouped,8,M2_history_env_compact_gb,gb,Kenya,2018,70.1,70.83,103.03015520022895,83.71006208009157,0.4
one_lag,grouped,8,M2_history_env_compact_gb,gb,Kenya,2020,50.9,70.1,130.78885433984397,94.37554173593759,0.4
one_lag,grouped,8,M2_history_env_compact_gb,gb,South Sudan,2016,142.2,151.95,145.66598664761804,149.4363946590472,0.4
one_lag,grouped,8,M2_history_env_compact_gb,gb,South Sudan,2017,141.68,142.2,146.25900836618223,143.82360334647288,0.4
one_lag,grouped,8,M2_history_env_compact_gb,gb,South Sudan,2018,235.9,141.68,145.66598664761804,143.27439465904723,0.4
one_lag,grouped,8,M2_history_env_compact_gb,gb,South Sudan,2020,286.9,235.9,219.9509343026647,229.52037372106588,0.4
one_lag,grouped,8,M2_history_env_compact_gb,gb,Togo,2016,376.39,377.65,374.95248579623996,376.570994318496,0.4
one_lag,grouped,8,M2_history_env_compact_gb,gb,Togo,2017,370.86,376.39,376.0969878205174,376.27279512820695,0.4
one_lag,grouped,8,M2_history_env_compact_gb,gb,Togo,2018,267.3,370.86,374.6099990524464,372.35999962097856,0.4
one_lag,grouped,8,M2_history_env_compact_gb,gb,Togo,2020,228.9,267.3,244.38210072759824,258.1328402910393,0.4
one_lag,grouped,8,M2_history_env_compact_gb,gb,Zambia,2016,204.19,207.89,192.86015218204255,201.878060872817,0.4
one_lag,grouped,8,M2_history_env_compact_gb,gb,Zambia,2017,203.32,204.19,192.04438467382155,199.33175386952863,0.4
one_lag,grouped,8,M2_history_env_compact_gb,gb,Zambia,2018,156.7,203.32,199.09746765426223,201.6309870617049,0.4
one_lag,grouped,8,M2_history_env_compact_gb,gb,Zambia,2020,189.9,156.7,165.5072783031198,160.22291132124792,0.4
one_lag,grouped,8,M3_history_vc_rf,rf,Burkina Faso,2016,411.62,429.04,376.12752515939025,405.2293863217256,0.45
one_lag,grouped,8,M3_history_vc_rf,rf,Burkina Faso,2017,411.99,411.62,374.8582899422186,395.0772304739984,0.45
one_lag,grouped,8,M3_history_vc_rf,rf,Burkina Faso,2018,398.7,411.99,374.859538275552,395.2812922239984,0.45
one_lag,grouped,8,M3_history_vc_rf,rf,Burkina Faso,2020,389.9,398.7,374.8582899422186,387.9712304739984,0.45
one_lag,grouped,8,M3_history_vc_rf,rf,Congo,2016,201.08,208.99,236.41398304297954,221.3307923693408,0.45
one_lag,grouped,8,M3_history_vc_rf,rf,Congo,2017,197.63,201.08,220.49983189581462,209.81892435311659,0.45
one_lag,grouped,8,M3_history_vc_rf,rf,Congo,2018,235.1,197.63,243.7993837490592,218.40622268707662,0.45
one_lag,grouped,8,M3_history_vc_rf,rf,Congo,2020,213.2,235.1,238.67417151560585,236.70837718202262,0.45
one_lag,grouped,8,M3_history_vc_rf,rf,Democratic Republic of the Congo,2016,310.59,317.07,312.40592949912127,314.97116827460457,0.45
one_lag,grouped,8,M3_history_vc_rf,rf,Democratic Republic of the Congo,2017,307.62,310.59,362.5087589991413,333.95344154961356,0.45
one_lag,grouped,8,M3_history_vc_rf,rf,Democratic Republic of the Congo,2018,319.8,307.62,356.0574918562842,329.41687133532787,0.45
one_lag,grouped,8,M3_history_vc_rf,rf,Democratic Republic of the Congo,2020,324.2,319.8,323.50581204349385,321.4676154195722,0.45
one_lag,grouped,8,M3_history_vc_rf,rf,Kenya,2016,71.23,73.15,63.12566788578089,68.6390505486014,0.45
one_lag,grouped,8,M3_history_vc_rf,rf,Kenya,2017,70.83,71.23,68.30108654884006,69.91198894697803,0.45
one_lag,grouped,8,M3_history_vc_rf,rf,Kenya,2018,70.1,70.83,69.24156302863803,70.11520336288712,0.45
one_lag,grouped,8,M3_history_vc_rf,rf,Kenya,2020,50.9,70.1,59.87871919530467,65.5004236378871,0.45
one_lag,grouped,8,M3_history_vc_rf,rf,South Sudan,2016,142.2,151.95,161.33892258935046,156.1750151652077,0.45
one_lag,grouped,8,M3_history_vc_rf,rf,South Sudan,2017,141.68,142.2,144.07668132492026,143.04450659621412,0.45
one_lag,grouped,8,M3_history_vc_rf,rf,South Sudan,2018,235.9,141.68,144.16022359859107,142.79610061936597,0.45
one_lag,grouped,8,M3_history_vc_rf,rf,South Sudan,2020,286.9,235.9,204.02543866002324,221.55644739701046,0.45
one_lag,grouped,8,M3_history_vc_rf,rf,Togo,2016,376.39,377.65,358.9605739219339,369.2397582648702,0.45
one_lag,grouped,8,M3_history_vc_rf,rf,Togo,2017,370.86,376.39,361.7725288114548,369.81213796515465,0.45
one_lag,grouped,8,M3_history_vc_rf,rf,Togo,2018,267.3,370.86,357.84270473111326,365.002217129001,0.45
one_lag,grouped,8,M3_history_vc_rf,rf,Togo,2020,228.9,267.3,245.26177353697938,257.3827980916407,0.45
one_lag,grouped,8,M3_history_vc_rf,rf,Zambia,2016,204.19,207.89,189.58583949309946,199.65312777189476,0.45
one_lag,grouped,8,M3_history_vc_rf,rf,Zambia,2017,203.32,204.19,230.40047523596132,215.9847138561826,0.45
one_lag,grouped,8,M3_history_vc_rf,rf,Zambia,2018,156.7,203.32,202.40962033498383,202.9103291507427,0.45
one_lag,grouped,8,M3_history_vc_rf,rf,Zambia,2020,189.9,156.7,216.99601990361526,183.83320895662686,0.45
one_lag,grouped,8,M3_history_vc_gb,gb,Burkina Faso,2016,411.62,429.04,383.7977236575367,413.2052032801379,0.35000000000000003
one_lag,grouped,8,M3_history_vc_gb,gb,Burkina Faso,2017,411.99,411.62,384.7043269567878,402.1995144348757,0.35000000000000003
one_lag,grouped,8,M3_history_vc_gb,gb,Burkina Faso,2018,398.7,411.99,384.7043269567878,402.4400144348757,0.35000000000000003
one_lag,grouped,8,M3_history_vc_gb,gb,Burkina Faso,2020,389.9,398.7,384.7043269567878,393.80151443487574,0.35000000000000003
one_lag,grouped,8,M3_history_vc_gb,gb,Congo,2016,201.08,208.99,226.03403829123334,214.95541340193168,0.35000000000000003
one_lag,grouped,8,M3_history_vc_gb,gb,Congo,2017,197.63,201.08,217.35925806494737,206.77774032273157,0.35000000000000003
one_lag,grouped,8,M3_history_vc_gb,gb,Congo,2018,235.1,197.63,213.20747220287134,203.08211527100497,0.35000000000000003
one_lag,grouped,8,M3_history_vc_gb,gb,Congo,2020,213.2,235.1,253.2097347095774,241.43840714835207,0.35000000000000003
one_lag,grouped,8,M3_history_vc_gb,gb,Democratic Republic of the Congo,2016,310.59,317.07,324.24456488928735,319.58109771125055,0.35000000000000003
one_lag,grouped,8,M3_history_vc_gb,gb,Democratic Republic of the Congo,2017,307.62,310.59,329.643585344206,317.2587548704721,0.35000000000000003
one_lag,grouped,8,M3_history_vc_gb,gb,Democratic Republic of the Congo,2018,319.8,307.62,357.4217884629486,325.05062596203203,0.35000000000000003
one_lag,grouped,8,M3_history_vc_gb,gb,Democratic Republic of the Congo,2020,324.2,319.8,331.3659846695692,323.8480946343492,0.35000000000000003
one_lag,grouped,8,M3_history_vc_gb,gb,Kenya,2016,71.23,73.15,68.44037456954297,71.50163109934005,0.35000000000000003
one_lag,grouped,8,M3_history_vc_gb,gb,Kenya,2017,70.83,71.23,68.44037456954297,70.25363109934004,0.35000000000000003
one_lag,grouped,8,M3_history_vc_gb,gb,Kenya,2018,70.1,70.83,69.25890307925171,70.2801160777381,0.35000000000000003
one_lag,grouped,8,M3_history_vc_gb,gb,Kenya,2020,50.9,70.1,66.94435633703128,68.99552471796095,0.35000000000000003
one_lag,grouped,8,M3_history_vc_gb,gb,South Sudan,2016,142.2,151.95,139.9186140996774,147.73901493488708,0.35000000000000003
one_lag,grouped,8,M3_history_vc_gb,gb,South Sudan,2017,141.68,142.2,139.9186140996774,141.40151493488708,0.35000000000000003
one_lag,grouped,8,M3_history_vc_gb,gb,South Sudan,2018,235.9,141.68,139.01201080042622,140.7462037801492,0.35000000000000003
one_lag,grouped,8,M3_history_vc_gb,gb,South Sudan,2020,286.9,235.9,216.50587652297108,229.1120567830399,0.35000000000000003
one_lag,grouped,8,M3_history_vc_gb,gb,Togo,2016,376.39,377.65,365.7812502021931,373.4959375707676,0.35000000000000003
one_lag,grouped,8,M3_history_vc_gb,gb,Togo,2017,370.86,376.39,364.87464690294206,372.3596264160297,0.35000000000000003
one_lag,grouped,8,M3_history_vc_gb,gb,Togo,2018,267.3,370.86,364.87464690294206,368.7651264160297,0.35000000000000003
one_lag,grouped,8,M3_history_vc_gb,gb,Togo,2020,228.9,267.3,246.62894744465387,260.06513160562884,0.35000000000000003
one_lag,grouped,8,M3_history_vc_gb,gb,Zambia,2016,204.19,207.89,195.36494015146008,203.50622905301103,0.35000000000000003
one_lag,grouped,8,M3_history_vc_gb,gb,Zambia,2017,203.32,204.19,223.85883646553245,211.07409276293635,0.35000000000000003
one_lag,grouped,8,M3_history_vc_gb,gb,Zambia,2018,156.7,203.32,195.1751509506861,200.4693028327401,0.35000000000000003
one_lag,grouped,8,M3_history_vc_gb,gb,Zambia,2020,189.9,156.7,204.31767807348683,173.36618732572038,0.35000000000000003
one_lag,grouped,8,M4_history_env_compact_vc_rf,rf,Burkina Faso,2016,411.62,429.04,368.35214918102827,401.7304671314627,0.45
one_lag,grouped,8,M4_history_env_compact_vc_rf,rf,Burkina Faso,2017,411.99,411.62,364.61016716232484,390.4655752230462,0.45
one_lag,grouped,8,M4_history_env_compact_vc_rf,rf,Burkina Faso,2018,398.7,411.99,367.1090056296352,391.79355253333586,0.45
one_lag,grouped,8,M4_history_env_compact_vc_rf,rf,Burkina Faso,2020,389.9,398.7,368.4077491014968,385.06848709567356,0.45
one_lag,grouped,8,M4_history_env_compact_vc_rf,rf,Congo,2016,201.08,208.99,235.86232059873666,221.0825442694315,0.45
one_lag,grouped,8,M4_history_env_compact_vc_rf,rf,Congo,2017,197.63,201.08,212.4670754234284,206.2041839405428,0.45
one_lag,grouped,8,M4_history_env_compact_vc_rf,rf,Congo,2018,235.1,197.63,239.47417648565366,216.45987941854415,0.45
one_lag,grouped,8,M4_history_env_compact_vc_rf,rf,Congo,2020,213.2,235.1,242.10299948515333,238.251349768319,0.45
one_lag,grouped,8,M4_history_env_compact_vc_rf,rf,Democratic Republic of the Congo,2016,310.59,317.07,308.62842804537394,313.27129262041825,0.45
one_lag,grouped,8,M4_history_env_compact_vc_rf,rf,Democratic Republic of the Congo,2017,307.62,310.59,332.95169585903403,320.6527631365653,0.45
one_lag,grouped,8,M4_history_env_compact_vc_rf,rf,Democratic Republic of the Congo,2018,319.8,307.62,331.13659469053584,318.2024676107411,0.45
one_lag,grouped,8,M4_history_env_compact_vc_rf,rf,Democratic Republic of the Congo,2020,324.2,319.8,310.33184643548384,315.53933089596774,0.45
one_lag,grouped,8,M4_history_env_compact_vc_rf,rf,Kenya,2016,71.23,73.15,87.50357302952612,79.60910786328675,0.45
one_lag,grouped,8,M4_history_env_compact_vc_rf,rf,Kenya,2017,70.83,71.23,90.7229026803198,80.00180620614391,0.45
one_lag,grouped,8,M4_history_env_compact_vc_rf,rf,Kenya,2018,70.1,70.83,104.42171958080817,85.94627381136368,0.45
one_lag,grouped,8,M4_history_env_compact_vc_rf,rf,Kenya,2020,50.9,70.1,106.29202714430022,86.38641221493509,0.45
one_lag,grouped,8,M4_history_env_compact_vc_rf,rf,South Sudan,2016,142.2,151.95,162.87473035325453,156.86612865896453,0.45
one_lag,grouped,8,M4_history_env_compact_vc_rf,rf,South Sudan,2017,141.68,142.2,154.27993067653415,147.63596880444035,0.45
one_lag,grouped,8,M4_history_env_compact_vc_rf,rf,South Sudan,2018,235.9,141.68,155.84685804362957,148.0550861196333,0.45
one_lag,grouped,8,M4_history_env_compact_vc_rf,rf,South Sudan,2020,286.9,235.9,203.54350243376757,221.3395760951954,0.45
one_lag,grouped,8,M4_history_env_compact_vc_rf,rf,Togo,2016,376.39,377.65,369.1059392470866,373.805172661189,0.45
one_lag,grouped,8,M4_history_env_compact_vc_rf,rf,Togo,2017,370.86,376.39,371.6615892470815,374.26221516118665,0.45
one_lag,grouped,8,M4_history_env_compact_vc_rf,rf,Togo,2018,267.3,370.86,366.79426345048904,369.03041855272005,0.45
one_lag,grouped,8,M4_history_env_compact_vc_rf,rf,Togo,2020,228.9,267.3,248.5787329105877,258.87542980976446,0.45
one_lag,grouped,8,M4_history_env_compact_vc_rf,rf,Zambia,2016,204.19,207.89,185.24258353083957,197.6986625888778,0.45
one_lag,grouped,8,M4_history_env_compact_vc_rf,rf,Zambia,2017,203.32,204.19,204.6288146949226,204.38746661271517,0.45
one_lag,grouped,8,M4_history_env_compact_vc_rf,rf,Zambia,2018,156.7,203.32,195.93129947763595,199.99508476493617,0.45
one_lag,grouped,8,M4_history_env_compact_vc_rf,rf,Zambia,2020,189.9,156.7,191.8195842395728,172.50381290780774,0.45
one_lag,grouped,8,M4_history_env_compact_vc_gb,gb,Burkina Faso,2016,411.62,429.04,380.203594204236,409.50543768169445,0.4
one_lag,grouped,8,M4_history_env_compact_vc_gb,gb,Burkina Faso,2017,411.99,411.62,380.203594204236,399.0534376816944,0.4
one_lag,grouped,8,M4_history_env_compact_vc_gb,gb,Burkina Faso,2018,398.7,411.99,380.203594204236,399.2754376816944,0.4
one_lag,grouped,8,M4_history_env_compact_vc_gb,gb,Burkina Faso,2020,389.9,398.7,380.203594204236,391.3014376816944,0.4
one_lag,grouped,8,M4_history_env_compact_vc_gb,gb,Congo,2016,201.08,208.99,218.38108959391116,212.74643583756446,0.4
one_lag,grouped,8,M4_history_env_compact_vc_gb,gb,Congo,2017,197.63,201.08,217.20804234448542,207.53121693779417,0.4
one_lag,grouped,8,M4_history_env_compact_vc_gb,gb,Congo,2018,235.1,197.63,212.64541689811804,203.6361667592472,0.4
one_lag,grouped,8,M4_history_env_compact_vc_gb,gb,Congo,2020,213.2,235.1,220.85538015728676,229.4021520629147,0.4
one_lag,grouped,8,M4_history_env_compact_vc_gb,gb,Democratic Republic of the Congo,2016,310.59,317.07,278.8354173489174,301.77616693956696,0.4
one_lag,grouped,8,M4_history_env_compact_vc_gb,gb,Democratic Republic of the Congo,2017,307.62,310.59,289.26042914946885,302.05817165978755,0.4
one_lag,grouped,8,M4_history_env_compact_vc_gb,gb,Democratic Republic of the Congo,2018,319.8,307.62,289.26042914946885,300.27617165978756,0.4
one_lag,grouped,8,M4_history_env_compact_vc_gb,gb,Democratic Republic of the Congo,2020,324.2,319.8,286.067442126277,306.3069768505108,0.4
one_lag,grouped,8,M4_history_env_compact_vc_gb,gb,Kenya,2016,71.23,73.15,90.23045790501007,79.98218316200403,0.4
one_lag,grouped,8,M4_history_env_compact_vc_gb,gb,Kenya,2017,70.83,71.23,85.48267663941121,76.93107065576449,0.4
one_lag,grouped,8,M4_history_env_compact_vc_gb,gb,Kenya,2018,70.1,70.83,92.23304121236788,79.39121648494715,0.4
one_lag,grouped,8,M4_history_env_compact_vc_gb,gb,Kenya,2020,50.9,70.1,119.95243151825383,90.04097260730153,0.4
one_lag,grouped,8,M4_history_env_compact_vc_gb,gb,South Sudan,2016,142.2,151.95,139.72000793753517,147.05800317501405,0.4
one_lag,grouped,8,M4_history_env_compact_vc_gb,gb,South Sudan,2017,141.68,142.2,139.72000793753517,141.20800317501406,0.4
one_lag,grouped,8,M4_history_env_compact_vc_gb,gb,South Sudan,2018,235.9,141.68,139.72000793753517,140.89600317501407,0.4
one_lag,grouped,8,M4_history_env_compact_vc_gb,gb,South Sudan,2020,286.9,235.9,217.14498145612563,228.39799258245026,0.4
one_lag,grouped,8,M4_history_env_compact_vc_gb,gb,Togo,2016,376.39,377.65,370.0950715272711,374.6280286109084,0.4
one_lag,grouped,8,M4_history_env_compact_vc_gb,gb,Togo,2017,370.86,376.39,370.0950715272711,373.87202861090844,0.4
one_lag,grouped,8,M4_history_env_compact_vc_gb,gb,Togo,2018,267.3,370.86,370.0950715272711,370.55402861090846,0.4
one_lag,grouped,8,M4_history_env_compact_vc_gb,gb,Togo,2020,228.9,267.3,242.62747695663205,257.4309907826528,0.4
one_lag,grouped,8,M4_history_env_compact_vc_gb,gb,Zambia,2016,204.19,207.89,189.5051124438263,200.5360449775305,0.4
one_lag,grouped,8,M4_history_env_compact_vc_gb,gb,Zambia,2017,203.32,204.19,212.8438730715513,207.65154922862052,0.4
one_lag,grouped,8,M4_history_env_compact_vc_gb,gb,Zambia,2018,156.7,203.32,194.4061013530928,199.7544405412371,0.4
one_lag,grouped,8,M4_history_env_compact_vc_gb,gb,Zambia,2020,189.9,156.7,176.52167625562276,164.6286705022491,0.4
one_lag,grouped,8,M5_history_env_full_rf,rf,Burkina Faso,2016,411.62,429.04,363.1693470817066,402.69173883268263,0.4
one_lag,grouped,8,M5_history_env_full_rf,rf,Burkina Faso,2017,411.99,411.62,363.2508767374288,392.2723506949715,0.4
one_lag,grouped,8,M5_history_env_full_rf,rf,Burkina Faso,2018,398.7,411.99,364.46524527422,392.980098109688,0.4
one_lag,grouped,8,M5_history_env_full_rf,rf,Burkina Faso,2020,389.9,398.7,365.5993080282992,385.45972321131967,0.4
one_lag,grouped,8,M5_history_env_full_rf,rf,Congo,2016,201.08,208.99,236.45272678641436,219.97509071456574,0.4
one_lag,grouped,8,M5_history_env_full_rf,rf,Congo,2017,197.63,201.08,223.10572957034069,209.89029182813627,0.4
one_lag,grouped,8,M5_history_env_full_rf,rf,Congo,2018,235.1,197.63,232.5962523927826,211.61650095711303,0.4
one_lag,grouped,8,M5_history_env_full_rf,rf,Congo,2020,213.2,235.1,237.81779041341753,236.187116165367,0.4
one_lag,grouped,8,M5_history_env_full_rf,rf,Democratic Republic of the Congo,2016,310.59,317.07,304.29278243961795,311.9591129758472,0.4
one_lag,grouped,8,M5_history_env_full_rf,rf,Democratic Republic of the Congo,2017,307.62,310.59,303.9134993216526,307.919399728661,0.4
one_lag,grouped,8,M5_history_env_full_rf,rf,Democratic Republic of the Congo,2018,319.8,307.62,299.1674882218576,304.238995288743,0.4
one_lag,grouped,8,M5_history_env_full_rf,rf,Democratic Republic of the Congo,2020,324.2,319.8,308.4423305273821,315.25693221095287,0.4
one_lag,grouped,8,M5_history_env_full_rf,rf,Kenya,2016,71.23,73.15,94.20247959268511,81.57099183707405,0.4
one_lag,grouped,8,M5_history_env_full_rf,rf,Kenya,2017,70.83,71.23,95.14616992385392,80.79646796954157,0.4
one_lag,grouped,8,M5_history_env_full_rf,rf,Kenya,2018,70.1,70.83,108.94617672755027,86.0764706910201,0.4
one_lag,grouped,8,M5_history_env_full_rf,rf,Kenya,2020,50.9,70.1,106.76819672971473,84.76727869188589,0.4
one_lag,grouped,8,M5_history_env_full_rf,rf,South Sudan,2016,142.2,151.95,167.31483147402477,158.0959325896099,0.4
one_lag,grouped,8,M5_history_env_full_rf,rf,South Sudan,2017,141.68,142.2,157.3942588368121,148.27770353472482,0.4
one_lag,grouped,8,M5_history_env_full_rf,rf,South Sudan,2018,235.9,141.68,156.4301758526019,147.58007034104077,0.4
one_lag,grouped,8,M5_history_env_full_rf,rf,South Sudan,2020,286.9,235.9,211.44074639474928,226.1162985578997,0.4
one_lag,grouped,8,M5_history_env_full_rf,rf,Togo,2016,376.39,377.65,369.60285080862883,374.43114032345153,0.4
one_lag,grouped,8,M5_history_env_full_rf,rf,Togo,2017,370.86,376.39,364.3219548443843,371.5627819377537,0.4
one_lag,grouped,8,M5_history_env_full_rf,rf,Togo,2018,267.3,370.86,364.6010941240913,368.3564376496365,0.4
one_lag,grouped,8,M5_history_env_full_rf,rf,Togo,2020,228.9,267.3,249.71974828796633,260.2678993151865,0.4
one_lag,grouped,8,M5_history_env_full_rf,rf,Zambia,2016,204.19,207.89,192.8572143388394,201.87688573553575,0.4
one_lag,grouped,8,M5_history_env_full_rf,rf,Zambia,2017,203.32,204.19,210.21901815626242,206.60160726250496,0.4
one_lag,grouped,8,M5_history_env_full_rf,rf,Zambia,2018,156.7,203.32,201.68447216579142,202.66578886631657,0.4
one_lag,grouped,8,M5_history_env_full_rf,rf,Zambia,2020,189.9,156.7,188.46889262310816,169.40755704924325,0.4
one_lag,grouped,8,M5_history_env_full_gb,gb,Burkina Faso,2016,411.62,429.04,379.3509127256697,409.1643650902679,0.4
one_lag,grouped,8,M5_history_env_full_gb,gb,Burkina Faso,2017,411.99,411.62,379.3400435478417,398.7080174191367,0.4
one_lag,grouped,8,M5_history_env_full_gb,gb,Burkina Faso,2018,398.7,411.99,378.9668376935382,398.7807350774153,0.4
one_lag,grouped,8,M5_history_env_full_gb,gb,Burkina Faso,2020,389.9,398.7,377.4416809586407,390.19667238345625,0.4
one_lag,grouped,8,M5_history_env_full_gb,gb,Congo,2016,201.08,208.99,219.71292441580772,213.2791697663231,0.4
one_lag,grouped,8,M5_history_env_full_gb,gb,Congo,2017,197.63,201.08,218.02996085096504,207.85998434038603,0.4
one_lag,grouped,8,M5_history_env_full_gb,gb,Congo,2018,235.1,197.63,226.17390934158945,209.04756373663577,0.4
one_lag,grouped,8,M5_history_env_full_gb,gb,Congo,2020,213.2,235.1,232.83344568563328,234.19337827425332,0.4
one_lag,grouped,8,M5_history_env_full_gb,gb,Democratic Republic of the Congo,2016,310.59,317.07,289.2888584204,305.95754336816,0.4
one_lag,grouped,8,M5_history_env_full_gb,gb,Democratic Republic of the Congo,2017,307.62,310.59,289.2888584204,302.06954336816,0.4
one_lag,grouped,8,M5_history_env_full_gb,gb,Democratic Republic of the Congo,2018,319.8,307.62,289.2888584204,300.28754336816,0.4
one_lag,grouped,8,M5_history_env_full_gb,gb,Democratic Republic of the Congo,2020,324.2,319.8,296.52087956581727,310.4883518263269,0.4
one_lag,grouped,8,M5_history_env_full_gb,gb,Kenya,2016,71.23,73.15,96.51191248628514,82.49476499451406,0.4
one_lag,grouped,8,M5_history_env_full_gb,gb,Kenya,2017,70.83,71.23,90.05092756050344,78.75837102420138,0.4
one_lag,grouped,8,M5_history_env_full_gb,gb,Kenya,2018,70.1,70.83,99.8367797787452,82.43271191149807,0.4
one_lag,grouped,8,M5_history_env_full_gb,gb,Kenya,2020,50.9,70.1,127.10976706287963,92.90390682515185,0.4
one_lag,grouped,8,M5_history_env_full_gb,gb,South Sudan,2016,142.2,151.95,145.79730236176528,149.4889209447061,0.4
one_lag,grouped,8,M5_history_env_full_gb,gb,South Sudan,2017,141.68,142.2,145.79730236176528,143.63892094470611,0.4
one_lag,grouped,8,M5_history_env_full_gb,gb,South Sudan,2018,235.9,141.68,145.79730236176528,143.3269209447061,0.4
one_lag,grouped,8,M5_history_env_full_gb,gb,South Sudan,2020,286.9,235.9,221.05808583430553,229.96323433372223,0.4
one_lag,grouped,8,M5_history_env_full_gb,gb,Togo,2016,376.39,377.65,371.90756891222753,375.353027564891,0.4
one_lag,grouped,8,M5_history_env_full_gb,gb,Togo,2017,370.86,376.39,371.90756891222753,374.597027564891,0.4
one_lag,grouped,8,M5_history_env_full_gb,gb,Togo,2018,267.3,370.86,368.8758569136805,370.0663427654722,0.4
one_lag,grouped,8,M5_history_env_full_gb,gb,Togo,2020,228.9,267.3,244.194264486427,258.0577057945708,0.4
one_lag,grouped,8,M5_history_env_full_gb,gb,Zambia,2016,204.19,207.89,192.23579324985118,201.62831729994048,0.4
one_lag,grouped,8,M5_history_env_full_gb,gb,Zambia,2017,203.32,204.19,191.94627327707997,199.29250931083197,0.4
one_lag,grouped,8,M5_history_env_full_gb,gb,Zambia,2018,156.7,203.32,201.599005590731,202.6316022362924,0.4
one_lag,grouped,8,M5_history_env_full_gb,gb,Zambia,2020,189.9,156.7,167.23044730293137,160.91217892117254,0.4
one_lag,grouped,8,M6_history_env_full_vc_rf,rf,Burkina Faso,2016,411.62,429.04,369.1906346174636,405.1002538469855,0.4
one_lag,grouped,8,M6_history_env_full_vc_rf,rf,Burkina Faso,2017,411.99,411.62,367.3678663246774,393.91914652987094,0.4
one_lag,grouped,8,M6_history_env_full_vc_rf,rf,Burkina Faso,2018,398.7,411.99,366.5089241839266,393.79756967357065,0.4
one_lag,grouped,8,M6_history_env_full_vc_rf,rf,Burkina Faso,2020,389.9,398.7,367.8198788729886,386.34795154919544,0.4
one_lag,grouped,8,M6_history_env_full_vc_rf,rf,Congo,2016,201.08,208.99,235.07761084019185,219.42504433607675,0.4
one_lag,grouped,8,M6_history_env_full_vc_rf,rf,Congo,2017,197.63,201.08,222.21480952233568,209.53392380893428,0.4
one_lag,grouped,8,M6_history_env_full_vc_rf,rf,Congo,2018,235.1,197.63,234.86878656013675,212.5255146240547,0.4
one_lag,grouped,8,M6_history_env_full_vc_rf,rf,Congo,2020,213.2,235.1,239.17936691228581,236.73174676491433,0.4
one_lag,grouped,8,M6_history_env_full_vc_rf,rf,Democratic Republic of the Congo,2016,310.59,317.07,303.78668786233743,311.75667514493495,0.4
one_lag,grouped,8,M6_history_env_full_vc_rf,rf,Democratic Republic of the Congo,2017,307.62,310.59,322.9381225676821,315.5292490270728,0.4
one_lag,grouped,8,M6_history_env_full_vc_rf,rf,Democratic Republic of the Congo,2018,319.8,307.62,320.0341783903038,312.5856713561215,0.4
one_lag,grouped,8,M6_history_env_full_vc_rf,rf,Democratic Republic of the Congo,2020,324.2,319.8,305.02161758849746,313.888647035399,0.4
one_lag,grouped,8,M6_history_env_full_vc_rf,rf,Kenya,2016,71.23,73.15,91.79507318369214,80.60802927347686,0.4
one_lag,grouped,8,M6_history_env_full_vc_rf,rf,Kenya,2017,70.83,71.23,92.90335354877149,79.8993414195086,0.4
one_lag,grouped,8,M6_history_env_full_vc_rf,rf,Kenya,2018,70.1,70.83,108.30222086678684,85.81888834671474,0.4
one_lag,grouped,8,M6_history_env_full_vc_rf,rf,Kenya,2020,50.9,70.1,108.59225934941533,85.49690373976613,0.4
one_lag,grouped,8,M6_history_env_full_vc_rf,rf,South Sudan,2016,142.2,151.95,166.0439046904512,157.58756187618047,0.4
one_lag,grouped,8,M6_history_env_full_vc_rf,rf,South Sudan,2017,141.68,142.2,155.0026275631699,147.32105102526796,0.4
one_lag,grouped,8,M6_history_env_full_vc_rf,rf,South Sudan,2018,235.9,141.68,154.88726779549322,146.96290711819728,0.4
one_lag,grouped,8,M6_history_env_full_vc_rf,rf,South Sudan,2020,286.9,235.9,206.14915974718207,223.99966389887283,0.4
one_lag,grouped,8,M6_history_env_full_vc_rf,rf,Togo,2016,376.39,377.65,365.03230572918096,372.60292229167237,0.4
one_lag,grouped,8,M6_history_env_full_vc_rf,rf,Togo,2017,370.86,376.39,363.2940577260243,371.1516230904097,0.4
one_lag,grouped,8,M6_history_env_full_vc_rf,rf,Togo,2018,267.3,370.86,360.1651070496245,366.5820428198498,0.4
one_lag,grouped,8,M6_history_env_full_vc_rf,rf,Togo,2020,228.9,267.3,251.2255608672222,260.8702243468889,0.4
one_lag,grouped,8,M6_history_env_full_vc_rf,rf,Zambia,2016,204.19,207.89,187.3826667751296,199.68706671005182,0.4
one_lag,grouped,8,M6_history_env_full_vc_rf,rf,Zambia,2017,203.32,204.19,207.45668351216372,205.49667340486548,0.4
one_lag,grouped,8,M6_history_env_full_vc_rf,rf,Zambia,2018,156.7,203.32,197.77137592563417,201.10055037025367,0.4
one_lag,grouped,8,M6_history_env_full_vc_rf,rf,Zambia,2020,189.9,156.7,190.41641149462095,170.18656459784836,0.4
one_lag,grouped,8,M6_history_env_full_vc_gb,gb,Burkina Faso,2016,411.62,429.04,377.5791639367087,408.4556655746835,0.4
one_lag,grouped,8,M6_history_env_full_vc_gb,gb,Burkina Faso,2017,411.99,411.62,377.5791639367087,398.0036655746835,0.4
one_lag,grouped,8,M6_history_env_full_vc_gb,gb,Burkina Faso,2018,398.7,411.99,377.5791639367087,398.2256655746835,0.4
one_lag,grouped,8,M6_history_env_full_vc_gb,gb,Burkina Faso,2020,389.9,398.7,377.18355062558817,390.0934202502353,0.4
one_lag,grouped,8,M6_history_env_full_vc_gb,gb,Congo,2016,201.08,208.99,216.49501854777955,211.99200741911181,0.4
one_lag,grouped,8,M6_history_env_full_vc_gb,gb,Congo,2017,197.63,201.08,217.43963648982572,207.62385459593028,0.4
one_lag,grouped,8,M6_history_env_full_vc_gb,gb,Congo,2018,235.1,197.63,220.2702252542143,206.68609010168572,0.4
one_lag,grouped,8,M6_history_env_full_vc_gb,gb,Congo,2020,213.2,235.1,227.16139898134801,231.9245595925392,0.4
one_lag,grouped,8,M6_history_env_full_vc_gb,gb,Democratic Republic of the Congo,2016,310.59,317.07,282.87240056944813,303.39096022777926,0.4
one_lag,grouped,8,M6_history_env_full_vc_gb,gb,Democratic Republic of the Congo,2017,307.62,310.59,287.69196698753524,301.43078679501406,0.4
one_lag,grouped,8,M6_history_env_full_vc_gb,gb,Democratic Republic of the Congo,2018,319.8,307.62,287.69196698753524,299.6487867950141,0.4
one_lag,grouped,8,M6_history_env_full_vc_gb,gb,Democratic Republic of the Congo,2020,324.2,319.8,291.77207173793965,308.5888286951759,0.4
one_lag,grouped,8,M6_history_env_full_vc_gb,gb,Kenya,2016,71.23,73.15,99.77438432010464,83.79975372804186,0.4
one_lag,grouped,8,M6_history_env_full_vc_gb,gb,Kenya,2017,70.83,71.23,92.00126691116347,79.5385067644654,0.4
one_lag,grouped,8,M6_history_env_full_vc_gb,gb,Kenya,2018,70.1,70.83,93.20639611433621,79.78055844573448,0.4
one_lag,grouped,8,M6_history_env_full_vc_gb,gb,Kenya,2020,50.9,70.1,122.2505423398378,90.96021693593512,0.4
one_lag,grouped,8,M6_history_env_full_vc_gb,gb,South Sudan,2016,142.2,151.95,139.94350183769185,147.14740073507673,0.4
one_lag,grouped,8,M6_history_env_full_vc_gb,gb,South Sudan,2017,141.68,142.2,139.94350183769185,141.29740073507674,0.4
one_lag,grouped,8,M6_history_env_full_vc_gb,gb,South Sudan,2018,235.9,141.68,139.94350183769185,140.98540073507675,0.4
one_lag,grouped,8,M6_history_env_full_vc_gb,gb,South Sudan,2020,286.9,235.9,218.05994385223264,228.76397754089305,0.4
one_lag,grouped,8,M6_history_env_full_vc_gb,gb,Togo,2016,376.39,377.65,369.42833720441024,374.3613348817641,0.4
one_lag,grouped,8,M6_history_env_full_vc_gb,gb,Togo,2017,370.86,376.39,369.42833720441024,373.60533488176407,0.4
one_lag,grouped,8,M6_history_env_full_vc_gb,gb,Togo,2018,267.3,370.86,368.5172383539602,369.9228953415841,0.4
one_lag,grouped,8,M6_history_env_full_vc_gb,gb,Togo,2020,228.9,267.3,243.83222688310738,257.91289075324295,0.4
one_lag,grouped,8,M6_history_env_full_vc_gb,gb,Zambia,2016,204.19,207.89,189.20542673597367,200.41617069438945,0.4
one_lag,grouped,8,M6_history_env_full_vc_gb,gb,Zambia,2017,203.32,204.19,210.25060307992126,206.6142412319685,0.4
one_lag,grouped,8,M6_history_env_full_vc_gb,gb,Zambia,2018,156.7,203.32,195.34897708838668,200.13159083535467,0.4
one_lag,grouped,8,M6_history_env_full_vc_gb,gb,Zambia,2020,189.9,156.7,179.74207855054303,165.9168314202172,0.4
one_lag,grouped,9,M0_persistence,baseline,Côte d'Ivoire,2016,140.1,146.95,146.95,146.95,
one_lag,grouped,9,M0_persistence,baseline,Côte d'Ivoire,2017,138.86,140.1,140.1,140.1,
one_lag,grouped,9,M0_persistence,baseline,Côte d'Ivoire,2018,330.6,138.86,138.86,138.86,
one_lag,grouped,9,M0_persistence,baseline,Côte d'Ivoire,2020,287.0,330.6,330.6,330.6,
one_lag,grouped,9,M0_persistence,baseline,Democratic Republic of the Congo,2016,310.59,317.07,317.07,317.07,
one_lag,grouped,9,M0_persistence,baseline,Democratic Republic of the Congo,2017,307.62,310.59,310.59,310.59,
one_lag,grouped,9,M0_persistence,baseline,Democratic Republic of the Congo,2018,319.8,307.62,307.62,307.62,
one_lag,grouped,9,M0_persistence,baseline,Democratic Republic of the Congo,2020,324.2,319.8,319.8,319.8,
one_lag,grouped,9,M0_persistence,baseline,Malawi,2016,233.45,233.45,233.45,233.45,
one_lag,grouped,9,M0_persistence,baseline,Malawi,2017,231.1,233.45,233.45,233.45,
one_lag,grouped,9,M0_persistence,baseline,Malawi,2018,213.6,231.1,231.1,231.1,
one_lag,grouped,9,M0_persistence,baseline,Malawi,2020,228.5,213.6,213.6,213.6,
one_lag,grouped,9,M0_persistence,baseline,Mali,2016,383.59,391.18,391.18,391.18,
one_lag,grouped,9,M0_persistence,baseline,Mali,2017,386.16,383.59,383.59,383.59,
one_lag,grouped,9,M0_persistence,baseline,Mali,2018,386.8,386.16,386.16,386.16,
one_lag,grouped,9,M0_persistence,baseline,Mozambique,2016,338.3,339.02,339.02,339.02,
one_lag,grouped,9,M0_persistence,baseline,Mozambique,2017,337.92,338.3,338.3,338.3,
one_lag,grouped,9,M0_persistence,baseline,Mozambique,2018,305.4,337.92,337.92,337.92,
one_lag,grouped,9,M0_persistence,baseline,Mozambique,2020,320.2,305.4,305.4,305.4,
one_lag,grouped,9,M0_persistence,baseline,Togo,2016,376.39,377.65,377.65,377.65,
one_lag,grouped,9,M0_persistence,baseline,Togo,2017,370.86,376.39,376.39,376.39,
one_lag,grouped,9,M0_persistence,baseline,Togo,2018,267.3,370.86,370.86,370.86,
one_lag,grouped,9,M0_persistence,baseline,Togo,2020,228.9,267.3,267.3,267.3,
one_lag,grouped,9,M0_persistence,baseline,Zambia,2016,204.19,207.89,207.89,207.89,
one_lag,grouped,9,M0_persistence,baseline,Zambia,2017,203.32,204.19,204.19,204.19,
one_lag,grouped,9,M0_persistence,baseline,Zambia,2018,156.7,203.32,203.32,203.32,
one_lag,grouped,9,M0_persistence,baseline,Zambia,2020,189.9,156.7,156.7,156.7,
one_lag,grouped,9,M1_history_rf,rf,Côte d'Ivoire,2016,140.1,146.95,170.40259192096966,157.50366636443633,0.45
one_lag,grouped,9,M1_history_rf,rf,Côte d'Ivoire,2017,138.86,140.1,169.95040013525536,153.53268006086492,0.45
one_lag,grouped,9,M1_history_rf,rf,Côte d'Ivoire,2018,330.6,138.86,166.2201981453564,151.1720891654104,0.45
one_lag,grouped,9,M1_history_rf,rf,Côte d'Ivoire,2020,287.0,330.6,355.7787043030306,341.93041693636377,0.45
one_lag,grouped,9,M1_history_rf,rf,Democratic Republic of the Congo,2016,310.59,317.07,314.7365259523812,316.0199366785715,0.45
one_lag,grouped,9,M1_history_rf,rf,Democratic Republic of the Congo,2017,307.62,310.59,300.1439177748918,305.88926299870127,0.45
one_lag,grouped,9,M1_history_rf,rf,Democratic Republic of the Congo,2018,319.8,307.62,297.66880689393946,303.14196310227277,0.45
one_lag,grouped,9,M1_history_rf,rf,Democratic Republic of the Congo,2020,324.2,319.8,329.2027001161619,324.03121505227284,0.45
one_lag,grouped,9,M1_history_rf,rf,Malawi,2016,233.45,233.45,224.86407543757736,229.5863339469098,0.45
one_lag,grouped,9,M1_history_rf,rf,Malawi,2017,231.1,233.45,224.86407543757736,229.5863339469098,0.45
one_lag,grouped,9,M1_history_rf,rf,Malawi,2018,213.6,231.1,224.57157286614878,228.16220778976694,0.45
one_lag,grouped,9,M1_history_rf,rf,Malawi,2020,228.5,213.6,187.60701064621333,201.90315479079598,0.45
one_lag,grouped,9,M1_history_rf,rf,Mali,2016,383.59,391.18,381.57839340902586,386.8592770340616,0.45
one_lag,grouped,9,M1_history_rf,rf,Mali,2017,386.16,383.59,374.2467933380264,379.38555700211185,0.45
one_lag,grouped,9,M1_history_rf,rf,Mali,2018,386.8,386.16,374.7007331821822,381.003329931982,0.45
one_lag,grouped,9,M1_history_rf,rf,Mozambique,2016,338.3,339.02,351.94816726024976,344.8376752671124,0.45
one_lag,grouped,9,M1_history_rf,rf,Mozambique,2017,337.92,338.3,351.94816726024976,344.4416752671124,0.45
one_lag,grouped,9,M1_history_rf,rf,Mozambique,2018,305.4,337.92,351.94816726024976,344.2326752671124,0.45
one_lag,grouped,9,M1_history_rf,rf,Mozambique,2020,320.2,305.4,296.9802096479077,301.61109434155844,0.45
one_lag,grouped,9,M1_history_rf,rf,Togo,2016,376.39,377.65,366.45795326969636,372.6135789713633,0.45
one_lag,grouped,9,M1_history_rf,rf,Togo,2017,370.86,376.39,366.57163810375124,371.97173714668804,0.45
one_lag,grouped,9,M1_history_rf,rf,Togo,2018,267.3,370.86,365.41781922847736,368.41101865281485,0.45
one_lag,grouped,9,M1_history_rf,rf,Togo,2020,228.9,267.3,255.5623316901398,262.0180492605629,0.45
one_lag,grouped,9,M1_history_rf,rf,Zambia,2016,204.19,207.89,185.83472547954668,197.965126465796,0.45
one_lag,grouped,9,M1_history_rf,rf,Zambia,2017,203.32,204.19,195.51860849708308,200.2878738236874,0.45
one_lag,grouped,9,M1_history_rf,rf,Zambia,2018,156.7,203.32,196.5945205923211,200.2935342665445,0.45
one_lag,grouped,9,M1_history_rf,rf,Zambia,2020,189.9,156.7,186.758992737723,170.22654673197533,0.45
one_lag,grouped,9,M1_history_gb,gb,Côte d'Ivoire,2016,140.1,146.95,164.4703664231563,154.8341648904203,0.45
one_lag,grouped,9,M1_history_gb,gb,Côte d'Ivoire,2017,138.86,140.1,164.4703664231563,151.06666489042033,0.45
one_lag,grouped,9,M1_history_gb,gb,Côte d'Ivoire,2018,330.6,138.86,164.4703664231563,150.38466489042034,0.45
one_lag,grouped,9,M1_history_gb,gb,Côte d'Ivoire,2020,287.0,330.6,317.31859459660257,324.62336756847117,0.45
one_lag,grouped,9,M1_history_gb,gb,Democratic Republic of the Congo,2016,310.59,317.07,301.91003283158614,310.24801477421374,0.45
one_lag,grouped,9,M1_history_gb,gb,Democratic Republic of the Congo,2017,307.62,310.59,301.91003283158614,306.6840147742137,0.45
one_lag,grouped,9,M1_history_gb,gb,Democratic Republic of the Congo,2018,319.8,307.62,301.91003283158614,305.05051477421375,0.45
one_lag,grouped,9,M1_history_gb,gb,Democratic Republic of the Congo,2020,324.2,319.8,317.31859459660257,318.68336756847117,0.45
one_lag,grouped,9,M1_history_gb,gb,Malawi,2016,233.45,233.45,231.99755247786123,232.79639861503756,0.45
one_lag,grouped,9,M1_history_gb,gb,Malawi,2017,231.1,233.45,231.99755247786123,232.79639861503756,0.45
one_lag,grouped,9,M1_history_gb,gb,Malawi,2018,213.6,231.1,231.99755247786123,231.50389861503754,0.45
one_lag,grouped,9,M1_history_gb,gb,Malawi,2020,228.5,213.6,202.3820229544572,208.55191032950574,0.45
one_lag,grouped,9,M1_history_gb,gb,Mali,2016,383.59,391.18,383.8046659646135,387.86109968407607,0.45
one_lag,grouped,9,M1_history_gb,gb,Mali,2017,386.16,383.59,371.40542382773316,378.1069407224799,0.45
one_lag,grouped,9,M1_history_gb,gb,Mali,2018,386.8,386.16,371.40542382773316,379.5204407224799,0.45
one_lag,grouped,9,M1_history_gb,gb,Mozambique,2016,338.3,339.02,316.4355086241773,328.8569788808798,0.45
one_lag,grouped,9,M1_history_gb,gb,Mozambique,2017,337.92,338.3,316.4355086241773,328.4609788808798,0.45
one_lag,grouped,9,M1_history_gb,gb,Mozambique,2018,305.4,337.92,316.4355086241773,328.2519788808798,0.45
one_lag,grouped,9,M1_history_gb,gb,Mozambique,2020,320.2,305.4,301.91003283158614,303.82951477421375,0.45
one_lag,grouped,9,M1_history_gb,gb,Togo,2016,376.39,377.65,363.3289273973453,371.2055173288054,0.45
one_lag,grouped,9,M1_history_gb,gb,Togo,2017,370.86,376.39,363.3289273973453,370.51251732880536,0.45
one_lag,grouped,9,M1_history_gb,gb,Togo,2018,267.3,370.86,363.3289273973453,367.4710173288054,0.45
one_lag,grouped,9,M1_history_gb,gb,Togo,2020,228.9,267.3,253.53322509945107,261.104951294753,0.45
one_lag,grouped,9,M1_history_gb,gb,Zambia,2016,204.19,207.89,202.3820229544572,205.41141032950574,0.45
one_lag,grouped,9,M1_history_gb,gb,Zambia,2017,203.32,204.19,202.93197732785575,203.62388979753507,0.45
one_lag,grouped,9,M1_history_gb,gb,Zambia,2018,156.7,203.32,206.38325025479054,204.69846261465574,0.45
one_lag,grouped,9,M1_history_gb,gb,Zambia,2020,189.9,156.7,191.484182230006,172.3528820035027,0.45
one_lag,grouped,9,M2_history_env_compact_rf,rf,Côte d'Ivoire,2016,140.1,146.95,205.29077758303785,176.1203887915189,0.5
one_lag,grouped,9,M2_history_env_compact_rf,rf,Côte d'Ivoire,2017,138.86,140.1,214.3970902856234,177.24854514281168,0.5
one_lag,grouped,9,M2_history_env_compact_rf,rf,Côte d'Ivoire,2018,330.6,138.86,202.11735363951942,170.48867681975972,0.5
one_lag,grouped,9,M2_history_env_compact_rf,rf,Côte d'Ivoire,2020,287.0,330.6,317.4801079348479,324.040053967424,0.5
one_lag,grouped,9,M2_history_env_compact_rf,rf,Democratic Republic of the Congo,2016,310.59,317.07,293.4184785583451,305.2442392791726,0.5
one_lag,grouped,9,M2_history_env_compact_rf,rf,Democratic Republic of the Congo,2017,307.62,310.59,286.78307119543024,298.6865355977151,0.5
one_lag,grouped,9,M2_history_env_compact_rf,rf,Democratic Republic of the Congo,2018,319.8,307.62,284.75323321671453,296.18661660835727,0.5
one_lag,grouped,9,M2_history_env_compact_rf,rf,Democratic Republic of the Congo,2020,324.2,319.8,299.26799527576657,309.5339976378833,0.5
one_lag,grouped,9,M2_history_env_compact_rf,rf,Malawi,2016,233.45,233.45,207.12824759466537,220.28912379733268,0.5
one_lag,grouped,9,M2_history_env_compact_rf,rf,Malawi,2017,231.1,233.45,213.00703266870394,223.22851633435198,0.5
one_lag,grouped,9,M2_history_env_compact_rf,rf,Malawi,2018,213.6,231.1,211.8098003506349,221.45490017531745,0.5
one_lag,grouped,9,M2_history_env_compact_rf,rf,Malawi,2020,228.5,213.6,179.06770865094995,196.333854325475,0.5
one_lag,grouped,9,M2_history_env_compact_rf,rf,Mali,2016,383.59,391.18,373.4144067929052,382.2972033964526,0.5
one_lag,grouped,9,M2_history_env_compact_rf,rf,Mali,2017,386.16,383.59,370.5421631892311,377.0660815946155,0.5
one_lag,grouped,9,M2_history_env_compact_rf,rf,Mali,2018,386.8,386.16,371.63211186458847,378.89605593229425,0.5
one_lag,grouped,9,M2_history_env_compact_rf,rf,Mozambique,2016,338.3,339.02,333.4983059806781,336.25915299033903,0.5
one_lag,grouped,9,M2_history_env_compact_rf,rf,Mozambique,2017,337.92,338.3,336.24050051508783,337.2702502575439,0.5
one_lag,grouped,9,M2_history_env_compact_rf,rf,Mozambique,2018,305.4,337.92,340.3167698298843,339.11838491494217,0.5
one_lag,grouped,9,M2_history_env_compact_rf,rf,Mozambique,2020,320.2,305.4,297.95941362342876,301.67970681171437,0.5
one_lag,grouped,9,M2_history_env_compact_rf,rf,Togo,2016,376.39,377.65,381.0979578068705,379.3739789034353,0.5
one_lag,grouped,9,M2_history_env_compact_rf,rf,Togo,2017,370.86,376.39,390.4700886065358,383.4300443032679,0.5
one_lag,grouped,9,M2_history_env_compact_rf,rf,Togo,2018,267.3,370.86,379.15756599790166,375.00878299895084,0.5
one_lag,grouped,9,M2_history_env_compact_rf,rf,Togo,2020,228.9,267.3,260.10238144063464,263.7011907203173,0.5
one_lag,grouped,9,M2_history_env_compact_rf,rf,Zambia,2016,204.19,207.89,175.83302732259693,191.86151366129846,0.5
one_lag,grouped,9,M2_history_env_compact_rf,rf,Zambia,2017,203.32,204.19,198.48799219851355,201.33899609925678,0.5
one_lag,grouped,9,M2_history_env_compact_rf,rf,Zambia,2018,156.7,203.32,186.98731278585603,195.153656392928,0.5
one_lag,grouped,9,M2_history_env_compact_rf,rf,Zambia,2020,189.9,156.7,182.18539610426822,169.44269805213412,0.5
one_lag,grouped,9,M2_history_env_compact_gb,gb,Côte d'Ivoire,2016,140.1,146.95,189.9419666667819,164.14678666671276,0.4
one_lag,grouped,9,M2_history_env_compact_gb,gb,Côte d'Ivoire,2017,138.86,140.1,190.27081636165963,160.16832654466384,0.4
one_lag,grouped,9,M2_history_env_compact_gb,gb,Côte d'Ivoire,2018,330.6,138.86,189.74736771861527,159.21494708744612,0.4
one_lag,grouped,9,M2_history_env_compact_gb,gb,Côte d'Ivoire,2020,287.0,330.6,320.9176201241877,326.7270480496751,0.4
one_lag,grouped,9,M2_history_env_compact_gb,gb,Democratic Republic of the Congo,2016,310.59,317.07,277.6270877663093,301.2928351065237,0.4
one_lag,grouped,9,M2_history_env_compact_gb,gb,Democratic Republic of the Congo,2017,307.62,310.59,277.6270877663093,297.4048351065237,0.4
one_lag,grouped,9,M2_history_env_compact_gb,gb,Democratic Republic of the Congo,2018,319.8,307.62,277.6270877663093,295.6228351065237,0.4
one_lag,grouped,9,M2_history_env_compact_gb,gb,Democratic Republic of the Congo,2020,324.2,319.8,293.0356495313257,309.0942598125303,0.4
one_lag,grouped,9,M2_history_env_compact_gb,gb,Malawi,2016,233.45,233.45,216.72179462691656,226.75871785076663,0.4
one_lag,grouped,9,M2_history_env_compact_gb,gb,Malawi,2017,231.1,233.45,226.0669800030874,230.49679200123495,0.4
one_lag,grouped,9,M2_history_env_compact_gb,gb,Malawi,2018,213.6,231.1,225.65709724434134,228.92283889773654,0.4
one_lag,grouped,9,M2_history_env_compact_gb,gb,Malawi,2020,228.5,213.6,179.2559818539822,199.86239274159288,0.4
one_lag,grouped,9,M2_history_env_compact_gb,gb,Mali,2016,383.59,391.18,383.70308594103614,388.18923437641445,0.4
one_lag,grouped,9,M2_history_env_compact_gb,gb,Mali,2017,386.16,383.59,378.86089016830283,381.69835606732113,0.4
one_lag,grouped,9,M2_history_env_compact_gb,gb,Mali,2018,386.8,386.16,378.86089016830283,383.24035606732116,0.4
one_lag,grouped,9,M2_history_env_compact_gb,gb,Mozambique,2016,338.3,339.02,312.304684127406,328.3338736509624,0.4
one_lag,grouped,9,M2_history_env_compact_gb,gb,Mozambique,2017,337.92,338.3,323.73089839968105,332.4723593598724,0.4
one_lag,grouped,9,M2_history_env_compact_gb,gb,Mozambique,2018,305.4,337.92,322.4031886473595,331.7132754589438,0.4
one_lag,grouped,9,M2_history_env_compact_gb,gb,Mozambique,2020,320.2,305.4,296.87082486106345,301.98832994442535,0.4
one_lag,grouped,9,M2_history_env_compact_gb,gb,Togo,2016,376.39,377.65,379.8054445931226,378.51217783724906,0.4
one_lag,grouped,9,M2_history_env_compact_gb,gb,Togo,2017,370.86,376.39,379.8054445931226,377.756177837249,0.4
one_lag,grouped,9,M2_history_env_compact_gb,gb,Togo,2018,267.3,370.86,376.5094611230997,373.1197844492399,0.4
one_lag,grouped,9,M2_history_env_compact_gb,gb,Togo,2020,228.9,267.3,255.17876911970538,262.4515076478822,0.4
one_lag,grouped,9,M2_history_env_compact_gb,gb,Zambia,2016,204.19,207.89,181.17199531115347,197.20279812446137,0.4
one_lag,grouped,9,M2_history_env_compact_gb,gb,Zambia,2017,203.32,204.19,182.55906009501163,195.53762403800465,0.4
one_lag,grouped,9,M2_history_env_compact_gb,gb,Zambia,2018,156.7,203.32,186.17743027525768,196.46297211010307,0.4
one_lag,grouped,9,M2_history_env_compact_gb,gb,Zambia,2020,189.9,156.7,176.73672497381986,164.71468998952793,0.4
one_lag,grouped,9,M3_history_vc_rf,rf,Côte d'Ivoire,2016,140.1,146.95,203.80623637572714,172.5353063690772,0.45
one_lag,grouped,9,M3_history_vc_rf,rf,Côte d'Ivoire,2017,138.86,140.1,203.69407055249482,168.71733174862266,0.45
one_lag,grouped,9,M3_history_vc_rf,rf,Côte d'Ivoire,2018,330.6,138.86,201.24110820917147,166.93149869412719,0.45
one_lag,grouped,9,M3_history_vc_rf,rf,Côte d'Ivoire,2020,287.0,330.6,326.233459617237,328.63505682775667,0.45
one_lag,grouped,9,M3_history_vc_rf,rf,Democratic Republic of the Congo,2016,310.59,317.07,303.2510329347999,310.85146482065994,0.45
one_lag,grouped,9,M3_history_vc_rf,rf,Democratic Republic of the Congo,2017,307.62,310.59,333.99434224091596,321.12195400841216,0.45
one_lag,grouped,9,M3_history_vc_rf,rf,Democratic Republic of the Congo,2018,319.8,307.62,329.1226847502955,317.29620813763296,0.45
one_lag,grouped,9,M3_history_vc_rf,rf,Democratic Republic of the Congo,2020,324.2,319.8,319.8529318141514,319.82381931636814,0.45
one_lag,grouped,9,M3_history_vc_rf,rf,Malawi,2016,233.45,233.45,222.41312429164265,228.4834059312392,0.45
one_lag,grouped,9,M3_history_vc_rf,rf,Malawi,2017,231.1,233.45,234.74912398545567,234.03460579345506,0.45
one_lag,grouped,9,M3_history_vc_rf,rf,Malawi,2018,213.6,231.1,232.44380511887886,231.70471230349548,0.45
one_lag,grouped,9,M3_history_vc_rf,rf,Malawi,2020,228.5,213.6,223.82196914010447,218.199886113047,0.45
one_lag,grouped,9,M3_history_vc_rf,rf,Mali,2016,383.59,391.18,377.0298892484363,384.81245016179633,0.45
one_lag,grouped,9,M3_history_vc_rf,rf,Mali,2017,386.16,383.59,370.1547442530208,377.54413491385935,0.45
one_lag,grouped,9,M3_history_vc_rf,rf,Mali,2018,386.8,386.16,371.8334161260368,379.7130372567166,0.45
one_lag,grouped,9,M3_history_vc_rf,rf,Mozambique,2016,338.3,339.02,325.73510196983034,333.04179588642364,0.45
one_lag,grouped,9,M3_history_vc_rf,rf,Mozambique,2017,337.92,338.3,326.0140078626977,332.771303538214,0.45
one_lag,grouped,9,M3_history_vc_rf,rf,Mozambique,2018,305.4,337.92,323.7534643497727,331.5450589573977,0.45
one_lag,grouped,9,M3_history_vc_rf,rf,Mozambique,2020,320.2,305.4,295.867060750379,301.1101773376705,0.45
one_lag,grouped,9,M3_history_vc_rf,rf,Togo,2016,376.39,377.65,362.7243747851842,370.93346865333285,0.45
one_lag,grouped,9,M3_history_vc_rf,rf,Togo,2017,370.86,376.39,366.38918175371555,371.889631789172,0.45
one_lag,grouped,9,M3_history_vc_rf,rf,Togo,2018,267.3,370.86,362.85098501062515,367.2559432547813,0.45
one_lag,grouped,9,M3_history_vc_rf,rf,Togo,2020,228.9,267.3,257.35531505304544,262.82489177387043,0.45
one_lag,grouped,9,M3_history_vc_rf,rf,Zambia,2016,204.19,207.89,178.49153317105268,194.6606899269737,0.45
one_lag,grouped,9,M3_history_vc_rf,rf,Zambia,2017,203.32,204.19,220.09350402236421,211.3465768100639,0.45
one_lag,grouped,9,M3_history_vc_rf,rf,Zambia,2018,156.7,203.32,196.82556550628897,200.39750447783004,0.45
one_lag,grouped,9,M3_history_vc_rf,rf,Zambia,2020,189.9,156.7,212.42212760622098,181.77495742279945,0.45
one_lag,grouped,9,M3_history_vc_gb,gb,Côte d'Ivoire,2016,140.1,146.95,181.82701552045637,159.15695543215972,0.35000000000000003
one_lag,grouped,9,M3_history_vc_gb,gb,Côte d'Ivoire,2017,138.86,140.1,181.82701552045637,154.70445543215973,0.35000000000000003
one_lag,grouped,9,M3_history_vc_gb,gb,Côte d'Ivoire,2018,330.6,138.86,181.82701552045637,153.89845543215975,0.35000000000000003
one_lag,grouped,9,M3_history_vc_gb,gb,Côte d'Ivoire,2020,287.0,330.6,322.55605446123866,327.78461906143355,0.35000000000000003
one_lag,grouped,9,M3_history_vc_gb,gb,Democratic Republic of the Congo,2016,310.59,317.07,306.67285397969886,313.4309988928946,0.35000000000000003
one_lag,grouped,9,M3_history_vc_gb,gb,Democratic Republic of the Congo,2017,307.62,310.59,323.7629176463552,315.2005211762243,0.35000000000000003
one_lag,grouped,9,M3_history_vc_gb,gb,Democratic Republic of the Congo,2018,319.8,307.62,343.03688593551163,320.01591007742906,0.35000000000000003
one_lag,grouped,9,M3_history_vc_gb,gb,Democratic Republic of the Congo,2020,324.2,319.8,322.0814157447153,320.59849551065037,0.35000000000000003
one_lag,grouped,9,M3_history_vc_gb,gb,Malawi,2016,233.45,233.45,226.81869393893953,231.12904287862884,0.35000000000000003
one_lag,grouped,9,M3_history_vc_gb,gb,Malawi,2017,231.1,233.45,237.84355925191733,234.98774573817107,0.35000000000000003
one_lag,grouped,9,M3_history_vc_gb,gb,Malawi,2018,213.6,231.1,231.29765132264,231.169177962924,0.35000000000000003
one_lag,grouped,9,M3_history_vc_gb,gb,Malawi,2020,228.5,213.6,215.01545484956284,214.09540919734698,0.35000000000000003
one_lag,grouped,9,M3_history_vc_gb,gb,Mali,2016,383.59,391.18,387.67353878149027,389.9527385735216,0.35000000000000003
one_lag,grouped,9,M3_history_vc_gb,gb,Mali,2017,386.16,383.59,387.87911641950257,385.0911907468259,0.35000000000000003
one_lag,grouped,9,M3_history_vc_gb,gb,Mali,2018,386.8,386.16,387.87911641950257,386.76169074682593,0.35000000000000003
one_lag,grouped,9,M3_history_vc_gb,gb,Mozambique,2016,338.3,339.02,320.5019979307105,332.5386992757487,0.35000000000000003
one_lag,grouped,9,M3_history_vc_gb,gb,Mozambique,2017,337.92,338.3,324.3009701738192,333.40033956083676,0.35000000000000003
one_lag,grouped,9,M3_history_vc_gb,gb,Mozambique,2018,305.4,337.92,322.35047682322636,332.47066688812924,0.35000000000000003
one_lag,grouped,9,M3_history_vc_gb,gb,Mozambique,2020,320.2,305.4,308.6868307707905,306.55039076977664,0.35000000000000003
one_lag,grouped,9,M3_history_vc_gb,gb,Togo,2016,376.39,377.65,369.9659508312916,374.96058279095206,0.35000000000000003
one_lag,grouped,9,M3_history_vc_gb,gb,Togo,2017,370.86,376.39,370.1715284693039,374.2135349642564,0.35000000000000003
one_lag,grouped,9,M3_history_vc_gb,gb,Togo,2018,267.3,370.86,370.1715284693039,370.61903496425634,0.35000000000000003
one_lag,grouped,9,M3_history_vc_gb,gb,Togo,2020,228.9,267.3,252.56746348608652,262.1436122201303,0.35000000000000003
one_lag,grouped,9,M3_history_vc_gb,gb,Zambia,2016,204.19,207.89,198.71118486797081,204.67741470378976,0.35000000000000003
one_lag,grouped,9,M3_history_vc_gb,gb,Zambia,2017,203.32,204.19,216.5913956744046,208.5304884860416,0.35000000000000003
one_lag,grouped,9,M3_history_vc_gb,gb,Zambia,2018,156.7,203.32,204.70327632165925,203.80414671258075,0.35000000000000003
one_lag,grouped,9,M3_history_vc_gb,gb,Zambia,2020,189.9,156.7,199.52234746249962,171.68782161187485,0.35000000000000003
one_lag,grouped,9,M4_history_env_compact_vc_rf,rf,Côte d'Ivoire,2016,140.1,146.95,200.86903057563325,171.21356375903497,0.45
one_lag,grouped,9,M4_history_env_compact_vc_rf,rf,Côte d'Ivoire,2017,138.86,140.1,208.74270853981378,170.9892188429162,0.45
one_lag,grouped,9,M4_history_env_compact_vc_rf,rf,Côte d'Ivoire,2018,330.6,138.86,198.19455223143072,165.56054850414384,0.45
one_lag,grouped,9,M4_history_env_compact_vc_rf,rf,Côte d'Ivoire,2020,287.0,330.6,315.52940412330116,323.8182318554855,0.45
one_lag,grouped,9,M4_history_env_compact_vc_rf,rf,Democratic Republic of the Congo,2016,310.59,317.07,293.0601693113455,306.26557619010543,0.45
one_lag,grouped,9,M4_history_env_compact_vc_rf,rf,Democratic Republic of the Congo,2017,307.62,310.59,303.03820675495024,307.19169303972757,0.45
one_lag,grouped,9,M4_history_env_compact_vc_rf,rf,Democratic Republic of the Congo,2018,319.8,307.62,300.9689585680817,304.62703135563675,0.45
one_lag,grouped,9,M4_history_env_compact_vc_rf,rf,Democratic Republic of the Congo,2020,324.2,319.8,299.51620921321984,310.6722941459489,0.45
one_lag,grouped,9,M4_history_env_compact_vc_rf,rf,Malawi,2016,233.45,233.45,207.2533727592483,221.66151774166173,0.45
one_lag,grouped,9,M4_history_env_compact_vc_rf,rf,Malawi,2017,231.1,233.45,213.654007639841,224.54180343792845,0.45
one_lag,grouped,9,M4_history_env_compact_vc_rf,rf,Malawi,2018,213.6,231.1,214.13367529457804,223.46515388256012,0.45
one_lag,grouped,9,M4_history_env_compact_vc_rf,rf,Malawi,2020,228.5,213.6,179.88815399281089,198.4296692967649,0.45
one_lag,grouped,9,M4_history_env_compact_vc_rf,rf,Mali,2016,383.59,391.18,371.7439936824925,382.4337971571216,0.45
one_lag,grouped,9,M4_history_env_compact_vc_rf,rf,Mali,2017,386.16,383.59,368.3054543139021,376.7119544412559,0.45
one_lag,grouped,9,M4_history_env_compact_vc_rf,rf,Mali,2018,386.8,386.16,370.06367550149236,378.9166539756716,0.45
one_lag,grouped,9,M4_history_env_compact_vc_rf,rf,Mozambique,2016,338.3,339.02,327.83693662499326,333.98762148124695,0.45
one_lag,grouped,9,M4_history_env_compact_vc_rf,rf,Mozambique,2017,337.92,338.3,328.09257519859284,333.7066588393668,0.45
one_lag,grouped,9,M4_history_env_compact_vc_rf,rf,Mozambique,2018,305.4,337.92,330.099514050318,334.4007813226431,0.45
one_lag,grouped,9,M4_history_env_compact_vc_rf,rf,Mozambique,2020,320.2,305.4,298.0940769224752,302.1123346151138,0.45
one_lag,grouped,9,M4_history_env_compact_vc_rf,rf,Togo,2016,376.39,377.65,371.18198755872754,374.7393944014274,0.45
one_lag,grouped,9,M4_history_env_compact_vc_rf,rf,Togo,2017,370.86,376.39,382.8926733316409,379.3162029992384,0.45
one_lag,grouped,9,M4_history_env_compact_vc_rf,rf,Togo,2018,267.3,370.86,371.4149721903737,371.1097374856682,0.45
one_lag,grouped,9,M4_history_env_compact_vc_rf,rf,Togo,2020,228.9,267.3,261.3174831874994,264.6078674343747,0.45
one_lag,grouped,9,M4_history_env_compact_vc_rf,rf,Zambia,2016,204.19,207.89,174.77187272949487,192.98684272827268,0.45
one_lag,grouped,9,M4_history_env_compact_vc_rf,rf,Zambia,2017,203.32,204.19,196.7455776152353,200.84000992685588,0.45
one_lag,grouped,9,M4_history_env_compact_vc_rf,rf,Zambia,2018,156.7,203.32,189.10741420761457,196.92433639342656,0.45
one_lag,grouped,9,M4_history_env_compact_vc_rf,rf,Zambia,2020,189.9,156.7,183.44950937745043,168.7372792198527,0.45
one_lag,grouped,9,M4_history_env_compact_vc_gb,gb,Côte d'Ivoire,2016,140.1,146.95,185.55577542009212,164.32259893904146,0.45
one_lag,grouped,9,M4_history_env_compact_vc_gb,gb,Côte d'Ivoire,2017,138.86,140.1,185.55577542009212,160.55509893904144,0.45
one_lag,grouped,9,M4_history_env_compact_vc_gb,gb,Côte d'Ivoire,2018,330.6,138.86,185.55577542009212,159.87309893904145,0.45
one_lag,grouped,9,M4_history_env_compact_vc_gb,gb,Côte d'Ivoire,2020,287.0,330.6,322.50530934895806,326.95738920703116,0.45
one_lag,grouped,9,M4_history_env_compact_vc_gb,gb,Democratic Republic of the Congo,2016,310.59,317.07,270.1102786329979,295.93812538484906,0.45
one_lag,grouped,9,M4_history_env_compact_vc_gb,gb,Democratic Republic of the Congo,2017,307.62,310.59,277.7073561496448,295.79281026734014,0.45
one_lag,grouped,9,M4_history_env_compact_vc_gb,gb,Democratic Republic of the Congo,2018,319.8,307.62,277.7073561496448,294.1593102673402,0.45
one_lag,grouped,9,M4_history_env_compact_vc_gb,gb,Democratic Republic of the Congo,2020,324.2,319.8,286.03190892028874,304.60435901412995,0.45
one_lag,grouped,9,M4_history_env_compact_vc_gb,gb,Malawi,2016,233.45,233.45,215.3259359648723,225.29417118419252,0.45
one_lag,grouped,9,M4_history_env_compact_vc_gb,gb,Malawi,2017,231.1,233.45,234.28356114753294,233.82510251638982,0.45
one_lag,grouped,9,M4_history_env_compact_vc_gb,gb,Malawi,2018,213.6,231.1,225.71796135126635,228.67808260806984,0.45
one_lag,grouped,9,M4_history_env_compact_vc_gb,gb,Malawi,2020,228.5,213.6,188.8214211904648,202.44963953570917,0.45
one_lag,grouped,9,M4_history_env_compact_vc_gb,gb,Mali,2016,383.59,391.18,390.60323451574607,390.9204555320857,0.45
one_lag,grouped,9,M4_history_env_compact_vc_gb,gb,Mali,2017,386.16,383.59,390.60323451574607,386.7459555320857,0.45
one_lag,grouped,9,M4_history_env_compact_vc_gb,gb,Mali,2018,386.8,386.16,390.60323451574607,388.15945553208576,0.45
one_lag,grouped,9,M4_history_env_compact_vc_gb,gb,Mozambique,2016,338.3,339.02,310.1133477211918,326.0120064745363,0.45
one_lag,grouped,9,M4_history_env_compact_vc_gb,gb,Mozambique,2017,337.92,338.3,323.1437648778797,331.47969419504585,0.45
one_lag,grouped,9,M4_history_env_compact_vc_gb,gb,Mozambique,2018,305.4,337.92,322.88028430461355,331.1521279370761,0.45
one_lag,grouped,9,M4_history_env_compact_vc_gb,gb,Mozambique,2020,320.2,305.4,293.7726707282519,300.16770182771336,0.45
one_lag,grouped,9,M4_history_env_compact_vc_gb,gb,Togo,2016,376.39,377.65,382.32428003833127,379.75342601724907,0.45
one_lag,grouped,9,M4_history_env_compact_vc_gb,gb,Togo,2017,370.86,376.39,382.32428003833127,379.0604260172491,0.45
one_lag,grouped,9,M4_history_env_compact_vc_gb,gb,Togo,2018,267.3,370.86,378.1529415434318,374.1418236945443,0.45
one_lag,grouped,9,M4_history_env_compact_vc_gb,gb,Togo,2020,228.9,267.3,255.36269723300092,261.9282137548504,0.45
one_lag,grouped,9,M4_history_env_compact_vc_gb,gb,Zambia,2016,204.19,207.89,176.0959342404475,193.58267040820135,0.45
one_lag,grouped,9,M4_history_env_compact_vc_gb,gb,Zambia,2017,203.32,204.19,198.86992718632072,201.79596723384432,0.45
one_lag,grouped,9,M4_history_env_compact_vc_gb,gb,Zambia,2018,156.7,203.32,178.08226965998324,191.96302134699246,0.45
one_lag,grouped,9,M4_history_env_compact_vc_gb,gb,Zambia,2020,189.9,156.7,193.65665944693933,173.3304967511227,0.45
one_lag,grouped,9,M5_history_env_full_rf,rf,Côte d'Ivoire,2016,140.1,146.95,204.42286089339393,169.93914435735758,0.4
one_lag,grouped,9,M5_history_env_full_rf,rf,Côte d'Ivoire,2017,138.86,140.1,209.3633886348223,167.8053554539289,0.4
one_lag,grouped,9,M5_history_env_full_rf,rf,Côte d'Ivoire,2018,330.6,138.86,198.6478723330181,162.77514893320725,0.4
one_lag,grouped,9,M5_history_env_full_rf,rf,Côte d'Ivoire,2020,287.0,330.6,310.5683647115732,322.5873458846293,0.4
one_lag,grouped,9,M5_history_env_full_rf,rf,Democratic Republic of the Congo,2016,310.59,317.07,290.72321246508744,306.53128498603496,0.4
one_lag,grouped,9,M5_history_env_full_rf,rf,Democratic Republic of the Congo,2017,307.62,310.59,284.78552832223016,300.26821132889205,0.4
one_lag,grouped,9,M5_history_env_full_rf,rf,Democratic Republic of the Congo,2018,319.8,307.62,285.1232181021724,298.621287240869,0.4
one_lag,grouped,9,M5_history_env_full_rf,rf,Democratic Republic of the Congo,2020,324.2,319.8,296.7580090626173,310.5832036250469,0.4
one_lag,grouped,9,M5_history_env_full_rf,rf,Malawi,2016,233.45,233.45,215.65271900740416,226.33108760296165,0.4
one_lag,grouped,9,M5_history_env_full_rf,rf,Malawi,2017,231.1,233.45,223.06316175992816,229.29526470397127,0.4
one_lag,grouped,9,M5_history_env_full_rf,rf,Malawi,2018,213.6,231.1,223.84723103218155,228.19889241287262,0.4
one_lag,grouped,9,M5_history_env_full_rf,rf,Malawi,2020,228.5,213.6,173.10338868993693,197.40135547597478,0.4
one_lag,grouped,9,M5_history_env_full_rf,rf,Mali,2016,383.59,391.18,369.19395034897923,382.3855801395917,0.4
one_lag,grouped,9,M5_history_env_full_rf,rf,Mali,2017,386.16,383.59,366.7943660774056,376.8717464309622,0.4
one_lag,grouped,9,M5_history_env_full_rf,rf,Mali,2018,386.8,386.16,368.0975707286987,378.9350282914795,0.4
one_lag,grouped,9,M5_history_env_full_rf,rf,Mozambique,2016,338.3,339.02,334.1702657104586,337.08010628418344,0.4
one_lag,grouped,9,M5_history_env_full_rf,rf,Mozambique,2017,337.92,338.3,327.89640595362243,334.138562381449,0.4
one_lag,grouped,9,M5_history_env_full_rf,rf,Mozambique,2018,305.4,337.92,338.1817853316708,338.02471413266835,0.4
one_lag,grouped,9,M5_history_env_full_rf,rf,Mozambique,2020,320.2,305.4,305.9067886275688,305.6027154510275,0.4
one_lag,grouped,9,M5_history_env_full_rf,rf,Togo,2016,376.39,377.65,375.50286441221374,376.79114576488547,0.4
one_lag,grouped,9,M5_history_env_full_rf,rf,Togo,2017,370.86,376.39,375.3852295278483,375.9880918111393,0.4
one_lag,grouped,9,M5_history_env_full_rf,rf,Togo,2018,267.3,370.86,370.0131602800798,370.52126411203193,0.4
one_lag,grouped,9,M5_history_env_full_rf,rf,Togo,2020,228.9,267.3,264.8206355413542,266.3082542165417,0.4
one_lag,grouped,9,M5_history_env_full_rf,rf,Zambia,2016,204.19,207.89,181.26819992113676,197.2412799684547,0.4
one_lag,grouped,9,M5_history_env_full_rf,rf,Zambia,2017,203.32,204.19,210.58319945047162,206.74727978018865,0.4
one_lag,grouped,9,M5_history_env_full_rf,rf,Zambia,2018,156.7,203.32,194.60494727791402,199.83397891116562,0.4
one_lag,grouped,9,M5_history_env_full_rf,rf,Zambia,2020,189.9,156.7,185.92369750126957,168.38947900050783,0.4
one_lag,grouped,9,M5_history_env_full_gb,gb,Côte d'Ivoire,2016,140.1,146.95,188.75785792881072,161.58275027508375,0.35000000000000003
one_lag,grouped,9,M5_history_env_full_gb,gb,Côte d'Ivoire,2017,138.86,140.1,189.20439219767653,157.2865372691868,0.35000000000000003
one_lag,grouped,9,M5_history_env_full_gb,gb,Côte d'Ivoire,2018,330.6,138.86,188.75785792881072,156.32425027508376,0.35000000000000003
one_lag,grouped,9,M5_history_env_full_gb,gb,Côte d'Ivoire,2020,287.0,330.6,320.2217804147205,326.9676231451522,0.35000000000000003
one_lag,grouped,9,M5_history_env_full_gb,gb,Democratic Republic of the Congo,2016,310.59,317.07,278.1947138966643,303.46364986383253,0.35000000000000003
one_lag,grouped,9,M5_history_env_full_gb,gb,Democratic Republic of the Congo,2017,307.62,310.59,278.1947138966643,299.2516498638325,0.35000000000000003
one_lag,grouped,9,M5_history_env_full_gb,gb,Democratic Republic of the Congo,2018,319.8,307.62,278.1947138966643,297.3211498638325,0.35000000000000003
one_lag,grouped,9,M5_history_env_full_gb,gb,Democratic Republic of the Congo,2020,324.2,319.8,298.1429857784011,312.2200450224404,0.35000000000000003
one_lag,grouped,9,M5_history_env_full_gb,gb,Malawi,2016,233.45,233.45,217.65355313420986,227.92124359697345,0.35000000000000003
one_lag,grouped,9,M5_history_env_full_gb,gb,Malawi,2017,231.1,233.45,224.58990583191996,230.348967041172,0.35000000000000003
one_lag,grouped,9,M5_history_env_full_gb,gb,Malawi,2018,213.6,231.1,225.4370338761543,229.117961856654,0.35000000000000003
one_lag,grouped,9,M5_history_env_full_gb,gb,Malawi,2020,228.5,213.6,176.7212697950225,200.69244442825786,0.35000000000000003
one_lag,grouped,9,M5_history_env_full_gb,gb,Mali,2016,383.59,391.18,386.40848512550707,389.5099697939275,0.35000000000000003
one_lag,grouped,9,M5_history_env_full_gb,gb,Mali,2017,386.16,383.59,382.85050678077016,383.33117737326955,0.35000000000000003
one_lag,grouped,9,M5_history_env_full_gb,gb,Mali,2018,386.8,386.16,382.85050678077016,385.00167737326956,0.35000000000000003
one_lag,grouped,9,M5_history_env_full_gb,gb,Mozambique,2016,338.3,339.02,314.1328627780145,330.30950197230504,0.35000000000000003
one_lag,grouped,9,M5_history_env_full_gb,gb,Mozambique,2017,337.92,338.3,321.9833878159075,332.58918573556764,0.35000000000000003
one_lag,grouped,9,M5_history_env_full_gb,gb,Mozambique,2018,305.4,337.92,321.9833878159075,332.3421857355676,0.35000000000000003
one_lag,grouped,9,M5_history_env_full_gb,gb,Mozambique,2020,320.2,305.4,297.7703396440888,302.7296188754311,0.35000000000000003
one_lag,grouped,9,M5_history_env_full_gb,gb,Togo,2016,376.39,377.65,381.4997537103032,378.9974137986061,0.35000000000000003
one_lag,grouped,9,M5_history_env_full_gb,gb,Togo,2017,370.86,376.39,381.4997537103032,378.17841379860613,0.35000000000000003
one_lag,grouped,9,M5_history_env_full_gb,gb,Togo,2018,267.3,370.86,376.74955324165626,372.92134363457967,0.35000000000000003
one_lag,grouped,9,M5_history_env_full_gb,gb,Togo,2020,228.9,267.3,254.6843073042763,262.8845075564967,0.35000000000000003
one_lag,grouped,9,M5_history_env_full_gb,gb,Zambia,2016,204.19,207.89,180.74150239852133,198.38802583948245,0.35000000000000003
one_lag,grouped,9,M5_history_env_full_gb,gb,Zambia,2017,203.32,204.19,185.23606585965558,197.55612305087945,0.35000000000000003
one_lag,grouped,9,M5_history_env_full_gb,gb,Zambia,2018,156.7,203.32,186.15065061273876,197.31072771445855,0.35000000000000003
one_lag,grouped,9,M5_history_env_full_gb,gb,Zambia,2020,189.9,156.7,178.95490242949344,164.4892158503227,0.35000000000000003
one_lag,grouped,9,M6_history_env_full_vc_rf,rf,Côte d'Ivoire,2016,140.1,146.95,203.69591939878856,169.64836775951542,0.4
one_lag,grouped,9,M6_history_env_full_vc_rf,rf,Côte d'Ivoire,2017,138.86,140.1,210.72478044489344,168.34991217795738,0.4
one_lag,grouped,9,M6_history_env_full_vc_rf,rf,Côte d'Ivoire,2018,330.6,138.86,198.3415644943499,162.65262579773997,0.4
one_lag,grouped,9,M6_history_env_full_vc_rf,rf,Côte d'Ivoire,2020,287.0,330.6,312.4739994398963,323.34959977595855,0.4
one_lag,grouped,9,M6_history_env_full_vc_rf,rf,Democratic Republic of the Congo,2016,310.59,317.07,286.7989914525963,304.9615965810385,0.4
one_lag,grouped,9,M6_history_env_full_vc_rf,rf,Democratic Republic of the Congo,2017,307.62,310.59,298.2141927021649,305.63967708086597,0.4
one_lag,grouped,9,M6_history_env_full_vc_rf,rf,Democratic Republic of the Congo,2018,319.8,307.62,298.04969677849084,303.79187871139635,0.4
one_lag,grouped,9,M6_history_env_full_vc_rf,rf,Democratic Republic of the Congo,2020,324.2,319.8,292.663068529552,308.9452274118208,0.4
one_lag,grouped,9,M6_history_env_full_vc_rf,rf,Malawi,2016,233.45,233.45,217.2601934497493,226.9740773798997,0.4
one_lag,grouped,9,M6_history_env_full_vc_rf,rf,Malawi,2017,231.1,233.45,221.68324973225245,228.74329989290098,0.4
one_lag,grouped,9,M6_history_env_full_vc_rf,rf,Malawi,2018,213.6,231.1,225.15177266623505,228.720709066494,0.4
one_lag,grouped,9,M6_history_env_full_vc_rf,rf,Malawi,2020,228.5,213.6,178.2495585346256,199.45982341385024,0.4
one_lag,grouped,9,M6_history_env_full_vc_rf,rf,Mali,2016,383.59,391.18,372.14696677844114,383.56678671137644,0.4
one_lag,grouped,9,M6_history_env_full_vc_rf,rf,Mali,2017,386.16,383.59,368.8330828652068,377.6872331460827,0.4
one_lag,grouped,9,M6_history_env_full_vc_rf,rf,Mali,2018,386.8,386.16,370.95613869637566,380.07845547855027,0.4
one_lag,grouped,9,M6_history_env_full_vc_rf,rf,Mozambique,2016,338.3,339.02,332.97230907431094,336.6009236297244,0.4
one_lag,grouped,9,M6_history_env_full_vc_rf,rf,Mozambique,2017,337.92,338.3,323.13285227181893,332.2331409087276,0.4
one_lag,grouped,9,M6_history_env_full_vc_rf,rf,Mozambique,2018,305.4,337.92,334.11103360261586,336.3964134410464,0.4
one_lag,grouped,9,M6_history_env_full_vc_rf,rf,Mozambique,2020,320.2,305.4,306.6262735216659,305.89050940866633,0.4
one_lag,grouped,9,M6_history_env_full_vc_rf,rf,Togo,2016,376.39,377.65,374.85181918125625,376.5307276725025,0.4
one_lag,grouped,9,M6_history_env_full_vc_rf,rf,Togo,2017,370.86,376.39,375.10482909016594,375.87593163606635,0.4
one_lag,grouped,9,M6_history_env_full_vc_rf,rf,Togo,2018,267.3,370.86,370.56128865102005,370.740515460408,0.4
one_lag,grouped,9,M6_history_env_full_vc_rf,rf,Togo,2020,228.9,267.3,262.13586285577765,265.23434514231104,0.4
one_lag,grouped,9,M6_history_env_full_vc_rf,rf,Zambia,2016,204.19,207.89,178.6451213803474,196.19204855213894,0.4
one_lag,grouped,9,M6_history_env_full_vc_rf,rf,Zambia,2017,203.32,204.19,204.57237384391232,204.34294953756492,0.4
one_lag,grouped,9,M6_history_env_full_vc_rf,rf,Zambia,2018,156.7,203.32,195.3826149117173,200.14504596468691,0.4
one_lag,grouped,9,M6_history_env_full_vc_rf,rf,Zambia,2020,189.9,156.7,184.7945022613969,167.93780090455874,0.4
one_lag,grouped,9,M6_history_env_full_vc_gb,gb,Côte d'Ivoire,2016,140.1,146.95,186.75680638968979,162.8727225558759,0.4
one_lag,grouped,9,M6_history_env_full_vc_gb,gb,Côte d'Ivoire,2017,138.86,140.1,186.75680638968979,158.7627225558759,0.4
one_lag,grouped,9,M6_history_env_full_vc_gb,gb,Côte d'Ivoire,2018,330.6,138.86,186.75680638968979,158.0187225558759,0.4
one_lag,grouped,9,M6_history_env_full_vc_gb,gb,Côte d'Ivoire,2020,287.0,330.6,320.5256933145147,326.5702773258059,0.4
one_lag,grouped,9,M6_history_env_full_vc_gb,gb,Democratic Republic of the Congo,2016,310.59,317.07,272.74765494551593,299.34106197820637,0.4
one_lag,grouped,9,M6_history_env_full_vc_gb,gb,Democratic Republic of the Congo,2017,307.62,310.59,280.2075325170622,298.4370130068249,0.4
one_lag,grouped,9,M6_history_env_full_vc_gb,gb,Democratic Republic of the Congo,2018,319.8,307.62,280.2075325170622,296.6550130068249,0.4
one_lag,grouped,9,M6_history_env_full_vc_gb,gb,Democratic Republic of the Congo,2020,324.2,319.8,291.73168956342124,308.5726758253685,0.4
one_lag,grouped,9,M6_history_env_full_vc_gb,gb,Malawi,2016,233.45,233.45,216.33943882229008,226.605775528916,0.4
one_lag,grouped,9,M6_history_env_full_vc_gb,gb,Malawi,2017,231.1,233.45,233.06315479996965,233.29526191998787,0.4
one_lag,grouped,9,M6_history_env_full_vc_gb,gb,Malawi,2018,213.6,231.1,225.03647924886533,228.67459169954614,0.4
one_lag,grouped,9,M6_history_env_full_vc_gb,gb,Malawi,2020,228.5,213.6,186.6749325792301,202.82997303169205,0.4
one_lag,grouped,9,M6_history_env_full_vc_gb,gb,Mali,2016,383.59,391.18,394.50140896054677,392.50856358421873,0.4
one_lag,grouped,9,M6_history_env_full_vc_gb,gb,Mali,2017,386.16,383.59,394.50140896054677,387.9545635842187,0.4
one_lag,grouped,9,M6_history_env_full_vc_gb,gb,Mali,2018,386.8,386.16,394.50140896054677,389.49656358421873,0.4
one_lag,grouped,9,M6_history_env_full_vc_gb,gb,Mozambique,2016,338.3,339.02,309.1828904808774,327.08515619235095,0.4
one_lag,grouped,9,M6_history_env_full_vc_gb,gb,Mozambique,2017,337.92,338.3,320.22874613613214,331.07149845445286,0.4
one_lag,grouped,9,M6_history_env_full_vc_gb,gb,Mozambique,2018,305.4,337.92,320.22874613613214,330.84349845445286,0.4
one_lag,grouped,9,M6_history_env_full_vc_gb,gb,Mozambique,2020,320.2,305.4,292.9560067584194,300.42240270336777,0.4
one_lag,grouped,9,M6_history_env_full_vc_gb,gb,Togo,2016,376.39,377.65,379.3378816235302,378.3251526494121,0.4
one_lag,grouped,9,M6_history_env_full_vc_gb,gb,Togo,2017,370.86,376.39,379.3378816235302,377.5691526494121,0.4
one_lag,grouped,9,M6_history_env_full_vc_gb,gb,Togo,2018,267.3,370.86,374.92845586561793,372.48738234624716,0.4
one_lag,grouped,9,M6_history_env_full_vc_gb,gb,Togo,2020,228.9,267.3,254.6039509956935,262.2215803982774,0.4
one_lag,grouped,9,M6_history_env_full_vc_gb,gb,Zambia,2016,204.19,207.89,175.66359222354671,194.9994368894187,0.4
one_lag,grouped,9,M6_history_env_full_vc_gb,gb,Zambia,2017,203.32,204.19,198.34915737484664,201.85366294993867,0.4
one_lag,grouped,9,M6_history_env_full_vc_gb,gb,Zambia,2018,156.7,203.32,179.5271662651585,193.8028665060634,0.4
one_lag,grouped,9,M6_history_env_full_vc_gb,gb,Zambia,2020,189.9,156.7,193.16608268440797,171.2864330737632,0.4
one_lag,grouped,10,M0_persistence,baseline,Burkina Faso,2016,411.62,429.04,429.04,429.04,
one_lag,grouped,10,M0_persistence,baseline,Burkina Faso,2017,411.99,411.62,411.62,411.62,
one_lag,grouped,10,M0_persistence,baseline,Burkina Faso,2018,398.7,411.99,411.99,411.99,
one_lag,grouped,10,M0_persistence,baseline,Burkina Faso,2020,389.9,398.7,398.7,398.7,
one_lag,grouped,10,M0_persistence,baseline,Côte d'Ivoire,2016,140.1,146.95,146.95,146.95,
one_lag,grouped,10,M0_persistence,baseline,Côte d'Ivoire,2017,138.86,140.1,140.1,140.1,
one_lag,grouped,10,M0_persistence,baseline,Côte d'Ivoire,2018,330.6,138.86,138.86,138.86,
one_lag,grouped,10,M0_persistence,baseline,Côte d'Ivoire,2020,287.0,330.6,330.6,330.6,
one_lag,grouped,10,M0_persistence,baseline,Gabon,2016,169.11,172.6,172.6,172.6,
one_lag,grouped,10,M0_persistence,baseline,Gabon,2017,168.87,169.11,169.11,169.11,
one_lag,grouped,10,M0_persistence,baseline,Gabon,2018,248.2,168.87,168.87,168.87,
one_lag,grouped,10,M0_persistence,baseline,Gabon,2020,215.5,248.2,248.2,248.2,
one_lag,grouped,10,M0_persistence,baseline,Kenya,2016,71.23,73.15,73.15,73.15,
one_lag,grouped,10,M0_persistence,baseline,Kenya,2017,70.83,71.23,71.23,71.23,
one_lag,grouped,10,M0_persistence,baseline,Kenya,2018,70.1,70.83,70.83,70.83,
one_lag,grouped,10,M0_persistence,baseline,Kenya,2020,50.9,70.1,70.1,70.1,
one_lag,grouped,10,M0_persistence,baseline,Madagascar,2016,67.97,117.2,117.2,117.2,
one_lag,grouped,10,M0_persistence,baseline,Madagascar,2017,90.9,67.97,67.97,67.97,
one_lag,grouped,10,M0_persistence,baseline,Madagascar,2018,82.4,90.9,90.9,90.9,
one_lag,grouped,10,M0_persistence,baseline,Madagascar,2020,133.5,82.4,82.4,82.4,
one_lag,grouped,10,M0_persistence,baseline,Mali,2016,383.59,391.18,391.18,391.18,
one_lag,grouped,10,M0_persistence,baseline,Mali,2017,386.16,383.59,383.59,383.59,
one_lag,grouped,10,M0_persistence,baseline,Mali,2018,386.8,386.16,386.16,386.16,
one_lag,grouped,10,M0_persistence,baseline,Uganda,2016,203.09,203.83,203.83,203.83,
one_lag,grouped,10,M0_persistence,baseline,Uganda,2017,200.66,203.09,203.09,203.09,
one_lag,grouped,10,M0_persistence,baseline,Uganda,2018,289.2,200.66,200.66,200.66,
one_lag,grouped,10,M0_persistence,baseline,Uganda,2020,283.8,289.2,289.2,289.2,
one_lag,grouped,10,M1_history_rf,rf,Burkina Faso,2016,411.62,429.04,387.12885803614887,410.179986116267,0.45
one_lag,grouped,10,M1_history_rf,rf,Burkina Faso,2017,411.99,411.62,387.12885803614887,400.598986116267,0.45
one_lag,grouped,10,M1_history_rf,rf,Burkina Faso,2018,398.7,411.99,387.12885803614887,400.802486116267,0.45
one_lag,grouped,10,M1_history_rf,rf,Burkina Faso,2020,389.9,398.7,387.12885803614887,393.492986116267,0.45
one_lag,grouped,10,M1_history_rf,rf,Côte d'Ivoire,2016,140.1,146.95,168.11732438245588,156.47529597210513,0.45
one_lag,grouped,10,M1_history_rf,rf,Côte d'Ivoire,2017,138.86,140.1,167.5328552157892,152.44478484710513,0.45
one_lag,grouped,10,M1_history_rf,rf,Côte d'Ivoire,2018,330.6,138.86,164.23066279515433,150.27679825781945,0.45
one_lag,grouped,10,M1_history_rf,rf,Côte d'Ivoire,2020,287.0,330.6,363.8319582814972,345.55438122667374,0.45
one_lag,grouped,10,M1_history_rf,rf,Gabon,2016,169.11,172.6,197.70728331301183,183.89827749085532,0.45
one_lag,grouped,10,M1_history_rf,rf,Gabon,2017,168.87,169.11,196.89464984475782,181.61309243014102,0.45
one_lag,grouped,10,M1_history_rf,rf,Gabon,2018,248.2,168.87,196.89464984475782,181.48109243014102,0.45
one_lag,grouped,10,M1_history_rf,rf,Gabon,2020,215.5,248.2,259.5288833480113,253.29799750660507,0.45
one_lag,grouped,10,M1_history_rf,rf,Kenya,2016,71.23,73.15,66.13748591702743,69.99436866266235,0.45
one_lag,grouped,10,M1_history_rf,rf,Kenya,2017,70.83,71.23,68.72444459640361,70.10250006838163,0.45
one_lag,grouped,10,M1_history_rf,rf,Kenya,2018,70.1,70.83,68.72444459640361,69.88250006838163,0.45
one_lag,grouped,10,M1_history_rf,rf,Kenya,2020,50.9,70.1,68.72444459640361,69.48100006838162,0.45
one_lag,grouped,10,M1_history_rf,rf,Madagascar,2016,67.97,117.2,103.85705555033863,111.19567499765239,0.45
one_lag,grouped,10,M1_history_rf,rf,Madagascar,2017,90.9,67.97,69.01639843767346,68.44087929695306,0.45
one_lag,grouped,10,M1_history_rf,rf,Madagascar,2018,82.4,90.9,67.89789298051947,80.54905184123376,0.45
one_lag,grouped,10,M1_history_rf,rf,Madagascar,2020,133.5,82.4,66.27119458369407,75.14203756266234,0.45
one_lag,grouped,10,M1_history_rf,rf,Mali,2016,383.59,391.18,387.12885803614887,389.35698611626697,0.45
one_lag,grouped,10,M1_history_rf,rf,Mali,2017,386.16,383.59,375.51552183362634,379.95648482513184,0.45
one_lag,grouped,10,M1_history_rf,rf,Mali,2018,386.8,386.16,376.2236189447375,381.6886285251319,0.45
one_lag,grouped,10,M1_history_rf,rf,Uganda,2016,203.09,203.83,187.83664978409627,196.6329924028433,0.45
one_lag,grouped,10,M1_history_rf,rf,Uganda,2017,200.66,203.09,187.68824198647715,196.15920889391472,0.45
one_lag,grouped,10,M1_history_rf,rf,Uganda,2018,289.2,200.66,198.47524867682085,199.6768619045694,0.45
one_lag,grouped,10,M1_history_rf,rf,Uganda,2020,283.8,289.2,289.4992172135478,289.3346477460965,0.45
one_lag,grouped,10,M1_history_gb,gb,Burkina Faso,2016,411.62,429.04,398.2203783093116,413.6301891546558,0.5
one_lag,grouped,10,M1_history_gb,gb,Burkina Faso,2017,411.99,411.62,398.2203783093116,404.9201891546558,0.5
one_lag,grouped,10,M1_history_gb,gb,Burkina Faso,2018,398.7,411.99,398.2203783093116,405.1051891546558,0.5
one_lag,grouped,10,M1_history_gb,gb,Burkina Faso,2020,389.9,398.7,398.2203783093116,398.46018915465584,0.5
one_lag,grouped,10,M1_history_gb,gb,Côte d'Ivoire,2016,140.1,146.95,164.23942719607192,155.59471359803595,0.5
one_lag,grouped,10,M1_history_gb,gb,Côte d'Ivoire,2017,138.86,140.1,164.372286483187,152.23614324159348,0.5
one_lag,grouped,10,M1_history_gb,gb,Côte d'Ivoire,2018,330.6,138.86,164.372286483187,151.6161432415935,0.5
one_lag,grouped,10,M1_history_gb,gb,Côte d'Ivoire,2020,287.0,330.6,321.2789115583778,325.9394557791889,0.5
one_lag,grouped,10,M1_history_gb,gb,Gabon,2016,169.11,172.6,190.03900701317303,181.3195035065865,0.5
one_lag,grouped,10,M1_history_gb,gb,Gabon,2017,168.87,169.11,190.03900701317303,179.57450350658652,0.5
one_lag,grouped,10,M1_history_gb,gb,Gabon,2018,248.2,168.87,190.03900701317303,179.45450350658652,0.5
one_lag,grouped,10,M1_history_gb,gb,Gabon,2020,215.5,248.2,256.23724138200924,252.21862069100462,0.5
one_lag,grouped,10,M1_history_gb,gb,Kenya,2016,71.23,73.15,71.79407529658945,72.47203764829473,0.5
one_lag,grouped,10,M1_history_gb,gb,Kenya,2017,70.83,71.23,71.79407529658945,71.51203764829472,0.5
one_lag,grouped,10,M1_history_gb,gb,Kenya,2018,70.1,70.83,71.79407529658945,71.31203764829473,0.5
one_lag,grouped,10,M1_history_gb,gb,Kenya,2020,50.9,70.1,71.79407529658945,70.94703764829472,0.5
one_lag,grouped,10,M1_history_gb,gb,Madagascar,2016,67.97,117.2,108.17206434435796,112.68603217217898,0.5
one_lag,grouped,10,M1_history_gb,gb,Madagascar,2017,90.9,67.97,71.79407529658945,69.88203764829473,0.5
one_lag,grouped,10,M1_history_gb,gb,Madagascar,2018,82.4,90.9,71.79407529658945,81.34703764829473,0.5
one_lag,grouped,10,M1_history_gb,gb,Madagascar,2020,133.5,82.4,71.79407529658945,77.09703764829473,0.5
one_lag,grouped,10,M1_history_gb,gb,Mali,2016,383.59,391.18,398.2203783093116,394.70018915465585,0.5
one_lag,grouped,10,M1_history_gb,gb,Mali,2017,386.16,383.59,370.6403789171062,377.1151894585531,0.5
one_lag,grouped,10,M1_history_gb,gb,Mali,2018,386.8,386.16,370.6403789171062,378.4001894585531,0.5
one_lag,grouped,10,M1_history_gb,gb,Uganda,2016,203.09,203.83,200.2800689987383,202.05503449936916,0.5
one_lag,grouped,10,M1_history_gb,gb,Uganda,2017,200.66,203.09,200.2800689987383,201.68503449936915,0.5
one_lag,grouped,10,M1_history_gb,gb,Uganda,2018,289.2,200.66,201.61067962490878,201.1353398124544,0.5
one_lag,grouped,10,M1_history_gb,gb,Uganda,2020,283.8,289.2,290.43236064467936,289.8161803223397,0.5
one_lag,grouped,10,M2_history_env_compact_rf,rf,Burkina Faso,2016,411.62,429.04,353.2466881303241,398.72267525212965,0.4
one_lag,grouped,10,M2_history_env_compact_rf,rf,Burkina Faso,2017,411.99,411.62,353.15484360603324,388.2339374424133,0.4
one_lag,grouped,10,M2_history_env_compact_rf,rf,Burkina Faso,2018,398.7,411.99,353.4934981205562,388.5913992482225,0.4
one_lag,grouped,10,M2_history_env_compact_rf,rf,Burkina Faso,2020,389.9,398.7,355.08213901921306,381.2528556076852,0.4
one_lag,grouped,10,M2_history_env_compact_rf,rf,Côte d'Ivoire,2016,140.1,146.95,206.7841356778455,170.8836542711382,0.4
one_lag,grouped,10,M2_history_env_compact_rf,rf,Côte d'Ivoire,2017,138.86,140.1,212.0152767910977,168.8661107164391,0.4
one_lag,grouped,10,M2_history_env_compact_rf,rf,Côte d'Ivoire,2018,330.6,138.86,204.72114156456988,165.20445662582796,0.4
one_lag,grouped,10,M2_history_env_compact_rf,rf,Côte d'Ivoire,2020,287.0,330.6,315.2254534487219,324.45018137948875,0.4
one_lag,grouped,10,M2_history_env_compact_rf,rf,Gabon,2016,169.11,172.6,226.92181027387824,194.3287241095513,0.4
one_lag,grouped,10,M2_history_env_compact_rf,rf,Gabon,2017,168.87,169.11,211.78649713795693,186.18059885518278,0.4
one_lag,grouped,10,M2_history_env_compact_rf,rf,Gabon,2018,248.2,168.87,227.06956166812736,192.14982466725095,0.4
one_lag,grouped,10,M2_history_env_compact_rf,rf,Gabon,2020,215.5,248.2,266.0308416573982,255.33233666295928,0.4
one_lag,grouped,10,M2_history_env_compact_rf,rf,Kenya,2016,71.23,73.15,80.01206455189256,75.89482582075703,0.4
one_lag,grouped,10,M2_history_env_compact_rf,rf,Kenya,2017,70.83,71.23,80.95199382967033,75.11879753186814,0.4
one_lag,grouped,10,M2_history_env_compact_rf,rf,Kenya,2018,70.1,70.83,92.44657718426015,79.47663087370405,0.4
one_lag,grouped,10,M2_history_env_compact_rf,rf,Kenya,2020,50.9,70.1,88.7956791380841,77.57827165523364,0.4
one_lag,grouped,10,M2_history_env_compact_rf,rf,Madagascar,2016,67.97,117.2,126.511202641382,120.9244810565528,0.4
one_lag,grouped,10,M2_history_env_compact_rf,rf,Madagascar,2017,90.9,67.97,125.48291981598511,90.97516792639405,0.4
one_lag,grouped,10,M2_history_env_compact_rf,rf,Madagascar,2018,82.4,90.9,128.28635625249308,105.85454250099724,0.4
one_lag,grouped,10,M2_history_env_compact_rf,rf,Madagascar,2020,133.5,82.4,121.47997495595622,98.0319899823825,0.4
one_lag,grouped,10,M2_history_env_compact_rf,rf,Mali,2016,383.59,391.18,361.19856887360083,379.1874275494403,0.4
one_lag,grouped,10,M2_history_env_compact_rf,rf,Mali,2017,386.16,383.59,357.9883161681397,373.3493264672559,0.4
one_lag,grouped,10,M2_history_env_compact_rf,rf,Mali,2018,386.8,386.16,358.1132464538539,374.94129858154156,0.4
one_lag,grouped,10,M2_history_env_compact_rf,rf,Uganda,2016,203.09,203.83,219.13390276268828,209.9515611050753,0.4
one_lag,grouped,10,M2_history_env_compact_rf,rf,Uganda,2017,200.66,203.09,201.0113084292601,202.25852337170406,0.4
one_lag,grouped,10,M2_history_env_compact_rf,rf,Uganda,2018,289.2,200.66,221.8372020741589,209.13088082966357,0.4
one_lag,grouped,10,M2_history_env_compact_rf,rf,Uganda,2020,283.8,289.2,287.04965551837563,288.3398622073502,0.4
one_lag,grouped,10,M2_history_env_compact_gb,gb,Burkina Faso,2016,411.62,429.04,370.2326768066465,405.5170707226586,0.4
one_lag,grouped,10,M2_history_env_compact_gb,gb,Burkina Faso,2017,411.99,411.62,375.85369587903824,397.3134783516153,0.4
one_lag,grouped,10,M2_history_env_compact_gb,gb,Burkina Faso,2018,398.7,411.99,373.92936866168674,396.7657474646747,0.4
one_lag,grouped,10,M2_history_env_compact_gb,gb,Burkina Faso,2020,389.9,398.7,373.92936866168674,388.7917474646747,0.4
one_lag,grouped,10,M2_history_env_compact_gb,gb,Côte d'Ivoire,2016,140.1,146.95,197.39909352642522,167.12963741057007,0.4
one_lag,grouped,10,M2_history_env_compact_gb,gb,Côte d'Ivoire,2017,138.86,140.1,197.64782893987328,163.11913157594932,0.4
one_lag,grouped,10,M2_history_env_compact_gb,gb,Côte d'Ivoire,2018,330.6,138.86,190.15863142810176,159.3794525712407,0.4
one_lag,grouped,10,M2_history_env_compact_gb,gb,Côte d'Ivoire,2020,287.0,330.6,324.0823336226089,327.99293344904356,0.4
one_lag,grouped,10,M2_history_env_compact_gb,gb,Gabon,2016,169.11,172.6,207.55301861898423,186.5812074475937,0.4
one_lag,grouped,10,M2_history_env_compact_gb,gb,Gabon,2017,168.87,169.11,203.20596581184523,182.7483863247381,0.4
one_lag,grouped,10,M2_history_env_compact_gb,gb,Gabon,2018,248.2,168.87,207.55301861898423,184.3432074475937,0.4
one_lag,grouped,10,M2_history_env_compact_gb,gb,Gabon,2020,215.5,248.2,258.63182320281777,252.3727292811271,0.4
one_lag,grouped,10,M2_history_env_compact_gb,gb,Kenya,2016,71.23,73.15,91.38077648688271,80.44231059475308,0.4
one_lag,grouped,10,M2_history_env_compact_gb,gb,Kenya,2017,70.83,71.23,91.38077648688271,79.29031059475308,0.4
one_lag,grouped,10,M2_history_env_compact_gb,gb,Kenya,2018,70.1,70.83,96.29677848221456,81.01671139288582,0.4
one_lag,grouped,10,M2_history_env_compact_gb,gb,Kenya,2020,50.9,70.1,102.01415347746095,82.86566139098437,0.4
one_lag,grouped,10,M2_history_env_compact_gb,gb,Madagascar,2016,67.97,117.2,119.49868526428459,118.11947410571383,0.4
one_lag,grouped,10,M2_history_env_compact_gb,gb,Madagascar,2017,90.9,67.97,106.70211572233167,83.46284628893267,0.4
one_lag,grouped,10,M2_history_env_compact_gb,gb,Madagascar,2018,82.4,90.9,117.40585508495951,101.50234203398381,0.4
one_lag,grouped,10,M2_history_env_compact_gb,gb,Madagascar,2020,133.5,82.4,115.83865914691991,95.77546365876796,0.4
one_lag,grouped,10,M2_history_env_compact_gb,gb,Mali,2016,383.59,391.18,373.95409077412785,384.28963630965114,0.4
one_lag,grouped,10,M2_history_env_compact_gb,gb,Mali,2017,386.16,383.59,372.8104489384851,379.278179575394,0.4
one_lag,grouped,10,M2_history_env_compact_gb,gb,Mali,2018,386.8,386.16,376.1024312924863,382.13697251699455,0.4
one_lag,grouped,10,M2_history_env_compact_gb,gb,Uganda,2016,203.09,203.83,199.66494126073883,202.16397650429553,0.4
one_lag,grouped,10,M2_history_env_compact_gb,gb,Uganda,2017,200.66,203.09,187.40146419659246,196.81458567863697,0.4
one_lag,grouped,10,M2_history_env_compact_gb,gb,Uganda,2018,289.2,200.66,190.93672202794983,196.77068881117992,0.4
one_lag,grouped,10,M2_history_env_compact_gb,gb,Uganda,2020,283.8,289.2,280.5017862210186,285.72071448840745,0.4
one_lag,grouped,10,M3_history_vc_rf,rf,Burkina Faso,2016,411.62,429.04,362.2770607146993,402.33482428587973,0.4
one_lag,grouped,10,M3_history_vc_rf,rf,Burkina Faso,2017,411.99,411.62,361.19131664103037,391.4485266564121,0.4
one_lag,grouped,10,M3_history_vc_rf,rf,Burkina Faso,2018,398.7,411.99,361.74396645055407,391.89158658022166,0.4
one_lag,grouped,10,M3_history_vc_rf,rf,Burkina Faso,2020,389.9,398.7,361.19131664103037,383.6965266564121,0.4
one_lag,grouped,10,M3_history_vc_rf,rf,Côte d'Ivoire,2016,140.1,146.95,193.78930692797604,165.6857227711904,0.4
one_lag,grouped,10,M3_history_vc_rf,rf,Côte d'Ivoire,2017,138.86,140.1,193.7021172661496,161.54084690645985,0.4
one_lag,grouped,10,M3_history_vc_rf,rf,Côte d'Ivoire,2018,330.6,138.86,188.19566866624305,158.59426746649723,0.4
one_lag,grouped,10,M3_history_vc_rf,rf,Côte d'Ivoire,2020,287.0,330.6,321.7589435775779,327.06357743103115,0.4
one_lag,grouped,10,M3_history_vc_rf,rf,Gabon,2016,169.11,172.6,212.34846519701358,188.49938607880543,0.4
one_lag,grouped,10,M3_history_vc_rf,rf,Gabon,2017,168.87,169.11,230.8502079290249,193.80608317160997,0.4
one_lag,grouped,10,M3_history_vc_rf,rf,Gabon,2018,248.2,168.87,213.1153825898707,186.56815303594828,0.4
one_lag,grouped,10,M3_history_vc_rf,rf,Gabon,2020,215.5,248.2,267.5124930592284,255.92499722369135,0.4
one_lag,grouped,10,M3_history_vc_rf,rf,Kenya,2016,71.23,73.15,63.509889638861125,69.29395585554445,0.4
one_lag,grouped,10,M3_history_vc_rf,rf,Kenya,2017,70.83,71.23,65.00841898440447,68.7413675937618,0.4
one_lag,grouped,10,M3_history_vc_rf,rf,Kenya,2018,70.1,70.83,67.72841188472638,69.58936475389055,0.4
one_lag,grouped,10,M3_history_vc_rf,rf,Kenya,2020,50.9,70.1,62.2869669007659,66.97478676030636,0.4
one_lag,grouped,10,M3_history_vc_rf,rf,Madagascar,2016,67.97,117.2,119.89887386126587,118.27954954450635,0.4
one_lag,grouped,10,M3_history_vc_rf,rf,Madagascar,2017,90.9,67.97,106.73874293780035,83.47749717512013,0.4
one_lag,grouped,10,M3_history_vc_rf,rf,Madagascar,2018,82.4,90.9,110.58802245253564,98.77520898101426,0.4
one_lag,grouped,10,M3_history_vc_rf,rf,Madagascar,2020,133.5,82.4,104.76731428556376,91.3469257142255,0.4
one_lag,grouped,10,M3_history_vc_rf,rf,Mali,2016,383.59,391.18,362.70218006960175,379.7888720278407,0.4
one_lag,grouped,10,M3_history_vc_rf,rf,Mali,2017,386.16,383.59,360.13934616287105,374.2097384651484,0.4
one_lag,grouped,10,M3_history_vc_rf,rf,Mali,2018,386.8,386.16,360.3885976651115,375.85143906604463,0.4
one_lag,grouped,10,M3_history_vc_rf,rf,Uganda,2016,203.09,203.83,196.91714802737084,201.06485921094836,0.4
one_lag,grouped,10,M3_history_vc_rf,rf,Uganda,2017,200.66,203.09,184.99139195987172,195.8505567839487,0.4
one_lag,grouped,10,M3_history_vc_rf,rf,Uganda,2018,289.2,200.66,199.19488350042,200.073953400168,0.4
one_lag,grouped,10,M3_history_vc_rf,rf,Uganda,2020,283.8,289.2,294.8554261970105,291.4621704788042,0.4
one_lag,grouped,10,M3_history_vc_gb,gb,Burkina Faso,2016,411.62,429.04,380.31268255060957,407.1127071477743,0.45
one_lag,grouped,10,M3_history_vc_gb,gb,Burkina Faso,2017,411.99,411.62,377.9659116496359,396.4756602423362,0.45
one_lag,grouped,10,M3_history_vc_gb,gb,Burkina Faso,2018,398.7,411.99,377.9659116496359,396.6791602423362,0.45
one_lag,grouped,10,M3_history_vc_gb,gb,Burkina Faso,2020,389.9,398.7,377.9659116496359,389.3696602423362,0.45
one_lag,grouped,10,M3_history_vc_gb,gb,Côte d'Ivoire,2016,140.1,146.95,184.10211142082085,163.66845013936938,0.45
one_lag,grouped,10,M3_history_vc_gb,gb,Côte d'Ivoire,2017,138.86,140.1,181.01440671754622,158.5114830228958,0.45
one_lag,grouped,10,M3_history_vc_gb,gb,Côte d'Ivoire,2018,330.6,138.86,184.10211142082085,159.21895013936938,0.45
one_lag,grouped,10,M3_history_vc_gb,gb,Côte d'Ivoire,2020,287.0,330.6,317.5201843212241,324.71408294455085,0.45
one_lag,grouped,10,M3_history_vc_gb,gb,Gabon,2016,169.11,172.6,202.82067486632008,186.19930368984404,0.45
one_lag,grouped,10,M3_history_vc_gb,gb,Gabon,2017,168.87,169.11,211.70722281578844,188.2787502671048,0.45
one_lag,grouped,10,M3_history_vc_gb,gb,Gabon,2018,248.2,168.87,202.82067486632008,184.14780368984404,0.45
one_lag,grouped,10,M3_history_vc_gb,gb,Gabon,2020,215.5,248.2,258.5126393964779,252.84068772841505,0.45
one_lag,grouped,10,M3_history_vc_gb,gb,Kenya,2016,71.23,73.15,61.32644217608943,67.82939897924025,0.45
one_lag,grouped,10,M3_history_vc_gb,gb,Kenya,2017,70.83,71.23,61.32644217608943,66.77339897924024,0.45
one_lag,grouped,10,M3_history_vc_gb,gb,Kenya,2018,70.1,70.83,65.59406984572081,68.47383143057436,0.45
one_lag,grouped,10,M3_history_vc_gb,gb,Kenya,2020,50.9,70.1,63.673213077063004,67.20794588467835,0.45
one_lag,grouped,10,M3_history_vc_gb,gb,Madagascar,2016,67.97,117.2,112.79004043133129,115.21551819409908,0.45
one_lag,grouped,10,M3_history_vc_gb,gb,Madagascar,2017,90.9,67.97,86.50380906100096,76.31021407745044,0.45
one_lag,grouped,10,M3_history_vc_gb,gb,Madagascar,2018,82.4,90.9,94.17447476791376,92.3735136455612,0.45
one_lag,grouped,10,M3_history_vc_gb,gb,Madagascar,2020,133.5,82.4,86.50380906100096,84.24671407745043,0.45
one_lag,grouped,10,M3_history_vc_gb,gb,Mali,2016,383.59,391.18,377.9659116496359,385.23366024233616,0.45
one_lag,grouped,10,M3_history_vc_gb,gb,Mali,2017,386.16,383.59,380.31268255060957,382.1152071477743,0.45
one_lag,grouped,10,M3_history_vc_gb,gb,Mali,2018,386.8,386.16,380.31268255060957,383.5287071477743,0.45
one_lag,grouped,10,M3_history_vc_gb,gb,Uganda,2016,203.09,203.83,188.51434751633664,196.9379563823515,0.45
one_lag,grouped,10,M3_history_vc_gb,gb,Uganda,2017,200.66,203.09,188.51434751633664,196.5309563823515,0.45
one_lag,grouped,10,M3_history_vc_gb,gb,Uganda,2018,289.2,200.66,202.90045382632198,201.6682042218449,0.45
one_lag,grouped,10,M3_history_vc_gb,gb,Uganda,2020,283.8,289.2,294.3074555233174,291.4983549854928,0.45
one_lag,grouped,10,M4_history_env_compact_vc_rf,rf,Burkina Faso,2016,411.62,429.04,343.43669322676465,394.7986772907059,0.4
one_lag,grouped,10,M4_history_env_compact_vc_rf,rf,Burkina Faso,2017,411.99,411.62,344.24367022645936,384.66946809058373,0.4
one_lag,grouped,10,M4_history_env_compact_vc_rf,rf,Burkina Faso,2018,398.7,411.99,345.8095186808293,385.5178074723317,0.4
one_lag,grouped,10,M4_history_env_compact_vc_rf,rf,Burkina Faso,2020,389.9,398.7,346.7872151863792,377.9348860745517,0.4
one_lag,grouped,10,M4_history_env_compact_vc_rf,rf,Côte d'Ivoire,2016,140.1,146.95,205.79545106032046,170.4881804241282,0.4
one_lag,grouped,10,M4_history_env_compact_vc_rf,rf,Côte d'Ivoire,2017,138.86,140.1,206.50535593944136,166.66214237577654,0.4
one_lag,grouped,10,M4_history_env_compact_vc_rf,rf,Côte d'Ivoire,2018,330.6,138.86,202.06283980634254,164.14113592253702,0.4
one_lag,grouped,10,M4_history_env_compact_vc_rf,rf,Côte d'Ivoire,2020,287.0,330.6,313.90908077719587,323.92363231087836,0.4
one_lag,grouped,10,M4_history_env_compact_vc_rf,rf,Gabon,2016,169.11,172.6,216.01251711928373,189.96500684771348,0.4
one_lag,grouped,10,M4_history_env_compact_vc_rf,rf,Gabon,2017,168.87,169.11,218.45168380941416,188.84667352376567,0.4
one_lag,grouped,10,M4_history_env_compact_vc_rf,rf,Gabon,2018,248.2,168.87,215.29723307094324,187.4408932283773,0.4
one_lag,grouped,10,M4_history_env_compact_vc_rf,rf,Gabon,2020,215.5,248.2,265.5820969587079,255.15283878348316,0.4
one_lag,grouped,10,M4_history_env_compact_vc_rf,rf,Kenya,2016,71.23,73.15,78.8153916282606,75.41615665130425,0.4
one_lag,grouped,10,M4_history_env_compact_vc_rf,rf,Kenya,2017,70.83,71.23,78.67988249333995,74.20995299733598,0.4
one_lag,grouped,10,M4_history_env_compact_vc_rf,rf,Kenya,2018,70.1,70.83,90.21024888184033,78.58209955273612,0.4
one_lag,grouped,10,M4_history_env_compact_vc_rf,rf,Kenya,2020,50.9,70.1,86.62566913580854,76.71026765432342,0.4
one_lag,grouped,10,M4_history_env_compact_vc_rf,rf,Madagascar,2016,67.97,117.2,131.6060062372725,122.962402494909,0.4
one_lag,grouped,10,M4_history_env_compact_vc_rf,rf,Madagascar,2017,90.9,67.97,128.60084824399095,92.22233929759638,0.4
one_lag,grouped,10,M4_history_env_compact_vc_rf,rf,Madagascar,2018,82.4,90.9,129.96760935726658,106.52704374290664,0.4
one_lag,grouped,10,M4_history_env_compact_vc_rf,rf,Madagascar,2020,133.5,82.4,125.31142580169822,99.5645703206793,0.4
one_lag,grouped,10,M4_history_env_compact_vc_rf,rf,Mali,2016,383.59,391.18,355.6573726333254,376.9709490533302,0.4
one_lag,grouped,10,M4_history_env_compact_vc_rf,rf,Mali,2017,386.16,383.59,352.24947741903964,371.05379096761584,0.4
one_lag,grouped,10,M4_history_env_compact_vc_rf,rf,Mali,2018,386.8,386.16,351.51973532380157,372.30389412952064,0.4
one_lag,grouped,10,M4_history_env_compact_vc_rf,rf,Uganda,2016,203.09,203.83,213.88478587712345,207.8519143508494,0.4
one_lag,grouped,10,M4_history_env_compact_vc_rf,rf,Uganda,2017,200.66,203.09,198.94403997599062,201.43161599039624,0.4
one_lag,grouped,10,M4_history_env_compact_vc_rf,rf,Uganda,2018,289.2,200.66,211.88605398023284,205.15042159209312,0.4
one_lag,grouped,10,M4_history_env_compact_vc_rf,rf,Uganda,2020,283.8,289.2,292.3585578759968,290.4634231503987,0.4
one_lag,grouped,10,M4_history_env_compact_vc_gb,gb,Burkina Faso,2016,411.62,429.04,365.4313474843223,403.5965389937289,0.4
one_lag,grouped,10,M4_history_env_compact_vc_gb,gb,Burkina Faso,2017,411.99,411.62,372.70563057343537,396.05425222937413,0.4
one_lag,grouped,10,M4_history_env_compact_vc_gb,gb,Burkina Faso,2018,398.7,411.99,371.2464404754089,395.69257619016355,0.4
one_lag,grouped,10,M4_history_env_compact_vc_gb,gb,Burkina Faso,2020,389.9,398.7,371.2464404754089,387.71857619016356,0.4
one_lag,grouped,10,M4_history_env_compact_vc_gb,gb,Côte d'Ivoire,2016,140.1,146.95,197.150027754243,167.0300111016972,0.4
one_lag,grouped,10,M4_history_env_compact_vc_gb,gb,Côte d'Ivoire,2017,138.86,140.1,195.33872056394046,162.19548822557618,0.4
one_lag,grouped,10,M4_history_env_compact_vc_gb,gb,Côte d'Ivoire,2018,330.6,138.86,190.5827610612019,159.54910442448076,0.4
one_lag,grouped,10,M4_history_env_compact_vc_gb,gb,Côte d'Ivoire,2020,287.0,330.6,320.50489944673086,326.56195977869237,0.4
one_lag,grouped,10,M4_history_env_compact_vc_gb,gb,Gabon,2016,169.11,172.6,209.18565471500614,187.23426188600246,0.4
one_lag,grouped,10,M4_history_env_compact_vc_gb,gb,Gabon,2017,168.87,169.11,202.35561077716005,182.40824431086403,0.4
one_lag,grouped,10,M4_history_env_compact_vc_gb,gb,Gabon,2018,248.2,168.87,209.18565471500614,184.99626188600246,0.4
one_lag,grouped,10,M4_history_env_compact_vc_gb,gb,Gabon,2020,215.5,248.2,255.63737287189014,251.17494914875604,0.4
one_lag,grouped,10,M4_history_env_compact_vc_gb,gb,Kenya,2016,71.23,73.15,91.64896627931847,80.5495865117274,0.4
one_lag,grouped,10,M4_history_env_compact_vc_gb,gb,Kenya,2017,70.83,71.23,91.64896627931847,79.3975865117274,0.4
one_lag,grouped,10,M4_history_env_compact_vc_gb,gb,Kenya,2018,70.1,70.83,95.99962539980666,80.89785015992267,0.4
one_lag,grouped,10,M4_history_env_compact_vc_gb,gb,Kenya,2020,50.9,70.1,101.61477478525981,82.70590991410393,0.4
one_lag,grouped,10,M4_history_env_compact_vc_gb,gb,Madagascar,2016,67.97,117.2,119.66580272997209,118.18632109198883,0.4
one_lag,grouped,10,M4_history_env_compact_vc_gb,gb,Madagascar,2017,90.9,67.97,106.28278572664362,83.29511429065745,0.4
one_lag,grouped,10,M4_history_env_compact_vc_gb,gb,Madagascar,2018,82.4,90.9,118.03712002737066,101.75484801094827,0.4
one_lag,grouped,10,M4_history_env_compact_vc_gb,gb,Madagascar,2020,133.5,82.4,115.19293772302693,95.51717508921078,0.4
one_lag,grouped,10,M4_history_env_compact_vc_gb,gb,Mali,2016,383.59,391.18,372.70563057343537,383.7902522293742,0.4
one_lag,grouped,10,M4_history_env_compact_vc_gb,gb,Mali,2017,386.16,383.59,372.70563057343537,379.23625222937414,0.4
one_lag,grouped,10,M4_history_env_compact_vc_gb,gb,Mali,2018,386.8,386.16,372.70563057343537,380.7782522293742,0.4
one_lag,grouped,10,M4_history_env_compact_vc_gb,gb,Uganda,2016,203.09,203.83,198.11241745268651,201.5429669810746,0.4
one_lag,grouped,10,M4_history_env_compact_vc_gb,gb,Uganda,2017,200.66,203.09,187.47112028798998,196.842448115196,0.4
one_lag,grouped,10,M4_history_env_compact_vc_gb,gb,Uganda,2018,289.2,200.66,196.30668528141277,198.9186741125651,0.4
one_lag,grouped,10,M4_history_env_compact_vc_gb,gb,Uganda,2020,283.8,289.2,295.79472661880305,291.8378906475212,0.4
one_lag,grouped,10,M5_history_env_full_rf,rf,Burkina Faso,2016,411.62,429.04,344.49016541358003,399.447557894753,0.35000000000000003
one_lag,grouped,10,M5_history_env_full_rf,rf,Burkina Faso,2017,411.99,411.62,344.76556036379645,388.2209461273288,0.35000000000000003
one_lag,grouped,10,M5_history_env_full_rf,rf,Burkina Faso,2018,398.7,411.99,343.2426658082898,387.92843303290147,0.35000000000000003
one_lag,grouped,10,M5_history_env_full_rf,rf,Burkina Faso,2020,389.9,398.7,345.9940240781869,380.2529084273654,0.35000000000000003
one_lag,grouped,10,M5_history_env_full_rf,rf,Côte d'Ivoire,2016,140.1,146.95,207.94725695777967,168.29903993522288,0.35000000000000003
one_lag,grouped,10,M5_history_env_full_rf,rf,Côte d'Ivoire,2017,138.86,140.1,211.14078122448214,164.96427342856876,0.35000000000000003
one_lag,grouped,10,M5_history_env_full_rf,rf,Côte d'Ivoire,2018,330.6,138.86,206.84769903280883,162.6556946614831,0.35000000000000003
one_lag,grouped,10,M5_history_env_full_rf,rf,Côte d'Ivoire,2020,287.0,330.6,314.3487654018647,324.9120678906527,0.35000000000000003
one_lag,grouped,10,M5_history_env_full_rf,rf,Gabon,2016,169.11,172.6,217.0087662031798,188.14306817111293,0.35000000000000003
one_lag,grouped,10,M5_history_env_full_rf,rf,Gabon,2017,168.87,169.11,209.55755615713036,183.26664465499564,0.35000000000000003
one_lag,grouped,10,M5_history_env_full_rf,rf,Gabon,2018,248.2,168.87,222.19471113994499,187.53364889898074,0.35000000000000003
one_lag,grouped,10,M5_history_env_full_rf,rf,Gabon,2020,215.5,248.2,265.43579561044754,254.23252846365662,0.35000000000000003
one_lag,grouped,10,M5_history_env_full_rf,rf,Kenya,2016,71.23,73.15,89.32580279864581,78.81153097952604,0.35000000000000003
one_lag,grouped,10,M5_history_env_full_rf,rf,Kenya,2017,70.83,71.23,86.63527891264293,76.62184761942503,0.35000000000000003
one_lag,grouped,10,M5_history_env_full_rf,rf,Kenya,2018,70.1,70.83,101.56204160689309,81.58621456241258,0.35000000000000003
one_lag,grouped,10,M5_history_env_full_rf,rf,Kenya,2020,50.9,70.1,98.84510197630135,80.16078569170547,0.35000000000000003
one_lag,grouped,10,M5_history_env_full_rf,rf,Madagascar,2016,67.97,117.2,130.18502980467184,121.74476043163514,0.35000000000000003
one_lag,grouped,10,M5_history_env_full_rf,rf,Madagascar,2017,90.9,67.97,130.8685326010421,89.98448641036474,0.35000000000000003
one_lag,grouped,10,M5_history_env_full_rf,rf,Madagascar,2018,82.4,90.9,133.68735004230015,105.87557251480506,0.35000000000000003
one_lag,grouped,10,M5_history_env_full_rf,rf,Madagascar,2020,133.5,82.4,128.14177863675636,98.40962252286474,0.35000000000000003
one_lag,grouped,10,M5_history_env_full_rf,rf,Mali,2016,383.59,391.18,353.8321247803913,378.10824367313694,0.35000000000000003
one_lag,grouped,10,M5_history_env_full_rf,rf,Mali,2017,386.16,383.59,352.8211510129922,372.8209028545472,0.35000000000000003
one_lag,grouped,10,M5_history_env_full_rf,rf,Mali,2018,386.8,386.16,353.03757770346834,374.56715219621395,0.35000000000000003
one_lag,grouped,10,M5_history_env_full_rf,rf,Uganda,2016,203.09,203.83,214.84215103654415,207.68425286279046,0.35000000000000003
one_lag,grouped,10,M5_history_env_full_rf,rf,Uganda,2017,200.66,203.09,202.78683531703192,202.98389236096116,0.35000000000000003
one_lag,grouped,10,M5_history_env_full_rf,rf,Uganda,2018,289.2,200.66,221.03511597329845,207.79129059065446,0.35000000000000003
one_lag,grouped,10,M5_history_env_full_rf,rf,Uganda,2020,283.8,289.2,285.99085782323397,288.0768002381319,0.35000000000000003
one_lag,grouped,10,M5_history_env_full_gb,gb,Burkina Faso,2016,411.62,429.04,369.0638999612515,408.048364986438,0.35000000000000003
one_lag,grouped,10,M5_history_env_full_gb,gb,Burkina Faso,2017,411.99,411.62,372.83892456214477,398.0466235967507,0.35000000000000003
one_lag,grouped,10,M5_history_env_full_gb,gb,Burkina Faso,2018,398.7,411.99,374.4172856765313,398.839549986786,0.35000000000000003
one_lag,grouped,10,M5_history_env_full_gb,gb,Burkina Faso,2020,389.9,398.7,374.4172856765313,390.20104998678596,0.35000000000000003
one_lag,grouped,10,M5_history_env_full_gb,gb,Côte d'Ivoire,2016,140.1,146.95,199.12069855271056,165.20974449344868,0.35000000000000003
one_lag,grouped,10,M5_history_env_full_gb,gb,Côte d'Ivoire,2017,138.86,140.1,199.12069855271056,160.7572444934487,0.35000000000000003
one_lag,grouped,10,M5_history_env_full_gb,gb,Côte d'Ivoire,2018,330.6,138.86,191.953978245381,157.44289238588337,0.35000000000000003
one_lag,grouped,10,M5_history_env_full_gb,gb,Côte d'Ivoire,2020,287.0,330.6,320.56665512637557,327.08832929423147,0.35000000000000003
one_lag,grouped,10,M5_history_env_full_gb,gb,Gabon,2016,169.11,172.6,208.3531745340538,185.11361108691884,0.35000000000000003
one_lag,grouped,10,M5_history_env_full_gb,gb,Gabon,2017,168.87,169.11,204.47523143384217,181.48783100184477,0.35000000000000003
one_lag,grouped,10,M5_history_env_full_gb,gb,Gabon,2018,248.2,168.87,208.3531745340538,182.68911108691884,0.35000000000000003
one_lag,grouped,10,M5_history_env_full_gb,gb,Gabon,2020,215.5,248.2,255.18984604350155,250.64644611522553,0.35000000000000003
one_lag,grouped,10,M5_history_env_full_gb,gb,Kenya,2016,71.23,73.15,101.90251719954125,83.21338101983945,0.35000000000000003
one_lag,grouped,10,M5_history_env_full_gb,gb,Kenya,2017,70.83,71.23,96.20979682797385,79.97292888979085,0.35000000000000003
one_lag,grouped,10,M5_history_env_full_gb,gb,Kenya,2018,70.1,70.83,106.66581150804782,83.37253402781674,0.35000000000000003
one_lag,grouped,10,M5_history_env_full_gb,gb,Kenya,2020,50.9,70.1,115.18733617719448,85.88056766201807,0.35000000000000003
one_lag,grouped,10,M5_history_env_full_gb,gb,Madagascar,2016,67.97,117.2,119.96117057032177,118.16640969961261,0.35000000000000003
one_lag,grouped,10,M5_history_env_full_gb,gb,Madagascar,2017,90.9,67.97,113.42131954608361,83.87796184112926,0.35000000000000003
one_lag,grouped,10,M5_history_env_full_gb,gb,Madagascar,2018,82.4,90.9,120.49404603460155,101.25791611211055,0.35000000000000003
one_lag,grouped,10,M5_history_env_full_gb,gb,Madagascar,2020,133.5,82.4,121.47715683663455,96.0770048928221,0.35000000000000003
one_lag,grouped,10,M5_history_env_full_gb,gb,Mali,2016,383.59,391.18,376.5556566940039,386.06147984290135,0.35000000000000003
one_lag,grouped,10,M5_history_env_full_gb,gb,Mali,2017,386.16,383.59,376.5556566940039,381.12797984290137,0.35000000000000003
one_lag,grouped,10,M5_history_env_full_gb,gb,Mali,2018,386.8,386.16,376.5556566940039,382.7984798429014,0.35000000000000003
one_lag,grouped,10,M5_history_env_full_gb,gb,Uganda,2016,203.09,203.83,196.28959092424998,201.1908568234875,0.35000000000000003
one_lag,grouped,10,M5_history_env_full_gb,gb,Uganda,2017,200.66,203.09,188.47460178622546,197.9746106251789,0.35000000000000003
one_lag,grouped,10,M5_history_env_full_gb,gb,Uganda,2018,289.2,200.66,189.3014127635963,196.6844944672587,0.35000000000000003
one_lag,grouped,10,M5_history_env_full_gb,gb,Uganda,2020,283.8,289.2,278.9309455848789,285.6058309547076,0.35000000000000003
one_lag,grouped,10,M6_history_env_full_vc_rf,rf,Burkina Faso,2016,411.62,429.04,341.0984914998197,398.2604720249369,0.35000000000000003
one_lag,grouped,10,M6_history_env_full_vc_rf,rf,Burkina Faso,2017,411.99,411.62,338.3424513390362,385.97285796866265,0.35000000000000003
one_lag,grouped,10,M6_history_env_full_vc_rf,rf,Burkina Faso,2018,398.7,411.99,339.05802556175774,386.4638089466152,0.35000000000000003
one_lag,grouped,10,M6_history_env_full_vc_rf,rf,Burkina Faso,2020,389.9,398.7,343.4883884766023,379.3759359668108,0.35000000000000003
one_lag,grouped,10,M6_history_env_full_vc_rf,rf,Côte d'Ivoire,2016,140.1,146.95,205.01149726470445,167.27152404264655,0.35000000000000003
one_lag,grouped,10,M6_history_env_full_vc_rf,rf,Côte d'Ivoire,2017,138.86,140.1,207.67363483216474,163.75077219125765,0.35000000000000003
one_lag,grouped,10,M6_history_env_full_vc_rf,rf,Côte d'Ivoire,2018,330.6,138.86,204.81372696994367,161.9438044394803,0.35000000000000003
one_lag,grouped,10,M6_history_env_full_vc_rf,rf,Côte d'Ivoire,2020,287.0,330.6,311.86877191136824,324.0440701689789,0.35000000000000003
one_lag,grouped,10,M6_history_env_full_vc_rf,rf,Gabon,2016,169.11,172.6,213.16063967694723,186.79622388693153,0.35000000000000003
one_lag,grouped,10,M6_history_env_full_vc_rf,rf,Gabon,2017,168.87,169.11,219.20032313251235,186.64161309637933,0.35000000000000003
one_lag,grouped,10,M6_history_env_full_vc_rf,rf,Gabon,2018,248.2,168.87,216.98491537619242,185.71022038166734,0.35000000000000003
one_lag,grouped,10,M6_history_env_full_vc_rf,rf,Gabon,2020,215.5,248.2,268.86084564270936,255.43129597494828,0.35000000000000003
one_lag,grouped,10,M6_history_env_full_vc_rf,rf,Kenya,2016,71.23,73.15,89.23821376329226,78.7808748171523,0.35000000000000003
one_lag,grouped,10,M6_history_env_full_vc_rf,rf,Kenya,2017,70.83,71.23,89.22260756487958,77.52741264770786,0.35000000000000003
one_lag,grouped,10,M6_history_env_full_vc_rf,rf,Kenya,2018,70.1,70.83,100.33971212132309,81.15839924246308,0.35000000000000003
one_lag,grouped,10,M6_history_env_full_vc_rf,rf,Kenya,2020,50.9,70.1,95.91235311050052,79.13432358867517,0.35000000000000003
one_lag,grouped,10,M6_history_env_full_vc_rf,rf,Madagascar,2016,67.97,117.2,129.5064314458319,121.50725100604117,0.35000000000000003
one_lag,grouped,10,M6_history_env_full_vc_rf,rf,Madagascar,2017,90.9,67.97,127.6788356918636,88.86809249215226,0.35000000000000003
one_lag,grouped,10,M6_history_env_full_vc_rf,rf,Madagascar,2018,82.4,90.9,130.44409906487948,104.74043467270782,0.35000000000000003
one_lag,grouped,10,M6_history_env_full_vc_rf,rf,Madagascar,2020,133.5,82.4,127.36141505694293,98.13649526993004,0.35000000000000003
one_lag,grouped,10,M6_history_env_full_vc_rf,rf,Mali,2016,383.59,391.18,353.29048568195606,377.9186699886846,0.35000000000000003
one_lag,grouped,10,M6_history_env_full_vc_rf,rf,Mali,2017,386.16,383.59,351.9788304865958,372.5260906703085,0.35000000000000003
one_lag,grouped,10,M6_history_env_full_vc_rf,rf,Mali,2018,386.8,386.16,351.0380776532625,373.8673271786419,0.35000000000000003
one_lag,grouped,10,M6_history_env_full_vc_rf,rf,Uganda,2016,203.09,203.83,213.47417481991656,207.2054611869708,0.35000000000000003
one_lag,grouped,10,M6_history_env_full_vc_rf,rf,Uganda,2017,200.66,203.09,202.19645284373783,202.77725849530825,0.35000000000000003
one_lag,grouped,10,M6_history_env_full_vc_rf,rf,Uganda,2018,289.2,200.66,214.00236893971277,205.32982912889946,0.35000000000000003
one_lag,grouped,10,M6_history_env_full_vc_rf,rf,Uganda,2020,283.8,289.2,292.50584095012596,290.3570443325441,0.35000000000000003
one_lag,grouped,10,M6_history_env_full_vc_gb,gb,Burkina Faso,2016,411.62,429.04,367.5842947452464,407.53050316083625,0.35000000000000003
one_lag,grouped,10,M6_history_env_full_vc_gb,gb,Burkina Faso,2017,411.99,411.62,372.2324683796131,397.8343639328646,0.35000000000000003
one_lag,grouped,10,M6_history_env_full_vc_gb,gb,Burkina Faso,2018,398.7,411.99,372.300762808529,398.0987669829851,0.35000000000000003
one_lag,grouped,10,M6_history_env_full_vc_gb,gb,Burkina Faso,2020,389.9,398.7,372.300762808529,389.46026698298516,0.35000000000000003
one_lag,grouped,10,M6_history_env_full_vc_gb,gb,Côte d'Ivoire,2016,140.1,146.95,197.15532257429976,164.5218629010049,0.35000000000000003
one_lag,grouped,10,M6_history_env_full_vc_gb,gb,Côte d'Ivoire,2017,138.86,140.1,195.90194963620047,159.63068237267015,0.35000000000000003
one_lag,grouped,10,M6_history_env_full_vc_gb,gb,Côte d'Ivoire,2018,330.6,138.86,190.24321672272336,156.8441258529532,0.35000000000000003
one_lag,grouped,10,M6_history_env_full_vc_gb,gb,Côte d'Ivoire,2020,287.0,330.6,319.43434327969584,326.6920201478936,0.35000000000000003
one_lag,grouped,10,M6_history_env_full_vc_gb,gb,Gabon,2016,169.11,172.6,209.59403343681436,185.54791170288502,0.35000000000000003
one_lag,grouped,10,M6_history_env_full_vc_gb,gb,Gabon,2017,168.87,169.11,203.7420253762362,181.23120888168268,0.35000000000000003
one_lag,grouped,10,M6_history_env_full_vc_gb,gb,Gabon,2018,248.2,168.87,209.59403343681436,183.12341170288502,0.35000000000000003
one_lag,grouped,10,M6_history_env_full_vc_gb,gb,Gabon,2020,215.5,248.2,253.66740251583852,250.11359088054348,0.35000000000000003
one_lag,grouped,10,M6_history_env_full_vc_gb,gb,Kenya,2016,71.23,73.15,102.27147474261218,83.34251615991427,0.35000000000000003
one_lag,grouped,10,M6_history_env_full_vc_gb,gb,Kenya,2017,70.83,71.23,96.5787543710448,80.10206402986569,0.35000000000000003
one_lag,grouped,10,M6_history_env_full_vc_gb,gb,Kenya,2018,70.1,70.83,104.25396145119926,82.52838650791975,0.35000000000000003
one_lag,grouped,10,M6_history_env_full_vc_gb,gb,Kenya,2020,50.9,70.1,111.73852982093786,84.67348543732825,0.35000000000000003
one_lag,grouped,10,M6_history_env_full_vc_gb,gb,Madagascar,2016,67.97,117.2,118.13571180090221,117.52749913031577,0.35000000000000003
one_lag,grouped,10,M6_history_env_full_vc_gb,gb,Madagascar,2017,90.9,67.97,111.33530058616944,83.1478552051593,0.35000000000000003
one_lag,grouped,10,M6_history_env_full_vc_gb,gb,Madagascar,2018,82.4,90.9,118.41397280942883,100.5298904833001,0.35000000000000003
one_lag,grouped,10,M6_history_env_full_vc_gb,gb,Madagascar,2020,133.5,82.4,119.15967794520098,95.26588728082035,0.35000000000000003
one_lag,grouped,10,M6_history_env_full_vc_gb,gb,Mali,2016,383.59,391.18,373.3095162544749,384.9253306890662,0.35000000000000003
one_lag,grouped,10,M6_history_env_full_vc_gb,gb,Mali,2017,386.16,383.59,373.3095162544749,379.9918306890662,0.35000000000000003
one_lag,grouped,10,M6_history_env_full_vc_gb,gb,Mali,2018,386.8,386.16,373.3095162544749,381.6623306890662,0.35000000000000003
one_lag,grouped,10,M6_history_env_full_vc_gb,gb,Uganda,2016,203.09,203.83,194.6416965143428,200.61409378002,0.35000000000000003
one_lag,grouped,10,M6_history_env_full_vc_gb,gb,Uganda,2017,200.66,203.09,191.93557230747683,199.1859503076169,0.35000000000000003
one_lag,grouped,10,M6_history_env_full_vc_gb,gb,Uganda,2018,289.2,200.66,195.36193002161903,198.80567550756666,0.35000000000000003
one_lag,grouped,10,M6_history_env_full_vc_gb,gb,Uganda,2020,283.8,289.2,296.2476725364764,291.66668538776673,0.35000000000000003
one_lag,temporal_2020,1,M0_persistence,baseline,Angola,2020,251.6,228.9,228.9,228.9,
one_lag,temporal_2020,1,M0_persistence,baseline,Benin,2020,388.3,386.2,386.2,386.2,
one_lag,temporal_2020,1,M0_persistence,baseline,Burkina Faso,2020,389.9,398.7,398.7,398.7,
one_lag,temporal_2020,1,M0_persistence,baseline,Burundi,2020,294.9,250.3,250.3,250.3,
one_lag,temporal_2020,1,M0_persistence,baseline,Cameroon,2020,260.0,247.0,247.0,247.0,
one_lag,temporal_2020,1,M0_persistence,baseline,Central African Republic,2020,336.0,347.3,347.3,347.3,
one_lag,temporal_2020,1,M0_persistence,baseline,Chad,2020,206.3,164.8,164.8,164.8,
one_lag,temporal_2020,1,M0_persistence,baseline,Congo,2020,213.2,235.1,235.1,235.1,
one_lag,temporal_2020,1,M0_persistence,baseline,Côte d'Ivoire,2020,287.0,330.6,330.6,330.6,
one_lag,temporal_2020,1,M0_persistence,baseline,Democratic Republic of the Congo,2020,324.2,319.8,319.8,319.8,
one_lag,temporal_2020,1,M0_persistence,baseline,Equatorial Guinea,2020,240.8,269.0,269.0,269.0,
one_lag,temporal_2020,1,M0_persistence,baseline,Gabon,2020,215.5,248.2,248.2,248.2,
one_lag,temporal_2020,1,M0_persistence,baseline,Gambia,2020,87.3,66.0,66.0,66.0,
one_lag,temporal_2020,1,M0_persistence,baseline,Ghana,2020,162.8,224.3,224.3,224.3,
one_lag,temporal_2020,1,M0_persistence,baseline,Guinea,2020,319.5,283.9,283.9,283.9,
one_lag,temporal_2020,1,M0_persistence,baseline,Kenya,2020,50.9,70.1,70.1,70.1,
one_lag,temporal_2020,1,M0_persistence,baseline,Liberia,2020,358.0,361.5,361.5,361.5,
one_lag,temporal_2020,1,M0_persistence,baseline,Madagascar,2020,133.5,82.4,82.4,82.4,
one_lag,temporal_2020,1,M0_persistence,baseline,Malawi,2020,228.5,213.6,213.6,213.6,
one_lag,temporal_2020,1,M0_persistence,baseline,Mozambique,2020,320.2,305.4,305.4,305.4,
one_lag,temporal_2020,1,M0_persistence,baseline,Niger,2020,324.1,356.6,356.6,356.6,
one_lag,temporal_2020,1,M0_persistence,baseline,Nigeria,2020,313.8,291.9,291.9,291.9,
one_lag,temporal_2020,1,M0_persistence,baseline,Rwanda,2020,230.5,486.5,486.5,486.5,
one_lag,temporal_2020,1,M0_persistence,baseline,Senegal,2020,49.9,55.8,55.8,55.8,
one_lag,temporal_2020,1,M0_persistence,baseline,Sierra Leone,2020,328.2,320.4,320.4,320.4,
one_lag,temporal_2020,1,M0_persistence,baseline,South Sudan,2020,286.9,235.9,235.9,235.9,
one_lag,temporal_2020,1,M0_persistence,baseline,Togo,2020,228.9,267.3,267.3,267.3,
one_lag,temporal_2020,1,M0_persistence,baseline,Uganda,2020,283.8,289.2,289.2,289.2,
one_lag,temporal_2020,1,M0_persistence,baseline,United Republic of Tanzania,2020,120.2,124.3,124.3,124.3,
one_lag,temporal_2020,1,M0_persistence,baseline,Zambia,2020,189.9,156.7,156.7,156.7,
one_lag,temporal_2020,1,M0_persistence,baseline,Zimbabwe,2020,98.5,51.0,51.0,51.0,
one_lag,temporal_2020,1,M1_history_rf,rf,Angola,2020,251.6,228.9,212.66034499664366,224.84008624916092,0.25
one_lag,temporal_2020,1,M1_history_rf,rf,Benin,2020,388.3,386.2,378.09910680336435,384.1747767008411,0.25
one_lag,temporal_2020,1,M1_history_rf,rf,Burkina Faso,2020,389.9,398.7,388.4913592988044,396.1478398247011,0.25
one_lag,temporal_2020,1,M1_history_rf,rf,Burundi,2020,294.9,250.3,216.4195491730598,241.82988729326496,0.25
one_lag,temporal_2020,1,M1_history_rf,rf,Cameroon,2020,260.0,247.0,216.4195491730598,239.35488729326494,0.25
one_lag,temporal_2020,1,M1_history_rf,rf,Central African Republic,2020,336.0,347.3,338.9156695893837,345.20391739734595,0.25
one_lag,temporal_2020,1,M1_history_rf,rf,Chad,2020,206.3,164.8,193.55488962479268,171.98872240619818,0.25
one_lag,temporal_2020,1,M1_history_rf,rf,Congo,2020,213.2,235.1,215.64262863626328,230.23565715906582,0.25
one_lag,temporal_2020,1,M1_history_rf,rf,Côte d'Ivoire,2020,287.0,330.6,359.1422765343182,337.7355691335796,0.25
one_lag,temporal_2020,1,M1_history_rf,rf,Democratic Republic of the Congo,2020,324.2,319.8,318.0538530677658,319.36346326694144,0.25
one_lag,temporal_2020,1,M1_history_rf,rf,Equatorial Guinea,2020,240.8,269.0,237.5176695587716,261.1294173896929,0.25
one_lag,temporal_2020,1,M1_history_rf,rf,Gabon,2020,215.5,248.2,216.4195491730598,240.25488729326494,0.25
one_lag,temporal_2020,1,M1_history_rf,rf,Gambia,2020,87.3,66.0,72.38884887495841,67.5972122187396,0.25
one_lag,temporal_2020,1,M1_history_rf,rf,Ghana,2020,162.8,224.3,212.66034499664366,221.39008624916093,0.25
one_lag,temporal_2020,1,M1_history_rf,rf,Guinea,2020,319.5,283.9,275.7298884487513,281.8574721121878,0.25
one_lag,temporal_2020,1,M1_history_rf,rf,Kenya,2020,50.9,70.1,70.73458000482853,70.25864500120713,0.25
one_lag,temporal_2020,1,M1_history_rf,rf,Liberia,2020,358.0,361.5,351.55828673989515,359.0145716849738,0.25
one_lag,temporal_2020,1,M1_history_rf,rf,Madagascar,2020,133.5,82.4,65.67648871139966,78.21912217784993,0.25
one_lag,temporal_2020,1,M1_history_rf,rf,Malawi,2020,228.5,213.6,197.7494026257658,209.63735065644144,0.25
one_lag,temporal_2020,1,M1_history_rf,rf,Mozambique,2020,320.2,305.4,299.10829600999034,303.82707400249757,0.25
one_lag,temporal_2020,1,M1_history_rf,rf,Niger,2020,324.1,356.6,347.3276114517729,354.28190286294324,0.25
one_lag,temporal_2020,1,M1_history_rf,rf,Nigeria,2020,313.8,291.9,276.46787206693307,288.0419680167332,0.25
one_lag,temporal_2020,1,M1_history_rf,rf,Rwanda,2020,230.5,486.5,438.2364162061273,474.4341040515318,0.25
one_lag,temporal_2020,1,M1_history_rf,rf,Senegal,2020,49.9,55.8,73.19726322921525,60.14931580730381,0.25
one_lag,temporal_2020,1,M1_history_rf,rf,Sierra Leone,2020,328.2,320.4,318.0538530677658,319.8134632669414,0.25
one_lag,temporal_2020,1,M1_history_rf,rf,South Sudan,2020,286.9,235.9,215.64262863626328,230.83565715906582,0.25
one_lag,temporal_2020,1,M1_history_rf,rf,Togo,2020,228.9,267.3,237.5176695587716,259.8544173896929,0.25
one_lag,temporal_2020,1,M1_history_rf,rf,Uganda,2020,283.8,289.2,276.46787206693307,286.01696801673324,0.25
one_lag,temporal_2020,1,M1_history_rf,rf,United Republic of Tanzania,2020,120.2,124.3,92.69645790015548,116.39911447503887,0.25
one_lag,temporal_2020,1,M1_history_rf,rf,Zambia,2020,189.9,156.7,184.04657323544907,163.53664330886227,0.25
one_lag,temporal_2020,1,M1_history_rf,rf,Zimbabwe,2020,98.5,51.0,73.19726322921525,56.54931580730381,0.25
one_lag,temporal_2020,1,M1_history_gb,gb,Angola,2020,251.6,228.9,213.31543470607946,224.22463041182385,0.30000000000000004
one_lag,temporal_2020,1,M1_history_gb,gb,Benin,2020,388.3,386.2,373.1833388819729,382.29500166459184,0.30000000000000004
one_lag,temporal_2020,1,M1_history_gb,gb,Burkina Faso,2020,389.9,398.7,380.72109185078034,393.3063275552341,0.30000000000000004
one_lag,temporal_2020,1,M1_history_gb,gb,Burundi,2020,294.9,250.3,229.2028635960122,243.97085907880367,0.30000000000000004
one_lag,temporal_2020,1,M1_history_gb,gb,Cameroon,2020,260.0,247.0,229.2028635960122,241.66085907880367,0.30000000000000004
one_lag,temporal_2020,1,M1_history_gb,gb,Central African Republic,2020,336.0,347.3,337.5587173641719,344.3776152092516,0.30000000000000004
one_lag,temporal_2020,1,M1_history_gb,gb,Chad,2020,206.3,164.8,189.2137222098893,172.1241166629668,0.30000000000000004
one_lag,temporal_2020,1,M1_history_gb,gb,Congo,2020,213.2,235.1,229.2028635960122,233.33085907880366,0.30000000000000004
one_lag,temporal_2020,1,M1_history_gb,gb,Côte d'Ivoire,2020,287.0,330.6,320.03196951441015,327.42959085432307,0.30000000000000004
one_lag,temporal_2020,1,M1_history_gb,gb,Democratic Republic of the Congo,2020,324.2,319.8,310.27739075020366,316.9432172250611,0.30000000000000004
one_lag,temporal_2020,1,M1_history_gb,gb,Equatorial Guinea,2020,240.8,269.0,229.2028635960122,257.0608590788037,0.30000000000000004
one_lag,temporal_2020,1,M1_history_gb,gb,Gabon,2020,215.5,248.2,229.2028635960122,242.50085907880364,0.30000000000000004
one_lag,temporal_2020,1,M1_history_gb,gb,Gambia,2020,87.3,66.0,72.73779597468459,68.02133879240537,0.30000000000000004
one_lag,temporal_2020,1,M1_history_gb,gb,Ghana,2020,162.8,224.3,213.31543470607946,221.00463041182385,0.30000000000000004
one_lag,temporal_2020,1,M1_history_gb,gb,Guinea,2020,319.5,283.9,274.78846297148726,281.1665388914462,0.30000000000000004
one_lag,temporal_2020,1,M1_history_gb,gb,Kenya,2020,50.9,70.1,72.73779597468459,70.89133879240538,0.30000000000000004
one_lag,temporal_2020,1,M1_history_gb,gb,Liberia,2020,358.0,361.5,353.3646877999581,359.05940633998745,0.30000000000000004
one_lag,temporal_2020,1,M1_history_gb,gb,Madagascar,2020,133.5,82.4,72.73779597468459,79.50133879240538,0.30000000000000004
one_lag,temporal_2020,1,M1_history_gb,gb,Malawi,2020,228.5,213.6,205.1417116211844,211.06251348635533,0.30000000000000004
one_lag,temporal_2020,1,M1_history_gb,gb,Mozambique,2020,320.2,305.4,303.0734612379798,304.70203837139394,0.30000000000000004
one_lag,temporal_2020,1,M1_history_gb,gb,Niger,2020,324.1,356.6,348.72234080682205,354.23670224204665,0.30000000000000004
one_lag,temporal_2020,1,M1_history_gb,gb,Nigeria,2020,313.8,291.9,274.78846297148726,286.76653889144615,0.30000000000000004
one_lag,temporal_2020,1,M1_history_gb,gb,Rwanda,2020,230.5,486.5,434.05804772478973,470.76741431743693,0.30000000000000004
one_lag,temporal_2020,1,M1_history_gb,gb,Senegal,2020,49.9,55.8,72.73779597468459,60.88133879240537,0.30000000000000004
one_lag,temporal_2020,1,M1_history_gb,gb,Sierra Leone,2020,328.2,320.4,310.27739075020366,317.3632172250611,0.30000000000000004
one_lag,temporal_2020,1,M1_history_gb,gb,South Sudan,2020,286.9,235.9,229.2028635960122,233.89085907880366,0.30000000000000004
one_lag,temporal_2020,1,M1_history_gb,gb,Togo,2020,228.9,267.3,229.2028635960122,255.87085907880368,0.30000000000000004
one_lag,temporal_2020,1,M1_history_gb,gb,Uganda,2020,283.8,289.2,274.78846297148726,284.87653889144616,0.30000000000000004
one_lag,temporal_2020,1,M1_history_gb,gb,United Republic of Tanzania,2020,120.2,124.3,92.4002957463393,114.73008872390179,0.30000000000000004
one_lag,temporal_2020,1,M1_history_gb,gb,Zambia,2020,189.9,156.7,189.2137222098893,166.45411666296678,0.30000000000000004
one_lag,temporal_2020,1,M1_history_gb,gb,Zimbabwe,2020,98.5,51.0,72.73779597468459,57.52133879240537,0.30000000000000004
one_lag,temporal_2020,1,M2_history_env_compact_rf,rf,Angola,2020,251.6,228.9,196.10480049739255,219.06144014921776,0.30000000000000004
one_lag,temporal_2020,1,M2_history_env_compact_rf,rf,Benin,2020,388.3,386.2,376.49844645529646,383.28953393658895,0.30000000000000004
one_lag,temporal_2020,1,M2_history_env_compact_rf,rf,Burkina Faso,2020,389.9,398.7,382.6157183645544,393.8747155093663,0.30000000000000004
one_lag,temporal_2020,1,M2_history_env_compact_rf,rf,Burundi,2020,294.9,250.3,249.9130818732316,250.1839245619695,0.30000000000000004
one_lag,temporal_2020,1,M2_history_env_compact_rf,rf,Cameroon,2020,260.0,247.0,217.72072127267026,238.21621638180108,0.30000000000000004
one_lag,temporal_2020,1,M2_history_env_compact_rf,rf,Central African Republic,2020,336.0,347.3,336.5642997945154,344.07928993835463,0.30000000000000004
one_lag,temporal_2020,1,M2_history_env_compact_rf,rf,Chad,2020,206.3,164.8,172.65431606584218,167.15629481975267,0.30000000000000004
one_lag,temporal_2020,1,M2_history_env_compact_rf,rf,Congo,2020,213.2,235.1,211.73723825265313,228.09117147579593,0.30000000000000004
one_lag,temporal_2020,1,M2_history_env_compact_rf,rf,Côte d'Ivoire,2020,287.0,330.6,313.7812135534473,325.5543640660342,0.30000000000000004
one_lag,temporal_2020,1,M2_history_env_compact_rf,rf,Democratic Republic of the Congo,2020,324.2,319.8,313.6569257460651,317.9570777238195,0.30000000000000004
one_lag,temporal_2020,1,M2_history_env_compact_rf,rf,Equatorial Guinea,2020,240.8,269.0,249.19775923049386,263.0593277691482,0.30000000000000004
one_lag,temporal_2020,1,M2_history_env_compact_rf,rf,Gabon,2020,215.5,248.2,243.02263364119344,246.64679009235803,0.30000000000000004
one_lag,temporal_2020,1,M2_history_env_compact_rf,rf,Gambia,2020,87.3,66.0,79.09106527627931,69.9273195828838,0.30000000000000004
one_lag,temporal_2020,1,M2_history_env_compact_rf,rf,Ghana,2020,162.8,224.3,207.229835148325,219.1789505444975,0.30000000000000004
one_lag,temporal_2020,1,M2_history_env_compact_rf,rf,Guinea,2020,319.5,283.9,283.5370995119311,283.7911298535793,0.30000000000000004
one_lag,temporal_2020,1,M2_history_env_compact_rf,rf,Kenya,2020,50.9,70.1,78.97404586668885,72.76221376000666,0.30000000000000004
one_lag,temporal_2020,1,M2_history_env_compact_rf,rf,Liberia,2020,358.0,361.5,348.1501012197455,357.49503036592364,0.30000000000000004
one_lag,temporal_2020,1,M2_history_env_compact_rf,rf,Madagascar,2020,133.5,82.4,86.45047612469013,83.61514283740705,0.30000000000000004
one_lag,temporal_2020,1,M2_history_env_compact_rf,rf,Malawi,2020,228.5,213.6,194.7531570014296,207.94594710042887,0.30000000000000004
one_lag,temporal_2020,1,M2_history_env_compact_rf,rf,Mozambique,2020,320.2,305.4,306.56071626027784,305.74821487808333,0.30000000000000004
one_lag,temporal_2020,1,M2_history_env_compact_rf,rf,Niger,2020,324.1,356.6,358.09066746473377,357.04720023942014,0.30000000000000004
one_lag,temporal_2020,1,M2_history_env_compact_rf,rf,Nigeria,2020,313.8,291.9,289.48061677706465,291.1741850331194,0.30000000000000004
one_lag,temporal_2020,1,M2_history_env_compact_rf,rf,Rwanda,2020,230.5,486.5,447.3781832175607,474.76345496526824,0.30000000000000004
one_lag,temporal_2020,1,M2_history_env_compact_rf,rf,Senegal,2020,49.9,55.8,64.0258769067044,58.26776307201132,0.30000000000000004
one_lag,temporal_2020,1,M2_history_env_compact_rf,rf,Sierra Leone,2020,328.2,320.4,296.8162173020093,313.3248651906028,0.30000000000000004
one_lag,temporal_2020,1,M2_history_env_compact_rf,rf,South Sudan,2020,286.9,235.9,198.3134240024569,224.6240272007371,0.30000000000000004
one_lag,temporal_2020,1,M2_history_env_compact_rf,rf,Togo,2020,228.9,267.3,235.1930527700792,257.6679158310238,0.30000000000000004
one_lag,temporal_2020,1,M2_history_env_compact_rf,rf,Uganda,2020,283.8,289.2,288.3665812486736,288.94997437460205,0.30000000000000004
one_lag,temporal_2020,1,M2_history_env_compact_rf,rf,United Republic of Tanzania,2020,120.2,124.3,116.62663148399895,121.99798944519968,0.30000000000000004
one_lag,temporal_2020,1,M2_history_env_compact_rf,rf,Zambia,2020,189.9,156.7,188.33640395859032,166.1909211875771,0.30000000000000004
one_lag,temporal_2020,1,M2_history_env_compact_rf,rf,Zimbabwe,2020,98.5,51.0,68.80994834132532,56.3429845023976,0.30000000000000004
one_lag,temporal_2020,1,M2_history_env_compact_gb,gb,Angola,2020,251.6,228.9,208.31118609431255,223.75279652357813,0.25
one_lag,temporal_2020,1,M2_history_env_compact_gb,gb,Benin,2020,388.3,386.2,377.60354357855744,384.05088589463935,0.25
one_lag,temporal_2020,1,M2_history_env_compact_gb,gb,Burkina Faso,2020,389.9,398.7,381.8985565857529,394.4996391464382,0.25
one_lag,temporal_2020,1,M2_history_env_compact_gb,gb,Burundi,2020,294.9,250.3,313.6632260624281,266.14080651560704,0.25
one_lag,temporal_2020,1,M2_history_env_compact_gb,gb,Cameroon,2020,260.0,247.0,225.87537224682367,241.7188430617059,0.25
one_lag,temporal_2020,1,M2_history_env_compact_gb,gb,Central African Republic,2020,336.0,347.3,343.1180353893772,346.2545088473443,0.25
one_lag,temporal_2020,1,M2_history_env_compact_gb,gb,Chad,2020,206.3,164.8,168.19549885362147,165.64887471340538,0.25
one_lag,temporal_2020,1,M2_history_env_compact_gb,gb,Congo,2020,213.2,235.1,228.07295018199233,233.34323754549808,0.25
one_lag,temporal_2020,1,M2_history_env_compact_gb,gb,Côte d'Ivoire,2020,287.0,330.6,319.29414986949496,327.7735374673738,0.25
one_lag,temporal_2020,1,M2_history_env_compact_gb,gb,Democratic Republic of the Congo,2020,324.2,319.8,309.5998512466375,317.2499628116594,0.25
one_lag,temporal_2020,1,M2_history_env_compact_gb,gb,Equatorial Guinea,2020,240.8,269.0,221.9180572210197,257.22951430525495,0.25
one_lag,temporal_2020,1,M2_history_env_compact_gb,gb,Gabon,2020,215.5,248.2,230.12452595846023,243.68113148961504,0.25
one_lag,temporal_2020,1,M2_history_env_compact_gb,gb,Gambia,2020,87.3,66.0,80.09233243420836,69.52308310855209,0.25
one_lag,temporal_2020,1,M2_history_env_compact_gb,gb,Ghana,2020,162.8,224.3,215.38551194290883,222.07137798572722,0.25
one_lag,temporal_2020,1,M2_history_env_compact_gb,gb,Guinea,2020,319.5,283.9,261.5270754913599,278.30676887283994,0.25
one_lag,temporal_2020,1,M2_history_env_compact_gb,gb,Kenya,2020,50.9,70.1,116.90790470366888,81.80197617591722,0.25
one_lag,temporal_2020,1,M2_history_env_compact_gb,gb,Liberia,2020,358.0,361.5,343.0597514090446,356.88993785226114,0.25
one_lag,temporal_2020,1,M2_history_env_compact_gb,gb,Madagascar,2020,133.5,82.4,87.69011725855664,83.72252931463916,0.25
one_lag,temporal_2020,1,M2_history_env_compact_gb,gb,Malawi,2020,228.5,213.6,192.7700144788076,208.3925036197019,0.25
one_lag,temporal_2020,1,M2_history_env_compact_gb,gb,Mozambique,2020,320.2,305.4,308.6613738769622,306.21534346924057,0.25
one_lag,temporal_2020,1,M2_history_env_compact_gb,gb,Niger,2020,324.1,356.6,358.22321369786033,357.0058034244651,0.25
one_lag,temporal_2020,1,M2_history_env_compact_gb,gb,Nigeria,2020,313.8,291.9,290.8735739071752,291.6433934767938,0.25
one_lag,temporal_2020,1,M2_history_env_compact_gb,gb,Rwanda,2020,230.5,486.5,483.45144103767893,485.73786025941973,0.25
one_lag,temporal_2020,1,M2_history_env_compact_gb,gb,Senegal,2020,49.9,55.8,67.83059068276529,58.807647670691324,0.25
one_lag,temporal_2020,1,M2_history_env_compact_gb,gb,Sierra Leone,2020,328.2,320.4,300.29890639003673,315.37472659750915,0.25
one_lag,temporal_2020,1,M2_history_env_compact_gb,gb,South Sudan,2020,286.9,235.9,227.54486789547306,233.81121697386828,0.25
one_lag,temporal_2020,1,M2_history_env_compact_gb,gb,Togo,2020,228.9,267.3,230.48694216097212,258.09673554024306,0.25
one_lag,temporal_2020,1,M2_history_env_compact_gb,gb,Uganda,2020,283.8,289.2,284.7317237687502,288.08293094218755,0.25
one_lag,temporal_2020,1,M2_history_env_compact_gb,gb,United Republic of Tanzania,2020,120.2,124.3,106.47851412068572,119.84462853017143,0.25
one_lag,temporal_2020,1,M2_history_env_compact_gb,gb,Zambia,2020,189.9,156.7,164.26154371536194,158.59038592884048,0.25
one_lag,temporal_2020,1,M2_history_env_compact_gb,gb,Zimbabwe,2020,98.5,51.0,71.47340467409553,56.11835116852389,0.25
one_lag,temporal_2020,1,M3_history_vc_rf,rf,Angola,2020,251.6,228.9,223.17184847293606,227.18155454188081,0.30000000000000004
one_lag,temporal_2020,1,M3_history_vc_rf,rf,Benin,2020,388.3,386.2,362.20741161227573,379.0022234836827,0.30000000000000004
one_lag,temporal_2020,1,M3_history_vc_rf,rf,Burkina Faso,2020,389.9,398.7,384.0047835572385,394.29143506717156,0.30000000000000004
one_lag,temporal_2020,1,M3_history_vc_rf,rf,Burundi,2020,294.9,250.3,226.8873368595106,243.2762010578532,0.30000000000000004
one_lag,temporal_2020,1,M3_history_vc_rf,rf,Cameroon,2020,260.0,247.0,211.52638481981614,236.35791544594485,0.30000000000000004
one_lag,temporal_2020,1,M3_history_vc_rf,rf,Central African Republic,2020,336.0,347.3,358.31156137218346,350.60346841165506,0.30000000000000004
one_lag,temporal_2020,1,M3_history_vc_rf,rf,Chad,2020,206.3,164.8,182.6165318950402,170.14495956851206,0.30000000000000004
one_lag,temporal_2020,1,M3_history_vc_rf,rf,Congo,2020,213.2,235.1,226.940321756336,232.6520965269008,0.30000000000000004
one_lag,temporal_2020,1,M3_history_vc_rf,rf,Côte d'Ivoire,2020,287.0,330.6,314.4272630419704,325.74817891259113,0.30000000000000004
one_lag,temporal_2020,1,M3_history_vc_rf,rf,Democratic Republic of the Congo,2020,324.2,319.8,336.61108195238864,324.84332458571663,0.30000000000000004
one_lag,temporal_2020,1,M3_history_vc_rf,rf,Equatorial Guinea,2020,240.8,269.0,260.56961320037453,266.47088396011236,0.30000000000000004
one_lag,temporal_2020,1,M3_history_vc_rf,rf,Gabon,2020,215.5,248.2,234.20332658732733,244.0009979761982,0.30000000000000004
one_lag,temporal_2020,1,M3_history_vc_rf,rf,Gambia,2020,87.3,66.0,92.86352496612247,74.05905748983675,0.30000000000000004
one_lag,temporal_2020,1,M3_history_vc_rf,rf,Ghana,2020,162.8,224.3,189.1997754723041,213.76993264169124,0.30000000000000004
one_lag,temporal_2020,1,M3_history_vc_rf,rf,Guinea,2020,319.5,283.9,278.92713533741886,282.4081406012256,0.30000000000000004
one_lag,temporal_2020,1,M3_history_vc_rf,rf,Kenya,2020,50.9,70.1,68.34475540551642,69.57342662165492,0.30000000000000004
one_lag,temporal_2020,1,M3_history_vc_rf,rf,Liberia,2020,358.0,361.5,362.6259399039238,361.83778197117715,0.30000000000000004
one_lag,temporal_2020,1,M3_history_vc_rf,rf,Madagascar,2020,133.5,82.4,90.5187029093458,84.83561087280374,0.30000000000000004
one_lag,temporal_2020,1,M3_history_vc_rf,rf,Malawi,2020,228.5,213.6,219.07453871402922,215.24236161420876,0.30000000000000004
one_lag,temporal_2020,1,M3_history_vc_rf,rf,Mozambique,2020,320.2,305.4,291.4055435895293,301.2016630768588,0.30000000000000004
one_lag,temporal_2020,1,M3_history_vc_rf,rf,Niger,2020,324.1,356.6,355.472454931768,356.26173647953044,0.30000000000000004
one_lag,temporal_2020,1,M3_history_vc_rf,rf,Nigeria,2020,313.8,291.9,283.9540741665647,289.51622224996936,0.30000000000000004
one_lag,temporal_2020,1,M3_history_vc_rf,rf,Rwanda,2020,230.5,486.5,407.66432137671944,462.84929641301585,0.30000000000000004
one_lag,temporal_2020,1,M3_history_vc_rf,rf,Senegal,2020,49.9,55.8,65.97211784315397,58.85163535294619,0.30000000000000004
one_lag,temporal_2020,1,M3_history_vc_rf,rf,Sierra Leone,2020,328.2,320.4,301.5435714006351,314.7430714201905,0.30000000000000004
one_lag,temporal_2020,1,M3_history_vc_rf,rf,South Sudan,2020,286.9,235.9,190.44826720393036,222.2644801611791,0.30000000000000004
one_lag,temporal_2020,1,M3_history_vc_rf,rf,Togo,2020,228.9,267.3,223.56846220149254,254.18053866044778,0.30000000000000004
one_lag,temporal_2020,1,M3_history_vc_rf,rf,Uganda,2020,283.8,289.2,290.85184476198066,289.69555342859417,0.30000000000000004
one_lag,temporal_2020,1,M3_history_vc_rf,rf,United Republic of Tanzania,2020,120.2,124.3,117.64738284975095,122.30421485492528,0.30000000000000004
one_lag,temporal_2020,1,M3_history_vc_rf,rf,Zambia,2020,189.9,156.7,212.17577724482294,173.34273317344687,0.30000000000000004
one_lag,temporal_2020,1,M3_history_vc_rf,rf,Zimbabwe,2020,98.5,51.0,74.31650935517776,57.99495280655333,0.30000000000000004
one_lag,temporal_2020,1,M3_history_vc_gb,gb,Angola,2020,251.6,228.9,212.68826368044355,225.65765273608872,0.2
one_lag,temporal_2020,1,M3_history_vc_gb,gb,Benin,2020,388.3,386.2,353.2663644011985,379.61327288023966,0.2
one_lag,temporal_2020,1,M3_history_vc_gb,gb,Burkina Faso,2020,389.9,398.7,381.67073870897957,395.2941477417959,0.2
one_lag,temporal_2020,1,M3_history_vc_gb,gb,Burundi,2020,294.9,250.3,245.19836754583548,249.2796735091671,0.2
one_lag,temporal_2020,1,M3_history_vc_gb,gb,Cameroon,2020,260.0,247.0,228.42358530061827,243.28471706012365,0.2
one_lag,temporal_2020,1,M3_history_vc_gb,gb,Central African Republic,2020,336.0,347.3,356.2007285114795,349.0801457022959,0.2
one_lag,temporal_2020,1,M3_history_vc_gb,gb,Chad,2020,206.3,164.8,175.66901946721012,166.97380389344204,0.2
one_lag,temporal_2020,1,M3_history_vc_gb,gb,Congo,2020,213.2,235.1,245.19836754583548,237.1196735091671,0.2
one_lag,temporal_2020,1,M3_history_vc_gb,gb,Côte d'Ivoire,2020,287.0,330.6,321.2791340849067,328.73582681698133,0.2
one_lag,temporal_2020,1,M3_history_vc_gb,gb,Democratic Republic of the Congo,2020,324.2,319.8,320.59108148583397,319.9582162971668,0.2
one_lag,temporal_2020,1,M3_history_vc_gb,gb,Equatorial Guinea,2020,240.8,269.0,246.80241668393475,264.56048333678694,0.2
one_lag,temporal_2020,1,M3_history_vc_gb,gb,Gabon,2020,215.5,248.2,246.80241668393475,247.92048333678693,0.2
one_lag,temporal_2020,1,M3_history_vc_gb,gb,Gambia,2020,87.3,66.0,85.52100548236005,69.90420109647201,0.2
one_lag,temporal_2020,1,M3_history_vc_gb,gb,Ghana,2020,162.8,224.3,198.58221477538507,219.156442955077,0.2
one_lag,temporal_2020,1,M3_history_vc_gb,gb,Guinea,2020,319.5,283.9,272.8034130197866,281.6806826039573,0.2
one_lag,temporal_2020,1,M3_history_vc_gb,gb,Kenya,2020,50.9,70.1,73.0725082513452,70.69450165026903,0.2
one_lag,temporal_2020,1,M3_history_vc_gb,gb,Liberia,2020,358.0,361.5,364.75353570857493,362.150707141715,0.2
one_lag,temporal_2020,1,M3_history_vc_gb,gb,Madagascar,2020,133.5,82.4,80.75142408409278,82.07028481681856,0.2
one_lag,temporal_2020,1,M3_history_vc_gb,gb,Malawi,2020,228.5,213.6,208.79582330581354,212.6391646611627,0.2
one_lag,temporal_2020,1,M3_history_vc_gb,gb,Mozambique,2020,320.2,305.4,304.4956940048491,305.2191388009698,0.2
one_lag,temporal_2020,1,M3_history_vc_gb,gb,Niger,2020,324.1,356.6,353.5423010612974,355.9884602122595,0.2
one_lag,temporal_2020,1,M3_history_vc_gb,gb,Nigeria,2020,313.8,291.9,276.1429010182695,288.7485802036539,0.2
one_lag,temporal_2020,1,M3_history_vc_gb,gb,Rwanda,2020,230.5,486.5,444.92553930935566,478.18510786187113,0.2
one_lag,temporal_2020,1,M3_history_vc_gb,gb,Senegal,2020,49.9,55.8,73.0725082513452,59.254501650269034,0.2
one_lag,temporal_2020,1,M3_history_vc_gb,gb,Sierra Leone,2020,328.2,320.4,288.56348466309765,314.0326969326195,0.2
one_lag,temporal_2020,1,M3_history_vc_gb,gb,South Sudan,2020,286.9,235.9,226.5210754211529,234.02421508423058,0.2
one_lag,temporal_2020,1,M3_history_vc_gb,gb,Togo,2020,228.9,267.3,228.06825936986263,259.45365187397255,0.2
one_lag,temporal_2020,1,M3_history_vc_gb,gb,Uganda,2020,283.8,289.2,274.57617305375277,286.27523461075054,0.2
one_lag,temporal_2020,1,M3_history_vc_gb,gb,United Republic of Tanzania,2020,120.2,124.3,99.8983327709385,119.4196665541877,0.2
one_lag,temporal_2020,1,M3_history_vc_gb,gb,Zambia,2020,189.9,156.7,198.15152985949226,164.99030597189844,0.2
one_lag,temporal_2020,1,M3_history_vc_gb,gb,Zimbabwe,2020,98.5,51.0,74.46546536025576,55.693093072051155,0.2
one_lag,temporal_2020,1,M4_history_env_compact_vc_rf,rf,Angola,2020,251.6,228.9,196.41361653436914,220.7784041335923,0.25
one_lag,temporal_2020,1,M4_history_env_compact_vc_rf,rf,Benin,2020,388.3,386.2,368.28494189298897,381.72123547324725,0.25
one_lag,temporal_2020,1,M4_history_env_compact_vc_rf,rf,Burkina Faso,2020,389.9,398.7,383.56741628430836,394.91685407107707,0.25
one_lag,temporal_2020,1,M4_history_env_compact_vc_rf,rf,Burundi,2020,294.9,250.3,252.17435630022982,250.76858907505746,0.25
one_lag,temporal_2020,1,M4_history_env_compact_vc_rf,rf,Cameroon,2020,260.0,247.0,216.37664806002766,239.34416201500693,0.25
one_lag,temporal_2020,1,M4_history_env_compact_vc_rf,rf,Central African Republic,2020,336.0,347.3,345.98387457958876,346.9709686448972,0.25
one_lag,temporal_2020,1,M4_history_env_compact_vc_rf,rf,Chad,2020,206.3,164.8,170.35668239969962,166.18917059992492,0.25
one_lag,temporal_2020,1,M4_history_env_compact_vc_rf,rf,Congo,2020,213.2,235.1,216.5381560023731,230.45953900059328,0.25
one_lag,temporal_2020,1,M4_history_env_compact_vc_rf,rf,Côte d'Ivoire,2020,287.0,330.6,309.77478883925824,325.3936972098146,0.25
one_lag,temporal_2020,1,M4_history_env_compact_vc_rf,rf,Democratic Republic of the Congo,2020,324.2,319.8,310.87097692377074,317.5677442309427,0.25
one_lag,temporal_2020,1,M4_history_env_compact_vc_rf,rf,Equatorial Guinea,2020,240.8,269.0,246.6758551533913,263.4189637883478,0.25
one_lag,temporal_2020,1,M4_history_env_compact_vc_rf,rf,Gabon,2020,215.5,248.2,246.84306437604505,247.86076609401124,0.25
one_lag,temporal_2020,1,M4_history_env_compact_vc_rf,rf,Gambia,2020,87.3,66.0,82.51781742925047,70.12945435731262,0.25
one_lag,temporal_2020,1,M4_history_env_compact_vc_rf,rf,Ghana,2020,162.8,224.3,209.13633890904157,220.50908472726042,0.25
one_lag,temporal_2020,1,M4_history_env_compact_vc_rf,rf,Guinea,2020,319.5,283.9,283.11553612378617,283.70388403094654,0.25
one_lag,temporal_2020,1,M4_history_env_compact_vc_rf,rf,Kenya,2020,50.9,70.1,78.16888126252829,72.11722031563207,0.25
one_lag,temporal_2020,1,M4_history_env_compact_vc_rf,rf,Liberia,2020,358.0,361.5,347.6900629882461,358.04751574706154,0.25
one_lag,temporal_2020,1,M4_history_env_compact_vc_rf,rf,Madagascar,2020,133.5,82.4,91.74292847932456,84.73573211983114,0.25
one_lag,temporal_2020,1,M4_history_env_compact_vc_rf,rf,Malawi,2020,228.5,213.6,196.47935291122187,209.31983822780546,0.25
one_lag,temporal_2020,1,M4_history_env_compact_vc_rf,rf,Mozambique,2020,320.2,305.4,305.6505671792418,305.46264179481045,0.25
one_lag,temporal_2020,1,M4_history_env_compact_vc_rf,rf,Niger,2020,324.1,356.6,358.6269424620285,357.10673561550715,0.25
one_lag,temporal_2020,1,M4_history_env_compact_vc_rf,rf,Nigeria,2020,313.8,291.9,287.82339811928273,290.8808495298207,0.25
one_lag,temporal_2020,1,M4_history_env_compact_vc_rf,rf,Rwanda,2020,230.5,486.5,435.2200942044071,473.6800235511018,0.25
one_lag,temporal_2020,1,M4_history_env_compact_vc_rf,rf,Senegal,2020,49.9,55.8,65.6795928428924,58.2698982107231,0.25
one_lag,temporal_2020,1,M4_history_env_compact_vc_rf,rf,Sierra Leone,2020,328.2,320.4,296.2185064403942,314.35462661009853,0.25
one_lag,temporal_2020,1,M4_history_env_compact_vc_rf,rf,South Sudan,2020,286.9,235.9,195.48097345987026,225.79524336496758,0.25
one_lag,temporal_2020,1,M4_history_env_compact_vc_rf,rf,Togo,2020,228.9,267.3,232.67557922187416,258.64389480546856,0.25
one_lag,temporal_2020,1,M4_history_env_compact_vc_rf,rf,Uganda,2020,283.8,289.2,292.00349831406766,289.9008745785169,0.25
one_lag,temporal_2020,1,M4_history_env_compact_vc_rf,rf,United Republic of Tanzania,2020,120.2,124.3,121.0266808180827,123.48167020452067,0.25
one_lag,temporal_2020,1,M4_history_env_compact_vc_rf,rf,Zambia,2020,189.9,156.7,192.7117790345758,165.70294475864395,0.25
one_lag,temporal_2020,1,M4_history_env_compact_vc_rf,rf,Zimbabwe,2020,98.5,51.0,67.82948553120406,55.207371382801014,0.25
one_lag,temporal_2020,1,M4_history_env_compact_vc_gb,gb,Angola,2020,251.6,228.9,211.09132630194716,224.4478315754868,0.25
one_lag,temporal_2020,1,M4_history_env_compact_vc_gb,gb,Benin,2020,388.3,386.2,365.237216596645,380.95930414916126,0.25
one_lag,temporal_2020,1,M4_history_env_compact_vc_gb,gb,Burkina Faso,2020,389.9,398.7,382.86774470900417,394.74193617725103,0.25
one_lag,temporal_2020,1,M4_history_env_compact_vc_gb,gb,Burundi,2020,294.9,250.3,308.68586951339864,264.89646737834966,0.25
one_lag,temporal_2020,1,M4_history_env_compact_vc_gb,gb,Cameroon,2020,260.0,247.0,231.56287408918138,243.14071852229534,0.25
one_lag,temporal_2020,1,M4_history_env_compact_vc_gb,gb,Central African Republic,2020,336.0,347.3,348.4947955846571,347.59869889616425,0.25
one_lag,temporal_2020,1,M4_history_env_compact_vc_gb,gb,Chad,2020,206.3,164.8,166.69777854090862,165.27444463522716,0.25
one_lag,temporal_2020,1,M4_history_env_compact_vc_gb,gb,Congo,2020,213.2,235.1,224.92228573058077,232.5555714326452,0.25
one_lag,temporal_2020,1,M4_history_env_compact_vc_gb,gb,Côte d'Ivoire,2020,287.0,330.6,324.9121072125985,329.17802680314963,0.25
one_lag,temporal_2020,1,M4_history_env_compact_vc_gb,gb,Democratic Republic of the Congo,2020,324.2,319.8,299.93359980775114,314.8333999519378,0.25
one_lag,temporal_2020,1,M4_history_env_compact_vc_gb,gb,Equatorial Guinea,2020,240.8,269.0,220.8737129228021,256.9684282307005,0.25
one_lag,temporal_2020,1,M4_history_env_compact_vc_gb,gb,Gabon,2020,215.5,248.2,233.4625385900449,244.5156346475112,0.25
one_lag,temporal_2020,1,M4_history_env_compact_vc_gb,gb,Gambia,2020,87.3,66.0,80.11780685373375,69.52945171343345,0.25
one_lag,temporal_2020,1,M4_history_env_compact_vc_gb,gb,Ghana,2020,162.8,224.3,216.90217618593945,222.45054404648488,0.25
one_lag,temporal_2020,1,M4_history_env_compact_vc_gb,gb,Guinea,2020,319.5,283.9,265.8702786516915,279.3925696629228,0.25
one_lag,temporal_2020,1,M4_history_env_compact_vc_gb,gb,Kenya,2020,50.9,70.1,117.70225054063194,82.00056263515798,0.25
one_lag,temporal_2020,1,M4_history_env_compact_vc_gb,gb,Liberia,2020,358.0,361.5,335.1045726812487,354.9011431703122,0.25
one_lag,temporal_2020,1,M4_history_env_compact_vc_gb,gb,Madagascar,2020,133.5,82.4,88.48144753294216,83.92036188323554,0.25
one_lag,temporal_2020,1,M4_history_env_compact_vc_gb,gb,Malawi,2020,228.5,213.6,195.7713819140237,209.14284547850593,0.25
one_lag,temporal_2020,1,M4_history_env_compact_vc_gb,gb,Mozambique,2020,320.2,305.4,309.8378377644222,306.50945944110555,0.25
one_lag,temporal_2020,1,M4_history_env_compact_vc_gb,gb,Niger,2020,324.1,356.6,359.05719680122627,357.2142992003066,0.25
one_lag,temporal_2020,1,M4_history_env_compact_vc_gb,gb,Nigeria,2020,313.8,291.9,289.7207448029214,291.3551862007303,0.25
one_lag,temporal_2020,1,M4_history_env_compact_vc_gb,gb,Rwanda,2020,230.5,486.5,473.8754893206032,483.3438723301508,0.25
one_lag,temporal_2020,1,M4_history_env_compact_vc_gb,gb,Senegal,2020,49.9,55.8,67.87162725026138,58.81790681256534,0.25
one_lag,temporal_2020,1,M4_history_env_compact_vc_gb,gb,Sierra Leone,2020,328.2,320.4,297.93948455559763,314.7848711388994,0.25
one_lag,temporal_2020,1,M4_history_env_compact_vc_gb,gb,South Sudan,2020,286.9,235.9,229.53739525922398,234.30934881480601,0.25
one_lag,temporal_2020,1,M4_history_env_compact_vc_gb,gb,Togo,2020,228.9,267.3,230.02988359691886,257.9824708992297,0.25
one_lag,temporal_2020,1,M4_history_env_compact_vc_gb,gb,Uganda,2020,283.8,289.2,284.71159447097705,288.07789861774427,0.25
one_lag,temporal_2020,1,M4_history_env_compact_vc_gb,gb,United Republic of Tanzania,2020,120.2,124.3,104.65805587294513,119.38951396823629,0.25
one_lag,temporal_2020,1,M4_history_env_compact_vc_gb,gb,Zambia,2020,189.9,156.7,171.1689420166952,160.3172355041738,0.25
one_lag,temporal_2020,1,M4_history_env_compact_vc_gb,gb,Zimbabwe,2020,98.5,51.0,72.6195425840009,56.404885646000224,0.25
one_lag,temporal_2020,1,M5_history_env_full_rf,rf,Angola,2020,251.6,228.9,196.92833032793308,220.90708258198327,0.25
one_lag,temporal_2020,1,M5_history_env_full_rf,rf,Benin,2020,388.3,386.2,369.2061691513315,381.95154228783286,0.25
one_lag,temporal_2020,1,M5_history_env_full_rf,rf,Burkina Faso,2020,389.9,398.7,378.02476606380174,393.5311915159504,0.25
one_lag,temporal_2020,1,M5_history_env_full_rf,rf,Burundi,2020,294.9,250.3,252.38752006247438,250.8218800156186,0.25
one_lag,temporal_2020,1,M5_history_env_full_rf,rf,Cameroon,2020,260.0,247.0,226.60871206235356,241.9021780155884,0.25
one_lag,temporal_2020,1,M5_history_env_full_rf,rf,Central African Republic,2020,336.0,347.3,337.42180526301286,344.83045131575324,0.25
one_lag,temporal_2020,1,M5_history_env_full_rf,rf,Chad,2020,206.3,164.8,173.93069738554587,167.08267434638648,0.25
one_lag,temporal_2020,1,M5_history_env_full_rf,rf,Congo,2020,213.2,235.1,214.66727990938713,229.99181997734678,0.25
one_lag,temporal_2020,1,M5_history_env_full_rf,rf,Côte d'Ivoire,2020,287.0,330.6,308.23388403281683,325.0084710082042,0.25
one_lag,temporal_2020,1,M5_history_env_full_rf,rf,Democratic Republic of the Congo,2020,324.2,319.8,313.1428393535323,318.1357098383831,0.25
one_lag,temporal_2020,1,M5_history_env_full_rf,rf,Equatorial Guinea,2020,240.8,269.0,249.94014443178196,264.23503610794546,0.25
one_lag,temporal_2020,1,M5_history_env_full_rf,rf,Gabon,2020,215.5,248.2,247.24970987145383,247.96242746786345,0.25
one_lag,temporal_2020,1,M5_history_env_full_rf,rf,Gambia,2020,87.3,66.0,79.52373021861473,69.38093255465368,0.25
one_lag,temporal_2020,1,M5_history_env_full_rf,rf,Ghana,2020,162.8,224.3,212.6083346782695,221.37708366956738,0.25
one_lag,temporal_2020,1,M5_history_env_full_rf,rf,Guinea,2020,319.5,283.9,288.85246531249487,285.1381163281237,0.25
one_lag,temporal_2020,1,M5_history_env_full_rf,rf,Kenya,2020,50.9,70.1,80.72701756021756,72.75675439005438,0.25
one_lag,temporal_2020,1,M5_history_env_full_rf,rf,Liberia,2020,358.0,361.5,349.4284774696172,358.48211936740427,0.25
one_lag,temporal_2020,1,M5_history_env_full_rf,rf,Madagascar,2020,133.5,82.4,90.90984086624489,84.52746021656122,0.25
one_lag,temporal_2020,1,M5_history_env_full_rf,rf,Malawi,2020,228.5,213.6,187.6482076986022,207.11205192465053,0.25
one_lag,temporal_2020,1,M5_history_env_full_rf,rf,Mozambique,2020,320.2,305.4,314.3147608607515,307.6286902151879,0.25
one_lag,temporal_2020,1,M5_history_env_full_rf,rf,Niger,2020,324.1,356.6,356.67522805651373,356.61880701412844,0.25
one_lag,temporal_2020,1,M5_history_env_full_rf,rf,Nigeria,2020,313.8,291.9,283.7626106925359,289.8656526731339,0.25
one_lag,temporal_2020,1,M5_history_env_full_rf,rf,Rwanda,2020,230.5,486.5,443.9716941667913,475.8679235416978,0.25
one_lag,temporal_2020,1,M5_history_env_full_rf,rf,Senegal,2020,49.9,55.8,65.61939620826882,58.2548490520672,0.25
one_lag,temporal_2020,1,M5_history_env_full_rf,rf,Sierra Leone,2020,328.2,320.4,301.7421606832284,315.7355401708071,0.25
one_lag,temporal_2020,1,M5_history_env_full_rf,rf,South Sudan,2020,286.9,235.9,190.77889615878826,224.61972403969708,0.25
one_lag,temporal_2020,1,M5_history_env_full_rf,rf,Togo,2020,228.9,267.3,239.97563765073508,260.4689094126838,0.25
one_lag,temporal_2020,1,M5_history_env_full_rf,rf,Uganda,2020,283.8,289.2,289.10256894425794,289.1756422360645,0.25
one_lag,temporal_2020,1,M5_history_env_full_rf,rf,United Republic of Tanzania,2020,120.2,124.3,117.07272458167975,122.49318114541994,0.25
one_lag,temporal_2020,1,M5_history_env_full_rf,rf,Zambia,2020,189.9,156.7,182.7709362439169,163.2177340609792,0.25
one_lag,temporal_2020,1,M5_history_env_full_rf,rf,Zimbabwe,2020,98.5,51.0,70.98953188359351,55.99738297089838,0.25
one_lag,temporal_2020,1,M5_history_env_full_gb,gb,Angola,2020,251.6,228.9,206.97471156284334,223.41867789071085,0.25
one_lag,temporal_2020,1,M5_history_env_full_gb,gb,Benin,2020,388.3,386.2,372.5089164088676,382.7772291022169,0.25
one_lag,temporal_2020,1,M5_history_env_full_gb,gb,Burkina Faso,2020,389.9,398.7,388.7023044883573,396.20057612208933,0.25
one_lag,temporal_2020,1,M5_history_env_full_gb,gb,Burundi,2020,294.9,250.3,309.4667792761778,265.09169481904445,0.25
one_lag,temporal_2020,1,M5_history_env_full_gb,gb,Cameroon,2020,260.0,247.0,227.03898730378117,242.00974682594529,0.25
one_lag,temporal_2020,1,M5_history_env_full_gb,gb,Central African Republic,2020,336.0,347.3,343.9259778723131,346.4564944680783,0.25
one_lag,temporal_2020,1,M5_history_env_full_gb,gb,Chad,2020,206.3,164.8,164.1106726679417,164.62766816698544,0.25
one_lag,temporal_2020,1,M5_history_env_full_gb,gb,Congo,2020,213.2,235.1,229.01168517374273,233.57792129343568,0.25
one_lag,temporal_2020,1,M5_history_env_full_gb,gb,Côte d'Ivoire,2020,287.0,330.6,318.2594881906956,327.5148720476739,0.25
one_lag,temporal_2020,1,M5_history_env_full_gb,gb,Democratic Republic of the Congo,2020,324.2,319.8,308.4881866701758,316.97204666754396,0.25
one_lag,temporal_2020,1,M5_history_env_full_gb,gb,Equatorial Guinea,2020,240.8,269.0,222.64369568376657,257.4109239209416,0.25
one_lag,temporal_2020,1,M5_history_env_full_gb,gb,Gabon,2020,215.5,248.2,228.2933078426665,243.2233269606666,0.25
one_lag,temporal_2020,1,M5_history_env_full_gb,gb,Gambia,2020,87.3,66.0,79.53787536270343,69.38446884067585,0.25
one_lag,temporal_2020,1,M5_history_env_full_gb,gb,Ghana,2020,162.8,224.3,219.0593560114216,222.9898390028554,0.25
one_lag,temporal_2020,1,M5_history_env_full_gb,gb,Guinea,2020,319.5,283.9,268.09434201709956,279.9485855042749,0.25
one_lag,temporal_2020,1,M5_history_env_full_gb,gb,Kenya,2020,50.9,70.1,128.38989932257815,84.67247483064453,0.25
one_lag,temporal_2020,1,M5_history_env_full_gb,gb,Liberia,2020,358.0,361.5,331.7153945243518,354.05384863108793,0.25
one_lag,temporal_2020,1,M5_history_env_full_gb,gb,Madagascar,2020,133.5,82.4,86.12495891245739,83.33123972811435,0.25
one_lag,temporal_2020,1,M5_history_env_full_gb,gb,Malawi,2020,228.5,213.6,182.59066135522272,205.84766533880568,0.25
one_lag,temporal_2020,1,M5_history_env_full_gb,gb,Mozambique,2020,320.2,305.4,310.08776207000017,306.5719405175,0.25
one_lag,temporal_2020,1,M5_history_env_full_gb,gb,Niger,2020,324.1,356.6,359.7923962937128,357.3980990734282,0.25
one_lag,temporal_2020,1,M5_history_env_full_gb,gb,Nigeria,2020,313.8,291.9,287.703942173272,290.85098554331796,0.25
one_lag,temporal_2020,1,M5_history_env_full_gb,gb,Rwanda,2020,230.5,486.5,484.51079861508066,486.00269965377015,0.25
one_lag,temporal_2020,1,M5_history_env_full_gb,gb,Senegal,2020,49.9,55.8,67.7675760110583,58.79189400276457,0.25
one_lag,temporal_2020,1,M5_history_env_full_gb,gb,Sierra Leone,2020,328.2,320.4,297.46863248808745,314.6671581220219,0.25
one_lag,temporal_2020,1,M5_history_env_full_gb,gb,South Sudan,2020,286.9,235.9,227.46920048722905,233.79230012180727,0.25
one_lag,temporal_2020,1,M5_history_env_full_gb,gb,Togo,2020,228.9,267.3,225.95461164071145,256.96365291017787,0.25
one_lag,temporal_2020,1,M5_history_env_full_gb,gb,Uganda,2020,283.8,289.2,283.4540027825325,287.7635006956331,0.25
one_lag,temporal_2020,1,M5_history_env_full_gb,gb,United Republic of Tanzania,2020,120.2,124.3,105.02640194034569,119.48160048508642,0.25
one_lag,temporal_2020,1,M5_history_env_full_gb,gb,Zambia,2020,189.9,156.7,165.90688259916925,159.0017206497923,0.25
one_lag,temporal_2020,1,M5_history_env_full_gb,gb,Zimbabwe,2020,98.5,51.0,67.7589991259879,55.18974978149697,0.25
one_lag,temporal_2020,1,M6_history_env_full_vc_rf,rf,Angola,2020,251.6,228.9,196.98045580784267,220.92011395196067,0.25
one_lag,temporal_2020,1,M6_history_env_full_vc_rf,rf,Benin,2020,388.3,386.2,365.4677190730862,381.01692976827155,0.25
one_lag,temporal_2020,1,M6_history_env_full_vc_rf,rf,Burkina Faso,2020,389.9,398.7,380.3495862398374,394.11239655995934,0.25
one_lag,temporal_2020,1,M6_history_env_full_vc_rf,rf,Burundi,2020,294.9,250.3,245.50627401071353,249.1015685026784,0.25
one_lag,temporal_2020,1,M6_history_env_full_vc_rf,rf,Cameroon,2020,260.0,247.0,220.03588359515757,240.25897089878939,0.25
one_lag,temporal_2020,1,M6_history_env_full_vc_rf,rf,Central African Republic,2020,336.0,347.3,343.44291175693934,346.33572793923486,0.25
one_lag,temporal_2020,1,M6_history_env_full_vc_rf,rf,Chad,2020,206.3,164.8,174.55546714828452,167.23886678707115,0.25
one_lag,temporal_2020,1,M6_history_env_full_vc_rf,rf,Congo,2020,213.2,235.1,215.5475156895875,230.21187892239686,0.25
one_lag,temporal_2020,1,M6_history_env_full_vc_rf,rf,Côte d'Ivoire,2020,287.0,330.6,307.71256981618444,324.87814245404616,0.25
one_lag,temporal_2020,1,M6_history_env_full_vc_rf,rf,Democratic Republic of the Congo,2020,324.2,319.8,306.241131895866,316.4102829739665,0.25
one_lag,temporal_2020,1,M6_history_env_full_vc_rf,rf,Equatorial Guinea,2020,240.8,269.0,244.36665556936234,262.8416638923406,0.25
one_lag,temporal_2020,1,M6_history_env_full_vc_rf,rf,Gabon,2020,215.5,248.2,249.5859611908216,248.5464902977054,0.25
one_lag,temporal_2020,1,M6_history_env_full_vc_rf,rf,Gambia,2020,87.3,66.0,80.09611469191924,69.52402867297981,0.25
one_lag,temporal_2020,1,M6_history_env_full_vc_rf,rf,Ghana,2020,162.8,224.3,209.32281435401873,220.55570358850468,0.25
one_lag,temporal_2020,1,M6_history_env_full_vc_rf,rf,Guinea,2020,319.5,283.9,290.2103435444079,285.47758588610196,0.25
one_lag,temporal_2020,1,M6_history_env_full_vc_rf,rf,Kenya,2020,50.9,70.1,79.35321326418018,72.41330331604505,0.25
one_lag,temporal_2020,1,M6_history_env_full_vc_rf,rf,Liberia,2020,358.0,361.5,345.149520886645,357.41238022166124,0.25
one_lag,temporal_2020,1,M6_history_env_full_vc_rf,rf,Madagascar,2020,133.5,82.4,90.51027576384726,84.42756894096182,0.25
one_lag,temporal_2020,1,M6_history_env_full_vc_rf,rf,Malawi,2020,228.5,213.6,192.984220970618,208.4460552426545,0.25
one_lag,temporal_2020,1,M6_history_env_full_vc_rf,rf,Mozambique,2020,320.2,305.4,318.08930069846116,308.5723251746153,0.25
one_lag,temporal_2020,1,M6_history_env_full_vc_rf,rf,Niger,2020,324.1,356.6,357.84671201793225,356.91167800448306,0.25
one_lag,temporal_2020,1,M6_history_env_full_vc_rf,rf,Nigeria,2020,313.8,291.9,284.9295886370337,290.1573971592584,0.25
one_lag,temporal_2020,1,M6_history_env_full_vc_rf,rf,Rwanda,2020,230.5,486.5,440.99023248004835,475.12255812001206,0.25
one_lag,temporal_2020,1,M6_history_env_full_vc_rf,rf,Senegal,2020,49.9,55.8,64.99228501581753,58.09807125395438,0.25
one_lag,temporal_2020,1,M6_history_env_full_vc_rf,rf,Sierra Leone,2020,328.2,320.4,298.38500561638443,314.8962514040961,0.25
one_lag,temporal_2020,1,M6_history_env_full_vc_rf,rf,South Sudan,2020,286.9,235.9,194.16659876386672,225.46664969096668,0.25
one_lag,temporal_2020,1,M6_history_env_full_vc_rf,rf,Togo,2020,228.9,267.3,237.0386206203245,259.73465515508116,0.25
one_lag,temporal_2020,1,M6_history_env_full_vc_rf,rf,Uganda,2020,283.8,289.2,288.5689768426882,289.04224421067204,0.25
one_lag,temporal_2020,1,M6_history_env_full_vc_rf,rf,United Republic of Tanzania,2020,120.2,124.3,116.31471843412267,122.30367960853067,0.25
one_lag,temporal_2020,1,M6_history_env_full_vc_rf,rf,Zambia,2020,189.9,156.7,188.79237519436626,164.72309379859155,0.25
one_lag,temporal_2020,1,M6_history_env_full_vc_rf,rf,Zimbabwe,2020,98.5,51.0,69.74809857248306,55.687024643120765,0.25
one_lag,temporal_2020,1,M6_history_env_full_vc_gb,gb,Angola,2020,251.6,228.9,210.93070833211505,224.40767708302877,0.25
one_lag,temporal_2020,1,M6_history_env_full_vc_gb,gb,Benin,2020,388.3,386.2,364.95126193121837,380.88781548280457,0.25
one_lag,temporal_2020,1,M6_history_env_full_vc_gb,gb,Burkina Faso,2020,389.9,398.7,390.7271250907053,396.7067812726763,0.25
one_lag,temporal_2020,1,M6_history_env_full_vc_gb,gb,Burundi,2020,294.9,250.3,299.9318266955256,262.7079566738814,0.25
one_lag,temporal_2020,1,M6_history_env_full_vc_gb,gb,Cameroon,2020,260.0,247.0,233.23439479904542,243.55859869976135,0.25
one_lag,temporal_2020,1,M6_history_env_full_vc_gb,gb,Central African Republic,2020,336.0,347.3,350.5868867530134,348.1217216882534,0.25
one_lag,temporal_2020,1,M6_history_env_full_vc_gb,gb,Chad,2020,206.3,164.8,163.4042560514474,164.45106401286185,0.25
one_lag,temporal_2020,1,M6_history_env_full_vc_gb,gb,Congo,2020,213.2,235.1,224.79058524085724,232.5226463102143,0.25
one_lag,temporal_2020,1,M6_history_env_full_vc_gb,gb,Côte d'Ivoire,2020,287.0,330.6,323.0626369442455,328.7156592360614,0.25
one_lag,temporal_2020,1,M6_history_env_full_vc_gb,gb,Democratic Republic of the Congo,2020,324.2,319.8,304.4961964363212,315.9740491090803,0.25
one_lag,temporal_2020,1,M6_history_env_full_vc_gb,gb,Equatorial Guinea,2020,240.8,269.0,217.88950352423043,256.2223758810576,0.25
one_lag,temporal_2020,1,M6_history_env_full_vc_gb,gb,Gabon,2020,215.5,248.2,229.5436125585606,243.53590313964014,0.25
one_lag,temporal_2020,1,M6_history_env_full_vc_gb,gb,Gambia,2020,87.3,66.0,78.64330332759737,69.16082583189934,0.25
one_lag,temporal_2020,1,M6_history_env_full_vc_gb,gb,Ghana,2020,162.8,224.3,219.04858964865002,222.98714741216253,0.25
one_lag,temporal_2020,1,M6_history_env_full_vc_gb,gb,Guinea,2020,319.5,283.9,267.0793802211505,279.6948450552876,0.25
one_lag,temporal_2020,1,M6_history_env_full_vc_gb,gb,Kenya,2020,50.9,70.1,125.67501462489628,83.99375365622407,0.25
one_lag,temporal_2020,1,M6_history_env_full_vc_gb,gb,Liberia,2020,358.0,361.5,332.9118603318492,354.3529650829623,0.25
one_lag,temporal_2020,1,M6_history_env_full_vc_gb,gb,Madagascar,2020,133.5,82.4,85.8901534803791,83.27253837009478,0.25
one_lag,temporal_2020,1,M6_history_env_full_vc_gb,gb,Malawi,2020,228.5,213.6,190.93865506913474,207.93466376728367,0.25
one_lag,temporal_2020,1,M6_history_env_full_vc_gb,gb,Mozambique,2020,320.2,305.4,315.4535823203401,307.913395580085,0.25
one_lag,temporal_2020,1,M6_history_env_full_vc_gb,gb,Niger,2020,324.1,356.6,359.20282248059453,357.25070562014866,0.25
one_lag,temporal_2020,1,M6_history_env_full_vc_gb,gb,Nigeria,2020,313.8,291.9,288.3532388429061,291.0133097107265,0.25
one_lag,temporal_2020,1,M6_history_env_full_vc_gb,gb,Rwanda,2020,230.5,486.5,482.60763434181126,485.5269085854528,0.25
one_lag,temporal_2020,1,M6_history_env_full_vc_gb,gb,Senegal,2020,49.9,55.8,69.03735407842491,59.109338519606226,0.25
one_lag,temporal_2020,1,M6_history_env_full_vc_gb,gb,Sierra Leone,2020,328.2,320.4,294.9027233333526,314.02568083333813,0.25
one_lag,temporal_2020,1,M6_history_env_full_vc_gb,gb,South Sudan,2020,286.9,235.9,228.43009177969392,234.03252294492347,0.25
one_lag,temporal_2020,1,M6_history_env_full_vc_gb,gb,Togo,2020,228.9,267.3,225.98954464517092,256.9723861612927,0.25
one_lag,temporal_2020,1,M6_history_env_full_vc_gb,gb,Uganda,2020,283.8,289.2,285.0952130566717,288.17380326416793,0.25
one_lag,temporal_2020,1,M6_history_env_full_vc_gb,gb,United Republic of Tanzania,2020,120.2,124.3,104.18483238584996,119.27120809646249,0.25
one_lag,temporal_2020,1,M6_history_env_full_vc_gb,gb,Zambia,2020,189.9,156.7,173.4872672409495,160.89681681023737,0.25
one_lag,temporal_2020,1,M6_history_env_full_vc_gb,gb,Zimbabwe,2020,98.5,51.0,71.97600301830292,56.24400075457573,0.25
two_lag,grouped,1,M0_persistence,baseline,Côte d'Ivoire,2017,138.86,140.1,140.1,140.1,
two_lag,grouped,1,M0_persistence,baseline,Côte d'Ivoire,2018,330.6,138.86,138.86,138.86,
two_lag,grouped,1,M0_persistence,baseline,Côte d'Ivoire,2020,287.0,330.6,330.6,330.6,
two_lag,grouped,1,M0_persistence,baseline,Democratic Republic of the Congo,2017,307.62,310.59,310.59,310.59,
two_lag,grouped,1,M0_persistence,baseline,Democratic Republic of the Congo,2018,319.8,307.62,307.62,307.62,
two_lag,grouped,1,M0_persistence,baseline,Democratic Republic of the Congo,2020,324.2,319.8,319.8,319.8,
two_lag,grouped,1,M0_persistence,baseline,Kenya,2017,70.83,71.23,71.23,71.23,
two_lag,grouped,1,M0_persistence,baseline,Kenya,2018,70.1,70.83,70.83,70.83,
two_lag,grouped,1,M0_persistence,baseline,Kenya,2020,50.9,70.1,70.1,70.1,
two_lag,grouped,1,M0_persistence,baseline,Madagascar,2017,90.9,67.97,67.97,67.97,
two_lag,grouped,1,M0_persistence,baseline,Madagascar,2018,82.4,90.9,90.9,90.9,
two_lag,grouped,1,M0_persistence,baseline,Madagascar,2020,133.5,82.4,82.4,82.4,
two_lag,grouped,1,M0_persistence,baseline,Senegal,2017,64.62,54.28,54.28,54.28,
two_lag,grouped,1,M0_persistence,baseline,Senegal,2018,55.8,64.62,64.62,64.62,
two_lag,grouped,1,M0_persistence,baseline,Senegal,2020,49.9,55.8,55.8,55.8,
two_lag,grouped,1,M0_persistence,baseline,United Republic of Tanzania,2017,113.86,113.68,113.68,113.68,
two_lag,grouped,1,M0_persistence,baseline,United Republic of Tanzania,2018,124.3,113.86,113.86,113.86,
two_lag,grouped,1,M0_persistence,baseline,United Republic of Tanzania,2020,120.2,124.3,124.3,124.3,
two_lag,grouped,1,M0_persistence,baseline,Zambia,2017,203.32,204.19,204.19,204.19,
two_lag,grouped,1,M0_persistence,baseline,Zambia,2018,156.7,203.32,203.32,203.32,
two_lag,grouped,1,M0_persistence,baseline,Zambia,2020,189.9,156.7,156.7,156.7,
two_lag,grouped,1,M1_history_rf,rf,Côte d'Ivoire,2017,138.86,140.1,171.48022571728754,149.51406771518626,0.30000000000000004
two_lag,grouped,1,M1_history_rf,rf,Côte d'Ivoire,2018,330.6,138.86,165.0335043089182,146.71205129267548,0.30000000000000004
two_lag,grouped,1,M1_history_rf,rf,Côte d'Ivoire,2020,287.0,330.6,274.19041809466864,313.6771254284006,0.30000000000000004
two_lag,grouped,1,M1_history_rf,rf,Democratic Republic of the Congo,2017,307.62,310.59,308.66238353205136,310.01171505961537,0.30000000000000004
two_lag,grouped,1,M1_history_rf,rf,Democratic Republic of the Congo,2018,319.8,307.62,299.0692168653845,305.05476505961536,0.30000000000000004
two_lag,grouped,1,M1_history_rf,rf,Democratic Republic of the Congo,2020,324.2,319.8,298.6865659740537,313.46596979221613,0.30000000000000004
two_lag,grouped,1,M1_history_rf,rf,Kenya,2017,70.83,71.23,93.66020467310462,77.9590614019314,0.30000000000000004
two_lag,grouped,1,M1_history_rf,rf,Kenya,2018,70.1,70.83,93.66020467310462,77.67906140193139,0.30000000000000004
two_lag,grouped,1,M1_history_rf,rf,Kenya,2020,50.9,70.1,93.66020467310462,77.16806140193138,0.30000000000000004
two_lag,grouped,1,M1_history_rf,rf,Madagascar,2017,90.9,67.97,95.3107089588189,76.17221268764567,0.30000000000000004
two_lag,grouped,1,M1_history_rf,rf,Madagascar,2018,82.4,90.9,93.5696753397713,91.70090260193139,0.30000000000000004
two_lag,grouped,1,M1_history_rf,rf,Madagascar,2020,133.5,82.4,93.5696753397713,85.75090260193139,0.30000000000000004
two_lag,grouped,1,M1_history_rf,rf,Senegal,2017,64.62,54.28,93.78703072072365,66.1321092162171,0.30000000000000004
two_lag,grouped,1,M1_history_rf,rf,Senegal,2018,55.8,64.62,93.66020467310462,73.33206140193138,0.30000000000000004
two_lag,grouped,1,M1_history_rf,rf,Senegal,2020,49.9,55.8,93.78703072072365,67.1961092162171,0.30000000000000004
two_lag,grouped,1,M1_history_rf,rf,United Republic of Tanzania,2017,113.86,113.68,97.83153707858806,108.92546112357643,0.30000000000000004
two_lag,grouped,1,M1_history_rf,rf,United Republic of Tanzania,2018,124.3,113.86,97.83153707858806,109.05146112357642,0.30000000000000004
two_lag,grouped,1,M1_history_rf,rf,United Republic of Tanzania,2020,120.2,124.3,106.02051484720826,118.81615445416247,0.30000000000000004
two_lag,grouped,1,M1_history_rf,rf,Zambia,2017,203.32,204.19,209.64205914907697,205.8256177447231,0.30000000000000004
two_lag,grouped,1,M1_history_rf,rf,Zambia,2018,156.7,203.32,218.63784225433272,207.91535267629982,0.30000000000000004
two_lag,grouped,1,M1_history_rf,rf,Zambia,2020,189.9,156.7,204.0197207205326,170.89591621615978,0.30000000000000004
two_lag,grouped,1,M1_history_gb,gb,Côte d'Ivoire,2017,138.86,140.1,194.685710260346,161.9342841041384,0.4
two_lag,grouped,1,M1_history_gb,gb,Côte d'Ivoire,2018,330.6,138.86,194.685710260346,161.1902841041384,0.4
two_lag,grouped,1,M1_history_gb,gb,Côte d'Ivoire,2020,287.0,330.6,315.65434696277356,324.6217387851094,0.4
two_lag,grouped,1,M1_history_gb,gb,Democratic Republic of the Congo,2017,307.62,310.59,306.84182897791715,309.09073159116684,0.4
two_lag,grouped,1,M1_history_gb,gb,Democratic Republic of the Congo,2018,319.8,307.62,306.84182897791715,307.30873159116686,0.4
two_lag,grouped,1,M1_history_gb,gb,Democratic Republic of the Congo,2020,324.2,319.8,306.84182897791715,314.61673159116685,0.4
two_lag,grouped,1,M1_history_gb,gb,Kenya,2017,70.83,71.23,85.8860987298604,77.09243949194416,0.4
two_lag,grouped,1,M1_history_gb,gb,Kenya,2018,70.1,70.83,85.8860987298604,76.85243949194415,0.4
two_lag,grouped,1,M1_history_gb,gb,Kenya,2020,50.9,70.1,85.8860987298604,76.41443949194415,0.4
two_lag,grouped,1,M1_history_gb,gb,Madagascar,2017,90.9,67.97,85.8860987298604,75.13643949194416,0.4
two_lag,grouped,1,M1_history_gb,gb,Madagascar,2018,82.4,90.9,85.8860987298604,88.89443949194415,0.4
two_lag,grouped,1,M1_history_gb,gb,Madagascar,2020,133.5,82.4,85.8860987298604,83.79443949194416,0.4
two_lag,grouped,1,M1_history_gb,gb,Senegal,2017,64.62,54.28,85.8860987298604,66.92243949194416,0.4
two_lag,grouped,1,M1_history_gb,gb,Senegal,2018,55.8,64.62,85.8860987298604,73.12643949194415,0.4
two_lag,grouped,1,M1_history_gb,gb,Senegal,2020,49.9,55.8,85.8860987298604,67.83443949194415,0.4
two_lag,grouped,1,M1_history_gb,gb,United Republic of Tanzania,2017,113.86,113.68,85.8860987298604,102.56243949194416,0.4
two_lag,grouped,1,M1_history_gb,gb,United Republic of Tanzania,2018,124.3,113.86,85.8860987298604,102.67043949194415,0.4
two_lag,grouped,1,M1_history_gb,gb,United Republic of Tanzania,2020,120.2,124.3,85.8860987298604,108.93443949194415,0.4
two_lag,grouped,1,M1_history_gb,gb,Zambia,2017,203.32,204.19,215.88907789435214,208.86963115774086,0.4
two_lag,grouped,1,M1_history_gb,gb,Zambia,2018,156.7,203.32,215.88907789435214,208.34763115774086,0.4
two_lag,grouped,1,M1_history_gb,gb,Zambia,2020,189.9,156.7,191.46024454971896,170.60409781988758,0.4
two_lag,grouped,1,M2_history_env_compact_rf,rf,Côte d'Ivoire,2017,138.86,140.1,207.74144707189123,163.77450647516193,0.35000000000000003
two_lag,grouped,1,M2_history_env_compact_rf,rf,Côte d'Ivoire,2018,330.6,138.86,199.1745688079671,159.9700990827885,0.35000000000000003
two_lag,grouped,1,M2_history_env_compact_rf,rf,Côte d'Ivoire,2020,287.0,330.6,289.123429915483,316.08320047041906,0.35000000000000003
two_lag,grouped,1,M2_history_env_compact_rf,rf,Democratic Republic of the Congo,2017,307.62,310.59,297.94551199484806,306.1644291981968,0.35000000000000003
two_lag,grouped,1,M2_history_env_compact_rf,rf,Democratic Republic of the Congo,2018,319.8,307.62,294.97719726434974,303.1950190425224,0.35000000000000003
two_lag,grouped,1,M2_history_env_compact_rf,rf,Democratic Republic of the Congo,2020,324.2,319.8,296.06812073981865,311.4938422589365,0.35000000000000003
two_lag,grouped,1,M2_history_env_compact_rf,rf,Kenya,2017,70.83,71.23,102.77507724586522,82.27077703605283,0.35000000000000003
two_lag,grouped,1,M2_history_env_compact_rf,rf,Kenya,2018,70.1,70.83,108.19629203421577,83.90820221197552,0.35000000000000003
two_lag,grouped,1,M2_history_env_compact_rf,rf,Kenya,2020,50.9,70.1,112.64224984842934,84.98978744695027,0.35000000000000003
two_lag,grouped,1,M2_history_env_compact_rf,rf,Madagascar,2017,90.9,67.97,116.5372894281241,84.96855129984343,0.35000000000000003
two_lag,grouped,1,M2_history_env_compact_rf,rf,Madagascar,2018,82.4,90.9,117.0992920416495,100.06975221457733,0.35000000000000003
two_lag,grouped,1,M2_history_env_compact_rf,rf,Madagascar,2020,133.5,82.4,113.62510252577646,93.32878588402177,0.35000000000000003
two_lag,grouped,1,M2_history_env_compact_rf,rf,Senegal,2017,64.62,54.28,95.5725960359085,68.73240861256798,0.35000000000000003
two_lag,grouped,1,M2_history_env_compact_rf,rf,Senegal,2018,55.8,64.62,92.75673697241646,74.46785794034577,0.35000000000000003
two_lag,grouped,1,M2_history_env_compact_rf,rf,Senegal,2020,49.9,55.8,87.30281953662997,66.8259868378205,0.35000000000000003
two_lag,grouped,1,M2_history_env_compact_rf,rf,United Republic of Tanzania,2017,113.86,113.68,117.14529181204578,114.89285213421603,0.35000000000000003
two_lag,grouped,1,M2_history_env_compact_rf,rf,United Republic of Tanzania,2018,124.3,113.86,118.58386556390504,115.51335294736677,0.35000000000000003
two_lag,grouped,1,M2_history_env_compact_rf,rf,United Republic of Tanzania,2020,120.2,124.3,125.98576363183709,124.89001727114298,0.35000000000000003
two_lag,grouped,1,M2_history_env_compact_rf,rf,Zambia,2017,203.32,204.19,224.2440227230994,211.20890795308478,0.35000000000000003
two_lag,grouped,1,M2_history_env_compact_rf,rf,Zambia,2018,156.7,203.32,217.5719543675573,208.30818402864506,0.35000000000000003
two_lag,grouped,1,M2_history_env_compact_rf,rf,Zambia,2020,189.9,156.7,203.23221105546136,172.98627386941146,0.35000000000000003
two_lag,grouped,1,M2_history_env_compact_gb,gb,Côte d'Ivoire,2017,138.86,140.1,245.47834426862252,176.98242049401787,0.35000000000000003
two_lag,grouped,1,M2_history_env_compact_gb,gb,Côte d'Ivoire,2018,330.6,138.86,206.29358248931962,162.46175387126186,0.35000000000000003
two_lag,grouped,1,M2_history_env_compact_gb,gb,Côte d'Ivoire,2020,287.0,330.6,307.68441396550963,322.57954488792836,0.35000000000000003
two_lag,grouped,1,M2_history_env_compact_gb,gb,Democratic Republic of the Congo,2017,307.62,310.59,280.53342225439127,300.0701977890369,0.35000000000000003
two_lag,grouped,1,M2_history_env_compact_gb,gb,Democratic Republic of the Congo,2018,319.8,307.62,280.0060016819663,297.9551005886882,0.35000000000000003
two_lag,grouped,1,M2_history_env_compact_gb,gb,Democratic Republic of the Congo,2020,324.2,319.8,280.53342225439127,306.05669778903695,0.35000000000000003
two_lag,grouped,1,M2_history_env_compact_gb,gb,Kenya,2017,70.83,71.23,108.07083746818238,84.12429311386384,0.35000000000000003
two_lag,grouped,1,M2_history_env_compact_gb,gb,Kenya,2018,70.1,70.83,108.59825804060732,84.04889031421256,0.35000000000000003
two_lag,grouped,1,M2_history_env_compact_gb,gb,Kenya,2020,50.9,70.1,143.6050725015288,95.82677537553508,0.35000000000000003
two_lag,grouped,1,M2_history_env_compact_gb,gb,Madagascar,2017,90.9,67.97,102.74041131252082,80.13964395938228,0.35000000000000003
two_lag,grouped,1,M2_history_env_compact_gb,gb,Madagascar,2018,82.4,90.9,106.91835863090216,96.50642552081577,0.35000000000000003
two_lag,grouped,1,M2_history_env_compact_gb,gb,Madagascar,2020,133.5,82.4,94.32914961518414,86.57520236531445,0.35000000000000003
two_lag,grouped,1,M2_history_env_compact_gb,gb,Senegal,2017,64.62,54.28,89.95569741314473,66.76649409460066,0.35000000000000003
two_lag,grouped,1,M2_history_env_compact_gb,gb,Senegal,2018,55.8,64.62,89.95569741314473,73.48749409460066,0.35000000000000003
two_lag,grouped,1,M2_history_env_compact_gb,gb,Senegal,2020,49.9,55.8,83.85877827877147,65.62057239757002,0.35000000000000003
two_lag,grouped,1,M2_history_env_compact_gb,gb,United Republic of Tanzania,2017,113.86,113.68,103.51373466179238,110.12180713162734,0.35000000000000003
two_lag,grouped,1,M2_history_env_compact_gb,gb,United Republic of Tanzania,2018,124.3,113.86,105.17548271560429,110.8204189504615,0.35000000000000003
two_lag,grouped,1,M2_history_env_compact_gb,gb,United Republic of Tanzania,2020,120.2,124.3,105.17548271560429,117.6064189504615,0.35000000000000003
two_lag,grouped,1,M2_history_env_compact_gb,gb,Zambia,2017,203.32,204.19,220.5172604634956,209.90454116222347,0.35000000000000003
two_lag,grouped,1,M2_history_env_compact_gb,gb,Zambia,2018,156.7,203.32,216.33136900177558,207.87397915062144,0.35000000000000003
two_lag,grouped,1,M2_history_env_compact_gb,gb,Zambia,2020,189.9,156.7,193.04124273567405,169.41943495748592,0.35000000000000003
two_lag,grouped,1,M3_history_vc_rf,rf,Côte d'Ivoire,2017,138.86,140.1,183.71036402249993,155.363627407875,0.35000000000000003
two_lag,grouped,1,M3_history_vc_rf,rf,Côte d'Ivoire,2018,330.6,138.86,176.1290846861141,151.90417964013994,0.35000000000000003
two_lag,grouped,1,M3_history_vc_rf,rf,Côte d'Ivoire,2020,287.0,330.6,293.03255956787666,317.4513958487568,0.35000000000000003
two_lag,grouped,1,M3_history_vc_rf,rf,Democratic Republic of the Congo,2017,307.62,310.59,313.50906201670546,311.6116717058469,0.35000000000000003
two_lag,grouped,1,M3_history_vc_rf,rf,Democratic Republic of the Congo,2018,319.8,307.62,307.79673113480953,307.68185589718337,0.35000000000000003
two_lag,grouped,1,M3_history_vc_rf,rf,Democratic Republic of the Congo,2020,324.2,319.8,298.40216009873484,312.3107560345572,0.35000000000000003
two_lag,grouped,1,M3_history_vc_rf,rf,Kenya,2017,70.83,71.23,91.46430557847702,78.31200695246696,0.35000000000000003
two_lag,grouped,1,M3_history_vc_rf,rf,Kenya,2018,70.1,70.83,92.38720960228655,78.37502336080028,0.35000000000000003
two_lag,grouped,1,M3_history_vc_rf,rf,Kenya,2020,50.9,70.1,92.07608162609607,77.79162856913362,0.35000000000000003
two_lag,grouped,1,M3_history_vc_rf,rf,Madagascar,2017,90.9,67.97,93.57476647313793,76.93166826559828,0.35000000000000003
two_lag,grouped,1,M3_history_vc_rf,rf,Madagascar,2018,82.4,90.9,92.46715252869349,91.44850338504273,0.35000000000000003
two_lag,grouped,1,M3_history_vc_rf,rf,Madagascar,2020,133.5,82.4,92.26260152075699,85.85191053226495,0.35000000000000003
two_lag,grouped,1,M3_history_vc_rf,rf,Senegal,2017,64.62,54.28,92.56727376895319,67.68054581913361,0.35000000000000003
two_lag,grouped,1,M3_history_vc_rf,rf,Senegal,2018,55.8,64.62,91.77590629276274,74.12456720246696,0.35000000000000003
two_lag,grouped,1,M3_history_vc_rf,rf,Senegal,2020,49.9,55.8,92.56727376895319,68.66854581913361,0.35000000000000003
two_lag,grouped,1,M3_history_vc_rf,rf,United Republic of Tanzania,2017,113.86,113.68,92.96357983821727,106.42925294337604,0.35000000000000003
two_lag,grouped,1,M3_history_vc_rf,rf,United Republic of Tanzania,2018,124.3,113.86,96.86823693637942,107.9128829277328,0.35000000000000003
two_lag,grouped,1,M3_history_vc_rf,rf,United Republic of Tanzania,2020,120.2,124.3,109.29675551502301,119.04886443025805,0.35000000000000003
two_lag,grouped,1,M3_history_vc_rf,rf,Zambia,2017,203.32,204.19,231.89542227341516,213.88689779569532,0.35000000000000003
two_lag,grouped,1,M3_history_vc_rf,rf,Zambia,2018,156.7,203.32,213.8963268552315,207.02171439933102,0.35000000000000003
two_lag,grouped,1,M3_history_vc_rf,rf,Zambia,2020,189.9,156.7,214.37059721226854,176.88470902429398,0.35000000000000003
two_lag,grouped,1,M3_history_vc_gb,gb,Côte d'Ivoire,2017,138.86,140.1,213.51019589268827,165.7935685624409,0.35000000000000003
two_lag,grouped,1,M3_history_vc_gb,gb,Côte d'Ivoire,2018,330.6,138.86,213.51019589268827,164.9875685624409,0.35000000000000003
two_lag,grouped,1,M3_history_vc_gb,gb,Côte d'Ivoire,2020,287.0,330.6,315.80590305847994,325.422066070468,0.35000000000000003
two_lag,grouped,1,M3_history_vc_gb,gb,Democratic Republic of the Congo,2017,307.62,310.59,322.16395112576396,314.64088289401735,0.35000000000000003
two_lag,grouped,1,M3_history_vc_gb,gb,Democratic Republic of the Congo,2018,319.8,307.62,328.5561039517301,314.94763638310553,0.35000000000000003
two_lag,grouped,1,M3_history_vc_gb,gb,Democratic Republic of the Congo,2020,324.2,319.8,302.62107200134943,313.7873752004723,0.35000000000000003
two_lag,grouped,1,M3_history_vc_gb,gb,Kenya,2017,70.83,71.23,80.74035221400878,74.55862327490307,0.35000000000000003
two_lag,grouped,1,M3_history_vc_gb,gb,Kenya,2018,70.1,70.83,87.63111119034697,76.71038891662144,0.35000000000000003
two_lag,grouped,1,M3_history_vc_gb,gb,Kenya,2020,50.9,70.1,87.63111119034697,76.23588891662143,0.35000000000000003
two_lag,grouped,1,M3_history_vc_gb,gb,Madagascar,2017,90.9,67.97,80.0578935373981,72.20076273808934,0.35000000000000003
two_lag,grouped,1,M3_history_vc_gb,gb,Madagascar,2018,82.4,90.9,85.62624804785887,89.0541868167506,0.35000000000000003
two_lag,grouped,1,M3_history_vc_gb,gb,Madagascar,2020,133.5,82.4,78.89798781353947,81.17429573473882,0.35000000000000003
two_lag,grouped,1,M3_history_vc_gb,gb,Senegal,2017,64.62,54.28,87.63111119034697,65.95288891662145,0.35000000000000003
two_lag,grouped,1,M3_history_vc_gb,gb,Senegal,2018,55.8,64.62,87.63111119034697,72.67388891662145,0.35000000000000003
two_lag,grouped,1,M3_history_vc_gb,gb,Senegal,2020,49.9,55.8,87.63111119034697,66.94088891662145,0.35000000000000003
two_lag,grouped,1,M3_history_vc_gb,gb,United Republic of Tanzania,2017,113.86,113.68,79.94028137942252,101.87109848279789,0.35000000000000003
two_lag,grouped,1,M3_history_vc_gb,gb,United Republic of Tanzania,2018,124.3,113.86,82.61405736101936,102.92392007635678,0.35000000000000003
two_lag,grouped,1,M3_history_vc_gb,gb,United Republic of Tanzania,2020,120.2,124.3,80.2343190389483,108.8770116636319,0.35000000000000003
two_lag,grouped,1,M3_history_vc_gb,gb,Zambia,2017,203.32,204.19,230.7512073443491,213.4864225705222,0.35000000000000003
two_lag,grouped,1,M3_history_vc_gb,gb,Zambia,2018,156.7,203.32,205.0219242135514,203.915673474743,0.35000000000000003
two_lag,grouped,1,M3_history_vc_gb,gb,Zambia,2020,189.9,156.7,225.18226536260414,180.66879287691145,0.35000000000000003
two_lag,grouped,1,M4_history_env_compact_vc_rf,rf,Côte d'Ivoire,2017,138.86,140.1,203.21875848119078,162.19156546841677,0.35000000000000003
two_lag,grouped,1,M4_history_env_compact_vc_rf,rf,Côte d'Ivoire,2018,330.6,138.86,195.50415436630556,158.68545402820695,0.35000000000000003
two_lag,grouped,1,M4_history_env_compact_vc_rf,rf,Côte d'Ivoire,2020,287.0,330.6,289.1771449305174,316.1020007256811,0.35000000000000003
two_lag,grouped,1,M4_history_env_compact_vc_rf,rf,Democratic Republic of the Congo,2017,307.62,310.59,306.54442322510806,309.17404812878783,0.35000000000000003
two_lag,grouped,1,M4_history_env_compact_vc_rf,rf,Democratic Republic of the Congo,2018,319.8,307.62,302.79765379834043,305.9321788294192,0.35000000000000003
two_lag,grouped,1,M4_history_env_compact_vc_rf,rf,Democratic Republic of the Congo,2020,324.2,319.8,294.5438292523311,310.9603402383159,0.35000000000000003
two_lag,grouped,1,M4_history_env_compact_vc_rf,rf,Kenya,2017,70.83,71.23,106.36794628464222,83.52828119962479,0.35000000000000003
two_lag,grouped,1,M4_history_env_compact_vc_rf,rf,Kenya,2018,70.1,70.83,111.13498782572528,84.93674573900384,0.35000000000000003
two_lag,grouped,1,M4_history_env_compact_vc_rf,rf,Kenya,2020,50.9,70.1,113.80987885484977,85.39845759919741,0.35000000000000003
two_lag,grouped,1,M4_history_env_compact_vc_rf,rf,Madagascar,2017,90.9,67.97,122.00538855655981,86.88238599479594,0.35000000000000003
two_lag,grouped,1,M4_history_env_compact_vc_rf,rf,Madagascar,2018,82.4,90.9,123.41830247327707,102.28140586564697,0.35000000000000003
two_lag,grouped,1,M4_history_env_compact_vc_rf,rf,Madagascar,2020,133.5,82.4,119.5152878079065,95.39035073276727,0.35000000000000003
two_lag,grouped,1,M4_history_env_compact_vc_rf,rf,Senegal,2017,64.62,54.28,98.0850705446045,69.61177469061158,0.35000000000000003
two_lag,grouped,1,M4_history_env_compact_vc_rf,rf,Senegal,2018,55.8,64.62,96.0947104500879,75.63614865753077,0.35000000000000003
two_lag,grouped,1,M4_history_env_compact_vc_rf,rf,Senegal,2020,49.9,55.8,91.04662323724516,68.1363181330358,0.35000000000000003
two_lag,grouped,1,M4_history_env_compact_vc_rf,rf,United Republic of Tanzania,2017,113.86,113.68,119.1292302630657,115.587230592073,0.35000000000000003
two_lag,grouped,1,M4_history_env_compact_vc_rf,rf,United Republic of Tanzania,2018,124.3,113.86,125.24248212856294,117.84386874499702,0.35000000000000003
two_lag,grouped,1,M4_history_env_compact_vc_rf,rf,United Republic of Tanzania,2020,120.2,124.3,132.99025106781818,127.34158787373636,0.35000000000000003
two_lag,grouped,1,M4_history_env_compact_vc_rf,rf,Zambia,2017,203.32,204.19,223.11634336456987,210.81422017759945,0.35000000000000003
two_lag,grouped,1,M4_history_env_compact_vc_rf,rf,Zambia,2018,156.7,203.32,212.3935448508254,206.49574069778888,0.35000000000000003
two_lag,grouped,1,M4_history_env_compact_vc_rf,rf,Zambia,2020,189.9,156.7,205.58011285308316,173.8080394985791,0.35000000000000003
two_lag,grouped,1,M4_history_env_compact_vc_gb,gb,Côte d'Ivoire,2017,138.86,140.1,242.2856877256437,175.8649907039753,0.35000000000000003
two_lag,grouped,1,M4_history_env_compact_vc_gb,gb,Côte d'Ivoire,2018,330.6,138.86,204.13764611182407,161.70717613913843,0.35000000000000003
two_lag,grouped,1,M4_history_env_compact_vc_gb,gb,Côte d'Ivoire,2020,287.0,330.6,313.7505819899924,324.70270369649734,0.35000000000000003
two_lag,grouped,1,M4_history_env_compact_vc_gb,gb,Democratic Republic of the Congo,2017,307.62,310.59,292.3755729785005,304.21495054247515,0.35000000000000003
two_lag,grouped,1,M4_history_env_compact_vc_gb,gb,Democratic Republic of the Congo,2018,319.8,307.62,291.80997062031776,302.0864897171112,0.35000000000000003
two_lag,grouped,1,M4_history_env_compact_vc_gb,gb,Democratic Republic of the Congo,2020,324.2,319.8,284.2441976351753,307.35546917231136,0.35000000000000003
two_lag,grouped,1,M4_history_env_compact_vc_gb,gb,Kenya,2017,70.83,71.23,106.36767290264464,83.52818551592563,0.35000000000000003
two_lag,grouped,1,M4_history_env_compact_vc_gb,gb,Kenya,2018,70.1,70.83,108.04845733632503,83.85646006771375,0.35000000000000003
two_lag,grouped,1,M4_history_env_compact_vc_gb,gb,Kenya,2020,50.9,70.1,142.96644400264427,95.60325540092549,0.35000000000000003
two_lag,grouped,1,M4_history_env_compact_vc_gb,gb,Madagascar,2017,90.9,67.97,101.19929709279653,79.60025398247879,0.35000000000000003
two_lag,grouped,1,M4_history_env_compact_vc_gb,gb,Madagascar,2018,82.4,90.9,107.04863296119761,96.55202153641918,0.35000000000000003
two_lag,grouped,1,M4_history_env_compact_vc_gb,gb,Madagascar,2020,133.5,82.4,93.17192189827607,86.17017266439663,0.35000000000000003
two_lag,grouped,1,M4_history_env_compact_vc_gb,gb,Senegal,2017,64.62,54.28,91.6299360996651,67.35247763488279,0.35000000000000003
two_lag,grouped,1,M4_history_env_compact_vc_gb,gb,Senegal,2018,55.8,64.62,91.6299360996651,74.07347763488279,0.35000000000000003
two_lag,grouped,1,M4_history_env_compact_vc_gb,gb,Senegal,2020,49.9,55.8,83.56202543970944,65.5167089038983,0.35000000000000003
two_lag,grouped,1,M4_history_env_compact_vc_gb,gb,United Republic of Tanzania,2017,113.86,113.68,106.04340085012709,111.00719029754448,0.35000000000000003
two_lag,grouped,1,M4_history_env_compact_vc_gb,gb,United Republic of Tanzania,2018,124.3,113.86,104.10499641376117,110.44574874481641,0.35000000000000003
two_lag,grouped,1,M4_history_env_compact_vc_gb,gb,United Republic of Tanzania,2020,120.2,124.3,101.97530073692074,116.48635525792226,0.35000000000000003
two_lag,grouped,1,M4_history_env_compact_vc_gb,gb,Zambia,2017,203.32,204.19,225.41767329922988,211.61968565473046,0.35000000000000003
two_lag,grouped,1,M4_history_env_compact_vc_gb,gb,Zambia,2018,156.7,203.32,215.13751287767477,207.45612950718618,0.35000000000000003
two_lag,grouped,1,M4_history_env_compact_vc_gb,gb,Zambia,2020,189.9,156.7,196.24205186796323,170.53971815378713,0.35000000000000003
two_lag,grouped,1,M5_history_env_full_rf,rf,Côte d'Ivoire,2017,138.86,140.1,210.2287199420239,168.15148797680956,0.4
two_lag,grouped,1,M5_history_env_full_rf,rf,Côte d'Ivoire,2018,330.6,138.86,205.1942320898237,165.3936928359295,0.4
two_lag,grouped,1,M5_history_env_full_rf,rf,Côte d'Ivoire,2020,287.0,330.6,289.66665675611927,314.2266627024477,0.4
two_lag,grouped,1,M5_history_env_full_rf,rf,Democratic Republic of the Congo,2017,307.62,310.59,300.02302684394505,306.363210737578,0.4
two_lag,grouped,1,M5_history_env_full_rf,rf,Democratic Republic of the Congo,2018,319.8,307.62,299.0997070005107,304.2118828002043,0.4
two_lag,grouped,1,M5_history_env_full_rf,rf,Democratic Republic of the Congo,2020,324.2,319.8,298.3784812775671,311.23139251102685,0.4
two_lag,grouped,1,M5_history_env_full_rf,rf,Kenya,2017,70.83,71.23,104.29911647530245,84.45764659012099,0.4
two_lag,grouped,1,M5_history_env_full_rf,rf,Kenya,2018,70.1,70.83,115.73137287481964,88.79054914992786,0.4
two_lag,grouped,1,M5_history_env_full_rf,rf,Kenya,2020,50.9,70.1,119.75366472891,89.96146589156399,0.4
two_lag,grouped,1,M5_history_env_full_rf,rf,Madagascar,2017,90.9,67.97,126.58138472466068,91.41455388986427,0.4
two_lag,grouped,1,M5_history_env_full_rf,rf,Madagascar,2018,82.4,90.9,128.16566119075014,105.80626447630006,0.4
two_lag,grouped,1,M5_history_env_full_rf,rf,Madagascar,2020,133.5,82.4,117.54395518769765,96.45758207507906,0.4
two_lag,grouped,1,M5_history_env_full_rf,rf,Senegal,2017,64.62,54.28,97.88082428266175,71.7203297130647,0.4
two_lag,grouped,1,M5_history_env_full_rf,rf,Senegal,2018,55.8,64.62,97.01262480647128,77.57704992258851,0.4
two_lag,grouped,1,M5_history_env_full_rf,rf,Senegal,2020,49.9,55.8,91.63719721772667,70.13487888709066,0.4
two_lag,grouped,1,M5_history_env_full_rf,rf,United Republic of Tanzania,2017,113.86,113.68,123.13964723997874,117.4638588959915,0.4
two_lag,grouped,1,M5_history_env_full_rf,rf,United Republic of Tanzania,2018,124.3,113.86,128.14375563247802,119.5735022529912,0.4
two_lag,grouped,1,M5_history_env_full_rf,rf,United Republic of Tanzania,2020,120.2,124.3,136.1992601047002,129.05970404188008,0.4
two_lag,grouped,1,M5_history_env_full_rf,rf,Zambia,2017,203.32,204.19,229.0747983169904,214.14391932679615,0.4
two_lag,grouped,1,M5_history_env_full_rf,rf,Zambia,2018,156.7,203.32,224.16962217070525,211.6598488682821,0.4
two_lag,grouped,1,M5_history_env_full_rf,rf,Zambia,2020,189.9,156.7,209.22560388516277,177.7102415540651,0.4
two_lag,grouped,1,M5_history_env_full_gb,gb,Côte d'Ivoire,2017,138.86,140.1,244.8267610491687,181.99070441966748,0.4
two_lag,grouped,1,M5_history_env_full_gb,gb,Côte d'Ivoire,2018,330.6,138.86,210.20093449278065,167.39637379711226,0.4
two_lag,grouped,1,M5_history_env_full_gb,gb,Côte d'Ivoire,2020,287.0,330.6,304.2608417982877,320.06433671931507,0.4
two_lag,grouped,1,M5_history_env_full_gb,gb,Democratic Republic of the Congo,2017,307.62,310.59,281.16882783148014,298.82153113259204,0.4
two_lag,grouped,1,M5_history_env_full_gb,gb,Democratic Republic of the Congo,2018,319.8,307.62,281.16882783148014,297.03953113259206,0.4
two_lag,grouped,1,M5_history_env_full_gb,gb,Democratic Republic of the Congo,2020,324.2,319.8,282.17829184594683,304.75131673837876,0.4
two_lag,grouped,1,M5_history_env_full_gb,gb,Kenya,2017,70.83,71.23,105.57880256855995,84.96952102742398,0.4
two_lag,grouped,1,M5_history_env_full_gb,gb,Kenya,2018,70.1,70.83,113.07034522047823,87.72613808819129,0.4
two_lag,grouped,1,M5_history_env_full_gb,gb,Kenya,2020,50.9,70.1,147.11434006802529,100.90573602721011,0.4
two_lag,grouped,1,M5_history_env_full_gb,gb,Madagascar,2017,90.9,67.97,112.35268666805455,85.72307466722182,0.4
two_lag,grouped,1,M5_history_env_full_gb,gb,Madagascar,2018,82.4,90.9,106.6692665355287,97.20770661421149,0.4
two_lag,grouped,1,M5_history_env_full_gb,gb,Madagascar,2020,133.5,82.4,96.52443592961573,88.0497743718463,0.4
two_lag,grouped,1,M5_history_env_full_gb,gb,Senegal,2017,64.62,54.28,88.75116954640747,68.068467818563,0.4
two_lag,grouped,1,M5_history_env_full_gb,gb,Senegal,2018,55.8,64.62,87.5707488741516,73.80029954966065,0.4
two_lag,grouped,1,M5_history_env_full_gb,gb,Senegal,2020,49.9,55.8,83.18381350737945,66.75352540295178,0.4
two_lag,grouped,1,M5_history_env_full_gb,gb,United Republic of Tanzania,2017,113.86,113.68,114.14331328764625,113.8653253150585,0.4
two_lag,grouped,1,M5_history_env_full_gb,gb,United Republic of Tanzania,2018,124.3,113.86,104.56354238237981,110.14141695295193,0.4
two_lag,grouped,1,M5_history_env_full_gb,gb,United Republic of Tanzania,2020,120.2,124.3,104.56354238237981,116.40541695295192,0.4
two_lag,grouped,1,M5_history_env_full_gb,gb,Zambia,2017,203.32,204.19,225.4753612258421,212.70414449033683,0.4
two_lag,grouped,1,M5_history_env_full_gb,gb,Zambia,2018,156.7,203.32,219.24082120322703,209.6883284812908,0.4
two_lag,grouped,1,M5_history_env_full_gb,gb,Zambia,2020,189.9,156.7,193.59425156935015,171.45770062774005,0.4
two_lag,grouped,1,M6_history_env_full_vc_rf,rf,Côte d'Ivoire,2017,138.86,140.1,210.13557630354032,168.11423052141612,0.4
two_lag,grouped,1,M6_history_env_full_vc_rf,rf,Côte d'Ivoire,2018,330.6,138.86,204.1519402037345,164.97677608149382,0.4
two_lag,grouped,1,M6_history_env_full_vc_rf,rf,Côte d'Ivoire,2020,287.0,330.6,290.42794176897934,314.5311767075917,0.4
two_lag,grouped,1,M6_history_env_full_vc_rf,rf,Democratic Republic of the Congo,2017,307.62,310.59,304.81305392218894,308.2792215688756,0.4
two_lag,grouped,1,M6_history_env_full_vc_rf,rf,Democratic Republic of the Congo,2018,319.8,307.62,302.996552830836,305.7706211323344,0.4
two_lag,grouped,1,M6_history_env_full_vc_rf,rf,Democratic Republic of the Congo,2020,324.2,319.8,296.73076262781683,310.57230505112676,0.4
two_lag,grouped,1,M6_history_env_full_vc_rf,rf,Kenya,2017,70.83,71.23,103.0763922862693,83.96855691450773,0.4
two_lag,grouped,1,M6_history_env_full_vc_rf,rf,Kenya,2018,70.1,70.83,114.75730114952691,88.40092045981076,0.4
two_lag,grouped,1,M6_history_env_full_vc_rf,rf,Kenya,2020,50.9,70.1,118.8054350490718,89.58217401962872,0.4
two_lag,grouped,1,M6_history_env_full_vc_rf,rf,Madagascar,2017,90.9,67.97,128.10938748184458,92.02575499273783,0.4
two_lag,grouped,1,M6_history_env_full_vc_rf,rf,Madagascar,2018,82.4,90.9,128.0846385006036,105.77385540024144,0.4
two_lag,grouped,1,M6_history_env_full_vc_rf,rf,Madagascar,2020,133.5,82.4,121.0371848309449,97.85487393237796,0.4
two_lag,grouped,1,M6_history_env_full_vc_rf,rf,Senegal,2017,64.62,54.28,96.51854936563434,71.17541974625374,0.4
two_lag,grouped,1,M6_history_env_full_vc_rf,rf,Senegal,2018,55.8,64.62,95.14276542118989,76.82910616847596,0.4
two_lag,grouped,1,M6_history_env_full_vc_rf,rf,Senegal,2020,49.9,55.8,91.2626643468753,69.98506573875012,0.4
two_lag,grouped,1,M6_history_env_full_vc_rf,rf,United Republic of Tanzania,2017,113.86,113.68,121.49149386727784,116.80459754691114,0.4
two_lag,grouped,1,M6_history_env_full_vc_rf,rf,United Republic of Tanzania,2018,124.3,113.86,129.91494306037717,120.28197722415086,0.4
two_lag,grouped,1,M6_history_env_full_vc_rf,rf,United Republic of Tanzania,2020,120.2,124.3,138.13232894902032,129.83293157960813,0.4
two_lag,grouped,1,M6_history_env_full_vc_rf,rf,Zambia,2017,203.32,204.19,230.13506810521196,214.56802724208478,0.4
two_lag,grouped,1,M6_history_env_full_vc_rf,rf,Zambia,2018,156.7,203.32,216.19091166916593,208.46836466766638,0.4
two_lag,grouped,1,M6_history_env_full_vc_rf,rf,Zambia,2020,189.9,156.7,209.36350253644895,177.76540101457957,0.4
two_lag,grouped,1,M6_history_env_full_vc_gb,gb,Côte d'Ivoire,2017,138.86,140.1,240.6210873026339,180.30843492105356,0.4
two_lag,grouped,1,M6_history_env_full_vc_gb,gb,Côte d'Ivoire,2018,330.6,138.86,204.96818538531613,165.30327415412646,0.4
two_lag,grouped,1,M6_history_env_full_vc_gb,gb,Côte d'Ivoire,2020,287.0,330.6,309.5114105391487,322.1645642156595,0.4
two_lag,grouped,1,M6_history_env_full_vc_gb,gb,Democratic Republic of the Congo,2017,307.62,310.59,291.74389262362644,303.05155704945054,0.4
two_lag,grouped,1,M6_history_env_full_vc_gb,gb,Democratic Republic of the Congo,2018,319.8,307.62,291.74389262362644,301.26955704945055,0.4
two_lag,grouped,1,M6_history_env_full_vc_gb,gb,Democratic Republic of the Congo,2020,324.2,319.8,282.7918312440867,304.9967324976347,0.4
two_lag,grouped,1,M6_history_env_full_vc_gb,gb,Kenya,2017,70.83,71.23,109.07937849609694,86.36975139843878,0.4
two_lag,grouped,1,M6_history_env_full_vc_gb,gb,Kenya,2018,70.1,70.83,114.13273422227893,88.15109368891157,0.4
two_lag,grouped,1,M6_history_env_full_vc_gb,gb,Kenya,2020,50.9,70.1,150.41923403679408,102.22769361471762,0.4
two_lag,grouped,1,M6_history_env_full_vc_gb,gb,Madagascar,2017,90.9,67.97,110.55936451323815,85.00574580529526,0.4
two_lag,grouped,1,M6_history_env_full_vc_gb,gb,Madagascar,2018,82.4,90.9,109.26414111416703,98.24565644566681,0.4
two_lag,grouped,1,M6_history_env_full_vc_gb,gb,Madagascar,2020,133.5,82.4,95.82846831175362,87.77138732470145,0.4
two_lag,grouped,1,M6_history_env_full_vc_gb,gb,Senegal,2017,64.62,54.28,90.69840897964393,68.84736359185757,0.4
two_lag,grouped,1,M6_history_env_full_vc_gb,gb,Senegal,2018,55.8,64.62,90.69840897964393,75.05136359185758,0.4
two_lag,grouped,1,M6_history_env_full_vc_gb,gb,Senegal,2020,49.9,55.8,83.72129561343421,66.96851824537369,0.4
two_lag,grouped,1,M6_history_env_full_vc_gb,gb,United Republic of Tanzania,2017,113.86,113.68,115.35832264767487,114.35132905906995,0.4
two_lag,grouped,1,M6_history_env_full_vc_gb,gb,United Republic of Tanzania,2018,124.3,113.86,109.04073022978348,111.9322920919134,0.4
two_lag,grouped,1,M6_history_env_full_vc_gb,gb,United Republic of Tanzania,2020,120.2,124.3,109.04073022978348,118.19629209191339,0.4
two_lag,grouped,1,M6_history_env_full_vc_gb,gb,Zambia,2017,203.32,204.19,230.41047123694383,214.67818849477754,0.4
two_lag,grouped,1,M6_history_env_full_vc_gb,gb,Zambia,2018,156.7,203.32,218.95833933301557,209.57533573320623,0.4
two_lag,grouped,1,M6_history_env_full_vc_gb,gb,Zambia,2020,189.9,156.7,195.3760406831661,172.17041627326643,0.4
two_lag,grouped,2,M0_persistence,baseline,Chad,2017,188.61,188.18,188.18,188.18,
two_lag,grouped,2,M0_persistence,baseline,Chad,2018,164.8,188.61,188.61,188.61,
two_lag,grouped,2,M0_persistence,baseline,Chad,2020,206.3,164.8,164.8,164.8,
two_lag,grouped,2,M0_persistence,baseline,Congo,2017,197.63,201.08,201.08,201.08,
two_lag,grouped,2,M0_persistence,baseline,Congo,2018,235.1,197.63,197.63,197.63,
two_lag,grouped,2,M0_persistence,baseline,Congo,2020,213.2,235.1,235.1,235.1,
two_lag,grouped,2,M0_persistence,baseline,Côte d'Ivoire,2017,138.86,140.1,140.1,140.1,
two_lag,grouped,2,M0_persistence,baseline,Côte d'Ivoire,2018,330.6,138.86,138.86,138.86,
two_lag,grouped,2,M0_persistence,baseline,Côte d'Ivoire,2020,287.0,330.6,330.6,330.6,
two_lag,grouped,2,M0_persistence,baseline,Democratic Republic of the Congo,2017,307.62,310.59,310.59,310.59,
two_lag,grouped,2,M0_persistence,baseline,Democratic Republic of the Congo,2018,319.8,307.62,307.62,307.62,
two_lag,grouped,2,M0_persistence,baseline,Democratic Republic of the Congo,2020,324.2,319.8,319.8,319.8,
two_lag,grouped,2,M0_persistence,baseline,Gambia,2017,56.67,124.59,124.59,124.59,
two_lag,grouped,2,M0_persistence,baseline,Gambia,2018,66.0,56.67,56.67,56.67,
two_lag,grouped,2,M0_persistence,baseline,Gambia,2020,87.3,66.0,66.0,66.0,
two_lag,grouped,2,M0_persistence,baseline,Ghana,2017,270.69,271.32,271.32,271.32,
two_lag,grouped,2,M0_persistence,baseline,Ghana,2018,224.3,270.69,270.69,270.69,
two_lag,grouped,2,M0_persistence,baseline,Ghana,2020,162.8,224.3,224.3,224.3,
two_lag,grouped,2,M0_persistence,baseline,Senegal,2017,64.62,54.28,54.28,54.28,
two_lag,grouped,2,M0_persistence,baseline,Senegal,2018,55.8,64.62,64.62,64.62,
two_lag,grouped,2,M0_persistence,baseline,Senegal,2020,49.9,55.8,55.8,55.8,
two_lag,grouped,2,M1_history_rf,rf,Chad,2017,188.61,188.18,261.5199752313243,224.84998761566214,0.5
two_lag,grouped,2,M1_history_rf,rf,Chad,2018,164.8,188.61,242.7757875579977,215.69289377899884,0.5
two_lag,grouped,2,M1_history_rf,rf,Chad,2020,206.3,164.8,225.15807674414498,194.9790383720725,0.5
two_lag,grouped,2,M1_history_rf,rf,Congo,2017,197.63,201.08,216.74560976588216,208.9128048829411,0.5
two_lag,grouped,2,M1_history_rf,rf,Congo,2018,235.1,197.63,236.2233841705136,216.9266920852568,0.5
two_lag,grouped,2,M1_history_rf,rf,Congo,2020,213.2,235.1,262.2566446500279,248.67832232501394,0.5
two_lag,grouped,2,M1_history_rf,rf,Côte d'Ivoire,2017,138.86,140.1,185.63848411174953,162.86924205587476,0.5
two_lag,grouped,2,M1_history_rf,rf,Côte d'Ivoire,2018,330.6,138.86,183.1095175388779,160.98475876943894,0.5
two_lag,grouped,2,M1_history_rf,rf,Côte d'Ivoire,2020,287.0,330.6,266.17216130864307,298.3860806543215,0.5
two_lag,grouped,2,M1_history_rf,rf,Democratic Republic of the Congo,2017,307.62,310.59,307.85759230727723,309.2237961536386,0.5
two_lag,grouped,2,M1_history_rf,rf,Democratic Republic of the Congo,2018,319.8,307.62,296.7065347346827,302.16326736734135,0.5
two_lag,grouped,2,M1_history_rf,rf,Democratic Republic of the Congo,2020,324.2,319.8,296.84490659915167,308.32245329957584,0.5
two_lag,grouped,2,M1_history_rf,rf,Gambia,2017,56.67,124.59,174.84042123803962,149.7152106190198,0.5
two_lag,grouped,2,M1_history_rf,rf,Gambia,2018,66.0,56.67,100.98100767604605,78.82550383802302,0.5
two_lag,grouped,2,M1_history_rf,rf,Gambia,2020,87.3,66.0,75.32637982190026,70.66318991095014,0.5
two_lag,grouped,2,M1_history_rf,rf,Ghana,2017,270.69,271.32,267.8197468813662,269.56987344068307,0.5
two_lag,grouped,2,M1_history_rf,rf,Ghana,2018,224.3,270.69,267.8197468813662,269.2548734406831,0.5
two_lag,grouped,2,M1_history_rf,rf,Ghana,2020,162.8,224.3,241.2471397180296,232.7735698590148,0.5
two_lag,grouped,2,M1_history_rf,rf,Senegal,2017,64.62,54.28,75.83760329809074,65.05880164904536,0.5
two_lag,grouped,2,M1_history_rf,rf,Senegal,2018,55.8,64.62,75.32637982190026,69.97318991095014,0.5
two_lag,grouped,2,M1_history_rf,rf,Senegal,2020,49.9,55.8,75.32637982190026,65.56318991095013,0.5
two_lag,grouped,2,M1_history_gb,gb,Chad,2017,188.61,188.18,231.1423397397469,211.8092868568608,0.55
two_lag,grouped,2,M1_history_gb,gb,Chad,2018,164.8,188.61,221.87640364351662,206.90652200393416,0.55
two_lag,grouped,2,M1_history_gb,gb,Chad,2020,206.3,164.8,207.84890655800885,188.47689860690488,0.55
two_lag,grouped,2,M1_history_gb,gb,Congo,2017,197.63,201.08,213.56600720922717,207.94730396507495,0.55
two_lag,grouped,2,M1_history_gb,gb,Congo,2018,235.1,197.63,224.45001915149186,212.38101053332053,0.55
two_lag,grouped,2,M1_history_gb,gb,Congo,2020,213.2,235.1,262.46819395662527,250.1525066761439,0.55
two_lag,grouped,2,M1_history_gb,gb,Côte d'Ivoire,2017,138.86,140.1,187.66656528136505,166.26161090475077,0.55
two_lag,grouped,2,M1_history_gb,gb,Côte d'Ivoire,2018,330.6,138.86,187.66656528136505,165.70361090475078,0.55
two_lag,grouped,2,M1_history_gb,gb,Côte d'Ivoire,2020,287.0,330.6,310.04356615939633,319.293961387668,0.55
two_lag,grouped,2,M1_history_gb,gb,Democratic Republic of the Congo,2017,307.62,310.59,308.3258449936784,309.3447147465231,0.55
two_lag,grouped,2,M1_history_gb,gb,Democratic Republic of the Congo,2018,319.8,307.62,308.3258449936784,308.00821474652315,0.55
two_lag,grouped,2,M1_history_gb,gb,Democratic Republic of the Congo,2020,324.2,319.8,308.3258449936784,313.48921474652315,0.55
two_lag,grouped,2,M1_history_gb,gb,Gambia,2017,56.67,124.59,158.4248276351329,143.19915519932312,0.55
two_lag,grouped,2,M1_history_gb,gb,Gambia,2018,66.0,56.67,103.35295464736888,82.34562505605288,0.55
two_lag,grouped,2,M1_history_gb,gb,Gambia,2020,87.3,66.0,62.77922180685838,64.2285719937721,0.55
two_lag,grouped,2,M1_history_gb,gb,Ghana,2017,270.69,271.32,253.88933494292888,261.73313421861087,0.55
two_lag,grouped,2,M1_history_gb,gb,Ghana,2018,224.3,270.69,253.88933494292888,261.44963421861087,0.55
two_lag,grouped,2,M1_history_gb,gb,Ghana,2020,162.8,224.3,231.1101362711743,228.04557494914587,0.55
two_lag,grouped,2,M1_history_gb,gb,Senegal,2017,64.62,54.28,66.99016642603188,61.27059153431753,0.55
two_lag,grouped,2,M1_history_gb,gb,Senegal,2018,55.8,64.62,62.77922180685838,63.60757199377211,0.55
two_lag,grouped,2,M1_history_gb,gb,Senegal,2020,49.9,55.8,62.77922180685838,59.63857199377211,0.55
two_lag,grouped,2,M2_history_env_compact_rf,rf,Chad,2017,188.61,188.18,216.20755846834052,200.79240131075323,0.45
two_lag,grouped,2,M2_history_env_compact_rf,rf,Chad,2018,164.8,188.61,207.45373160759013,197.08967922341557,0.45
two_lag,grouped,2,M2_history_env_compact_rf,rf,Chad,2020,206.3,164.8,197.2031988572294,179.38143948575325,0.45
two_lag,grouped,2,M2_history_env_compact_rf,rf,Congo,2017,197.63,201.08,211.63045404232034,205.82770431904416,0.45
two_lag,grouped,2,M2_history_env_compact_rf,rf,Congo,2018,235.1,197.63,235.02625667549282,214.45831550397176,0.45
two_lag,grouped,2,M2_history_env_compact_rf,rf,Congo,2020,213.2,235.1,252.74922332375624,243.0421504956903,0.45
two_lag,grouped,2,M2_history_env_compact_rf,rf,Côte d'Ivoire,2017,138.86,140.1,203.60370938390187,168.67666922275583,0.45
two_lag,grouped,2,M2_history_env_compact_rf,rf,Côte d'Ivoire,2018,330.6,138.86,201.3286251816597,166.97088133174688,0.45
two_lag,grouped,2,M2_history_env_compact_rf,rf,Côte d'Ivoire,2020,287.0,330.6,283.6088626310126,309.4539881839557,0.45
two_lag,grouped,2,M2_history_env_compact_rf,rf,Democratic Republic of the Congo,2017,307.62,310.59,298.9349328776875,305.34521979495935,0.45
two_lag,grouped,2,M2_history_env_compact_rf,rf,Democratic Republic of the Congo,2018,319.8,307.62,295.02624525902826,301.95281036656274,0.45
two_lag,grouped,2,M2_history_env_compact_rf,rf,Democratic Republic of the Congo,2020,324.2,319.8,297.10603259164014,309.58771466623807,0.45
two_lag,grouped,2,M2_history_env_compact_rf,rf,Gambia,2017,56.67,124.59,162.87173490215318,141.81678070596894,0.45
two_lag,grouped,2,M2_history_env_compact_rf,rf,Gambia,2018,66.0,56.67,100.06017827322674,76.19558022295203,0.45
two_lag,grouped,2,M2_history_env_compact_rf,rf,Gambia,2020,87.3,66.0,81.01030915995105,72.75463912197797,0.45
two_lag,grouped,2,M2_history_env_compact_rf,rf,Ghana,2017,270.69,271.32,260.6095899383525,266.5003154722586,0.45
two_lag,grouped,2,M2_history_env_compact_rf,rf,Ghana,2018,224.3,270.69,262.4864229193811,266.9983903137215,0.45
two_lag,grouped,2,M2_history_env_compact_rf,rf,Ghana,2020,162.8,224.3,248.38327703023745,235.13747466360687,0.45
two_lag,grouped,2,M2_history_env_compact_rf,rf,Senegal,2017,64.62,54.28,77.4147007963147,64.69061535834162,0.45
two_lag,grouped,2,M2_history_env_compact_rf,rf,Senegal,2018,55.8,64.62,76.86781370251957,70.1315161661338,0.45
two_lag,grouped,2,M2_history_env_compact_rf,rf,Senegal,2020,49.9,55.8,77.38980528044169,65.51541237619875,0.45
two_lag,grouped,2,M2_history_env_compact_gb,gb,Chad,2017,188.61,188.18,192.13540963932505,189.95993433769627,0.45
two_lag,grouped,2,M2_history_env_compact_gb,gb,Chad,2018,164.8,188.61,191.01785683554417,189.69353557599487,0.45
two_lag,grouped,2,M2_history_env_compact_gb,gb,Chad,2020,206.3,164.8,175.97241288890493,169.82758580000723,0.45
two_lag,grouped,2,M2_history_env_compact_gb,gb,Congo,2017,197.63,201.08,205.09602460247768,202.88721107111496,0.45
two_lag,grouped,2,M2_history_env_compact_gb,gb,Congo,2018,235.1,197.63,224.54446755211583,209.74151039845214,0.45
two_lag,grouped,2,M2_history_env_compact_gb,gb,Congo,2020,213.2,235.1,252.00193285211634,242.70586978345236,0.45
two_lag,grouped,2,M2_history_env_compact_gb,gb,Côte d'Ivoire,2017,138.86,140.1,204.69017931625856,169.16558069231635,0.45
two_lag,grouped,2,M2_history_env_compact_gb,gb,Côte d'Ivoire,2018,330.6,138.86,203.287855588552,167.8525350148484,0.45
two_lag,grouped,2,M2_history_env_compact_gb,gb,Côte d'Ivoire,2020,287.0,330.6,307.4945970180486,320.2025686581219,0.45
two_lag,grouped,2,M2_history_env_compact_gb,gb,Democratic Republic of the Congo,2017,307.62,310.59,284.76865175284627,298.9703932887808,0.45
two_lag,grouped,2,M2_history_env_compact_gb,gb,Democratic Republic of the Congo,2018,319.8,307.62,284.76865175284627,297.3368932887808,0.45
two_lag,grouped,2,M2_history_env_compact_gb,gb,Democratic Republic of the Congo,2020,324.2,319.8,284.76865175284627,304.0358932887808,0.45
two_lag,grouped,2,M2_history_env_compact_gb,gb,Gambia,2017,56.67,124.59,156.89213421544693,139.12596039695111,0.45
two_lag,grouped,2,M2_history_env_compact_gb,gb,Gambia,2018,66.0,56.67,105.87713920638014,78.81321264287106,0.45
two_lag,grouped,2,M2_history_env_compact_gb,gb,Gambia,2020,87.3,66.0,77.8098227704736,71.31442024671313,0.45
two_lag,grouped,2,M2_history_env_compact_gb,gb,Ghana,2017,270.69,271.32,258.3372239571229,265.4777507807053,0.45
two_lag,grouped,2,M2_history_env_compact_gb,gb,Ghana,2018,224.3,270.69,252.24699182976033,262.39064632339216,0.45
two_lag,grouped,2,M2_history_env_compact_gb,gb,Ghana,2020,162.8,224.3,227.3491673286495,225.67212529789228,0.45
two_lag,grouped,2,M2_history_env_compact_gb,gb,Senegal,2017,64.62,54.28,68.18726467466523,60.538269103599355,0.45
two_lag,grouped,2,M2_history_env_compact_gb,gb,Senegal,2018,55.8,64.62,62.06601774956042,63.47070798730219,0.45
two_lag,grouped,2,M2_history_env_compact_gb,gb,Senegal,2020,49.9,55.8,68.64367419330227,61.579653386986024,0.45
two_lag,grouped,2,M3_history_vc_rf,rf,Chad,2017,188.61,188.18,236.85192116217104,212.51596058108552,0.5
two_lag,grouped,2,M3_history_vc_rf,rf,Chad,2018,164.8,188.61,228.31437503818387,208.46218751909194,0.5
two_lag,grouped,2,M3_history_vc_rf,rf,Chad,2020,206.3,164.8,211.23643272777213,188.01821636388607,0.5
two_lag,grouped,2,M3_history_vc_rf,rf,Congo,2017,197.63,201.08,218.81262281451862,209.94631140725932,0.5
two_lag,grouped,2,M3_history_vc_rf,rf,Congo,2018,235.1,197.63,247.74201021236897,222.6860051061845,0.5
two_lag,grouped,2,M3_history_vc_rf,rf,Congo,2020,213.2,235.1,259.3612061526128,247.2306030763064,0.5
two_lag,grouped,2,M3_history_vc_rf,rf,Côte d'Ivoire,2017,138.86,140.1,183.6219175908536,161.8609587954268,0.5
two_lag,grouped,2,M3_history_vc_rf,rf,Côte d'Ivoire,2018,330.6,138.86,182.14227213847266,160.50113606923634,0.5
two_lag,grouped,2,M3_history_vc_rf,rf,Côte d'Ivoire,2020,287.0,330.6,283.12579783684754,306.86289891842375,0.5
two_lag,grouped,2,M3_history_vc_rf,rf,Democratic Republic of the Congo,2017,307.62,310.59,303.48383607519054,307.0369180375952,0.5
two_lag,grouped,2,M3_history_vc_rf,rf,Democratic Republic of the Congo,2018,319.8,307.62,298.20503714734076,302.91251857367035,0.5
two_lag,grouped,2,M3_history_vc_rf,rf,Democratic Republic of the Congo,2020,324.2,319.8,296.4949743938752,308.1474871969376,0.5
two_lag,grouped,2,M3_history_vc_rf,rf,Gambia,2017,56.67,124.59,162.99512213186816,143.79256106593408,0.5
two_lag,grouped,2,M3_history_vc_rf,rf,Gambia,2018,66.0,56.67,100.88350674003775,78.77675337001887,0.5
two_lag,grouped,2,M3_history_vc_rf,rf,Gambia,2020,87.3,66.0,77.56112377849925,71.78056188924963,0.5
two_lag,grouped,2,M3_history_vc_rf,rf,Ghana,2017,270.69,271.32,263.65896835288686,267.4894841764434,0.5
two_lag,grouped,2,M3_history_vc_rf,rf,Ghana,2018,224.3,270.69,262.1766641133486,266.4333320566743,0.5
two_lag,grouped,2,M3_history_vc_rf,rf,Ghana,2020,162.8,224.3,232.9521204462758,228.62606022313793,0.5
two_lag,grouped,2,M3_history_vc_rf,rf,Senegal,2017,64.62,54.28,71.50306042135634,62.89153021067817,0.5
two_lag,grouped,2,M3_history_vc_rf,rf,Senegal,2018,55.8,64.62,70.96413400865791,67.79206700432896,0.5
two_lag,grouped,2,M3_history_vc_rf,rf,Senegal,2020,49.9,55.8,70.96413400865791,63.38206700432895,0.5
two_lag,grouped,2,M3_history_vc_gb,gb,Chad,2017,188.61,188.18,202.54418507553385,193.92567403021354,0.4
two_lag,grouped,2,M3_history_vc_gb,gb,Chad,2018,164.8,188.61,202.54418507553385,194.18367403021355,0.4
two_lag,grouped,2,M3_history_vc_gb,gb,Chad,2020,206.3,164.8,190.42560973188424,175.0502438927537,0.4
two_lag,grouped,2,M3_history_vc_gb,gb,Congo,2017,197.63,201.08,228.16139376086034,211.91255750434414,0.4
two_lag,grouped,2,M3_history_vc_gb,gb,Congo,2018,235.1,197.63,224.8382020581069,208.51328082324275,0.4
two_lag,grouped,2,M3_history_vc_gb,gb,Congo,2020,213.2,235.1,273.7269454384167,250.55077817536667,0.4
two_lag,grouped,2,M3_history_vc_gb,gb,Côte d'Ivoire,2017,138.86,140.1,199.32028891770506,163.78811556708203,0.4
two_lag,grouped,2,M3_history_vc_gb,gb,Côte d'Ivoire,2018,330.6,138.86,199.32028891770506,163.04411556708203,0.4
two_lag,grouped,2,M3_history_vc_gb,gb,Côte d'Ivoire,2020,287.0,330.6,315.7536103033606,324.66144412134423,0.4
two_lag,grouped,2,M3_history_vc_gb,gb,Democratic Republic of the Congo,2017,307.62,310.59,328.77786303900893,317.86514521560355,0.4
two_lag,grouped,2,M3_history_vc_gb,gb,Democratic Republic of the Congo,2018,319.8,307.62,340.2858680203123,320.6863472081249,0.4
two_lag,grouped,2,M3_history_vc_gb,gb,Democratic Republic of the Congo,2020,324.2,319.8,313.60957199559425,317.3238287982377,0.4
two_lag,grouped,2,M3_history_vc_gb,gb,Gambia,2017,56.67,124.59,167.50417473399136,141.75566989359655,0.4
two_lag,grouped,2,M3_history_vc_gb,gb,Gambia,2018,66.0,56.67,107.14939561293062,76.86175824517225,0.4
two_lag,grouped,2,M3_history_vc_gb,gb,Gambia,2020,87.3,66.0,79.04539512415137,71.21815804966054,0.4
two_lag,grouped,2,M3_history_vc_gb,gb,Ghana,2017,270.69,271.32,257.96055310219253,265.976221240877,0.4
two_lag,grouped,2,M3_history_vc_gb,gb,Ghana,2018,224.3,270.69,257.96055310219253,265.598221240877,0.4
two_lag,grouped,2,M3_history_vc_gb,gb,Ghana,2020,162.8,224.3,219.31219452859906,222.30487781143964,0.4
two_lag,grouped,2,M3_history_vc_gb,gb,Senegal,2017,64.62,54.28,72.39022033403415,61.52408813361366,0.4
two_lag,grouped,2,M3_history_vc_gb,gb,Senegal,2018,55.8,64.62,67.7365366687253,65.86661466749013,0.4
two_lag,grouped,2,M3_history_vc_gb,gb,Senegal,2020,49.9,55.8,67.7365366687253,60.57461466749012,0.4
two_lag,grouped,2,M4_history_env_compact_vc_rf,rf,Chad,2017,188.61,188.18,215.36270405241567,200.41221682358704,0.45
two_lag,grouped,2,M4_history_env_compact_vc_rf,rf,Chad,2018,164.8,188.61,208.6861041808427,197.64424688137922,0.45
two_lag,grouped,2,M4_history_env_compact_vc_rf,rf,Chad,2020,206.3,164.8,198.13754356792802,179.8018946055676,0.45
two_lag,grouped,2,M4_history_env_compact_vc_rf,rf,Congo,2017,197.63,201.08,209.77722568766612,204.99375155944975,0.45
two_lag,grouped,2,M4_history_env_compact_vc_rf,rf,Congo,2018,235.1,197.63,238.04437085097823,215.8164668829402,0.45
two_lag,grouped,2,M4_history_env_compact_vc_rf,rf,Congo,2020,213.2,235.1,251.23059080556268,242.35876586250322,0.45
two_lag,grouped,2,M4_history_env_compact_vc_rf,rf,Côte d'Ivoire,2017,138.86,140.1,203.7795361027413,168.75579124623357,0.45
two_lag,grouped,2,M4_history_env_compact_vc_rf,rf,Côte d'Ivoire,2018,330.6,138.86,202.9765879772002,167.7124645897401,0.45
two_lag,grouped,2,M4_history_env_compact_vc_rf,rf,Côte d'Ivoire,2020,287.0,330.6,279.1029050469189,307.4263072711135,0.45
two_lag,grouped,2,M4_history_env_compact_vc_rf,rf,Democratic Republic of the Congo,2017,307.62,310.59,300.2413235106134,305.933095579776,0.45
two_lag,grouped,2,M4_history_env_compact_vc_rf,rf,Democratic Republic of the Congo,2018,319.8,307.62,297.4313743241055,303.0351184458475,0.45
two_lag,grouped,2,M4_history_env_compact_vc_rf,rf,Democratic Republic of the Congo,2020,324.2,319.8,294.42973211622007,308.38337945229904,0.45
two_lag,grouped,2,M4_history_env_compact_vc_rf,rf,Gambia,2017,56.67,124.59,157.20664626359746,139.26749081861885,0.45
two_lag,grouped,2,M4_history_env_compact_vc_rf,rf,Gambia,2018,66.0,56.67,98.85533947619047,75.65340276428572,0.45
two_lag,grouped,2,M4_history_env_compact_vc_rf,rf,Gambia,2020,87.3,66.0,83.98901472582966,74.09505662662335,0.45
two_lag,grouped,2,M4_history_env_compact_vc_rf,rf,Ghana,2017,270.69,271.32,262.5168052757053,267.3585623740674,0.45
two_lag,grouped,2,M4_history_env_compact_vc_rf,rf,Ghana,2018,224.3,270.69,265.2293249642944,268.2326962339325,0.45
two_lag,grouped,2,M4_history_env_compact_vc_rf,rf,Ghana,2020,162.8,224.3,247.6904382340346,234.82569720531558,0.45
two_lag,grouped,2,M4_history_env_compact_vc_rf,rf,Senegal,2017,64.62,54.28,80.30654781313125,65.99194651590906,0.45
two_lag,grouped,2,M4_history_env_compact_vc_rf,rf,Senegal,2018,55.8,64.62,80.52305088455982,71.77637289805192,0.45
two_lag,grouped,2,M4_history_env_compact_vc_rf,rf,Senegal,2020,49.9,55.8,80.44457021789316,66.89005659805193,0.45
two_lag,grouped,2,M4_history_env_compact_vc_gb,gb,Chad,2017,188.61,188.18,188.64270934797494,188.34194827179124,0.35000000000000003
two_lag,grouped,2,M4_history_env_compact_vc_gb,gb,Chad,2018,164.8,188.61,188.3940829008774,188.5344290153071,0.35000000000000003
two_lag,grouped,2,M4_history_env_compact_vc_gb,gb,Chad,2020,206.3,164.8,173.44369364950026,167.8252927773251,0.35000000000000003
two_lag,grouped,2,M4_history_env_compact_vc_gb,gb,Congo,2017,197.63,201.08,213.42378058263103,205.40032320392086,0.35000000000000003
two_lag,grouped,2,M4_history_env_compact_vc_gb,gb,Congo,2018,235.1,197.63,220.36436359487507,205.58702725820626,0.35000000000000003
two_lag,grouped,2,M4_history_env_compact_vc_gb,gb,Congo,2020,213.2,235.1,252.4291200204183,241.1651920071464,0.35000000000000003
two_lag,grouped,2,M4_history_env_compact_vc_gb,gb,Côte d'Ivoire,2017,138.86,140.1,199.74678024139016,160.97637308448657,0.35000000000000003
two_lag,grouped,2,M4_history_env_compact_vc_gb,gb,Côte d'Ivoire,2018,330.6,138.86,201.5438066043902,160.79933231153657,0.35000000000000003
two_lag,grouped,2,M4_history_env_compact_vc_gb,gb,Côte d'Ivoire,2020,287.0,330.6,312.4908221662793,324.2617877581978,0.35000000000000003
two_lag,grouped,2,M4_history_env_compact_vc_gb,gb,Democratic Republic of the Congo,2017,307.62,310.59,297.0199822073634,305.8404937725772,0.35000000000000003
two_lag,grouped,2,M4_history_env_compact_vc_gb,gb,Democratic Republic of the Congo,2018,319.8,307.62,297.0199822073634,303.9099937725772,0.35000000000000003
two_lag,grouped,2,M4_history_env_compact_vc_gb,gb,Democratic Republic of the Congo,2020,324.2,319.8,285.6861036523972,307.86013627833904,0.35000000000000003
two_lag,grouped,2,M4_history_env_compact_vc_gb,gb,Gambia,2017,56.67,124.59,150.07724961924214,133.51053736673475,0.35000000000000003
two_lag,grouped,2,M4_history_env_compact_vc_gb,gb,Gambia,2018,66.0,56.67,107.71244339277402,74.53485518747091,0.35000000000000003
two_lag,grouped,2,M4_history_env_compact_vc_gb,gb,Gambia,2020,87.3,66.0,83.55683754913805,72.14489314219831,0.35000000000000003
two_lag,grouped,2,M4_history_env_compact_vc_gb,gb,Ghana,2017,270.69,271.32,260.3814570329675,267.4915099615386,0.35000000000000003
two_lag,grouped,2,M4_history_env_compact_vc_gb,gb,Ghana,2018,224.3,270.69,254.58314119861342,265.0525994195147,0.35000000000000003
two_lag,grouped,2,M4_history_env_compact_vc_gb,gb,Ghana,2020,162.8,224.3,225.76708423298797,224.81347948154578,0.35000000000000003
two_lag,grouped,2,M4_history_env_compact_vc_gb,gb,Senegal,2017,64.62,54.28,69.06072944437996,59.453255305532984,0.35000000000000003
two_lag,grouped,2,M4_history_env_compact_vc_gb,gb,Senegal,2018,55.8,64.62,61.73307939318704,63.609577787615464,0.35000000000000003
two_lag,grouped,2,M4_history_env_compact_vc_gb,gb,Senegal,2020,49.9,55.8,69.07931033358382,60.447758616754335,0.35000000000000003
two_lag,grouped,2,M5_history_env_full_rf,rf,Chad,2017,188.61,188.18,209.93528539559136,196.88211415823656,0.4
two_lag,grouped,2,M5_history_env_full_rf,rf,Chad,2018,164.8,188.61,204.13769940709295,194.8210797628372,0.4
two_lag,grouped,2,M5_history_env_full_rf,rf,Chad,2020,206.3,164.8,195.95234852758364,177.26093941103346,0.4
two_lag,grouped,2,M5_history_env_full_rf,rf,Congo,2017,197.63,201.08,216.511448889067,207.2525795556268,0.4
two_lag,grouped,2,M5_history_env_full_rf,rf,Congo,2018,235.1,197.63,233.67540472595232,212.04816189038092,0.4
two_lag,grouped,2,M5_history_env_full_rf,rf,Congo,2020,213.2,235.1,248.54363468466653,240.4774538738666,0.4
two_lag,grouped,2,M5_history_env_full_rf,rf,Côte d'Ivoire,2017,138.86,140.1,202.6591466920304,165.12365867681217,0.4
two_lag,grouped,2,M5_history_env_full_rf,rf,Côte d'Ivoire,2018,330.6,138.86,205.05228849325684,165.33691539730273,0.4
two_lag,grouped,2,M5_history_env_full_rf,rf,Côte d'Ivoire,2020,287.0,330.6,286.87893446291616,313.11157378516646,0.4
two_lag,grouped,2,M5_history_env_full_rf,rf,Democratic Republic of the Congo,2017,307.62,310.59,298.86061470045945,305.89824588018377,0.4
two_lag,grouped,2,M5_history_env_full_rf,rf,Democratic Republic of the Congo,2018,319.8,307.62,298.3698107657014,303.91992430628056,0.4
two_lag,grouped,2,M5_history_env_full_rf,rf,Democratic Republic of the Congo,2020,324.2,319.8,299.92896154059,311.85158461623604,0.4
two_lag,grouped,2,M5_history_env_full_rf,rf,Gambia,2017,56.67,124.59,155.73565977472512,137.04826390989004,0.4
two_lag,grouped,2,M5_history_env_full_rf,rf,Gambia,2018,66.0,56.67,100.85614026406925,74.3444561056277,0.4
two_lag,grouped,2,M5_history_env_full_rf,rf,Gambia,2020,87.3,66.0,87.82030207359303,74.72812082943722,0.4
two_lag,grouped,2,M5_history_env_full_rf,rf,Ghana,2017,270.69,271.32,262.8791172778641,267.94364691114566,0.4
two_lag,grouped,2,M5_history_env_full_rf,rf,Ghana,2018,224.3,270.69,264.59647516627155,268.2525900665086,0.4
two_lag,grouped,2,M5_history_env_full_rf,rf,Ghana,2020,162.8,224.3,249.42263782135996,234.349055128544,0.4
two_lag,grouped,2,M5_history_env_full_rf,rf,Senegal,2017,64.62,54.28,80.0668070916305,64.5947228366522,0.4
two_lag,grouped,2,M5_history_env_full_rf,rf,Senegal,2018,55.8,64.62,79.83417667893211,70.70567067157285,0.4
two_lag,grouped,2,M5_history_env_full_rf,rf,Senegal,2020,49.9,55.8,81.1671008556998,65.94684034227993,0.4
two_lag,grouped,2,M5_history_env_full_gb,gb,Chad,2017,188.61,188.18,183.46109613593563,186.52838364757747,0.35000000000000003
two_lag,grouped,2,M5_history_env_full_gb,gb,Chad,2018,164.8,188.61,183.46109613593563,186.80788364757748,0.35000000000000003
two_lag,grouped,2,M5_history_env_full_gb,gb,Chad,2020,206.3,164.8,182.43911399909214,170.97368989968226,0.35000000000000003
two_lag,grouped,2,M5_history_env_full_gb,gb,Congo,2017,197.63,201.08,211.0524370050795,204.57035295177783,0.35000000000000003
two_lag,grouped,2,M5_history_env_full_gb,gb,Congo,2018,235.1,197.63,223.482592822645,206.67840748792574,0.35000000000000003
two_lag,grouped,2,M5_history_env_full_gb,gb,Congo,2020,213.2,235.1,249.804995810507,240.24674853367745,0.35000000000000003
two_lag,grouped,2,M5_history_env_full_gb,gb,Côte d'Ivoire,2017,138.86,140.1,200.01874520209338,161.07156082073269,0.35000000000000003
two_lag,grouped,2,M5_history_env_full_gb,gb,Côte d'Ivoire,2018,330.6,138.86,199.75041404306106,160.17164491507137,0.35000000000000003
two_lag,grouped,2,M5_history_env_full_gb,gb,Côte d'Ivoire,2020,287.0,330.6,301.6934507567196,320.48270776485185,0.35000000000000003
two_lag,grouped,2,M5_history_env_full_gb,gb,Democratic Republic of the Congo,2017,307.62,310.59,279.76022606567653,299.79957912298676,0.35000000000000003
two_lag,grouped,2,M5_history_env_full_gb,gb,Democratic Republic of the Congo,2018,319.8,307.62,279.76022606567653,297.86907912298676,0.35000000000000003
two_lag,grouped,2,M5_history_env_full_gb,gb,Democratic Republic of the Congo,2020,324.2,319.8,279.76022606567653,305.7860791229868,0.35000000000000003
two_lag,grouped,2,M5_history_env_full_gb,gb,Gambia,2017,56.67,124.59,162.66352040997398,137.91573214349089,0.35000000000000003
two_lag,grouped,2,M5_history_env_full_gb,gb,Gambia,2018,66.0,56.67,108.7393616119101,74.89427656416854,0.35000000000000003
two_lag,grouped,2,M5_history_env_full_gb,gb,Gambia,2020,87.3,66.0,86.90141944026338,73.31549680409219,0.35000000000000003
two_lag,grouped,2,M5_history_env_full_gb,gb,Ghana,2017,270.69,271.32,260.3917691205821,267.49511919220373,0.35000000000000003
two_lag,grouped,2,M5_history_env_full_gb,gb,Ghana,2018,224.3,270.69,249.83082942178663,263.38929029762534,0.35000000000000003
two_lag,grouped,2,M5_history_env_full_gb,gb,Ghana,2020,162.8,224.3,230.32278742197798,226.4079755976923,0.35000000000000003
two_lag,grouped,2,M5_history_env_full_gb,gb,Senegal,2017,64.62,54.28,63.4213249300061,57.479463725502136,0.35000000000000003
two_lag,grouped,2,M5_history_env_full_gb,gb,Senegal,2018,55.8,64.62,72.1121488233003,67.24225208815511,0.35000000000000003
two_lag,grouped,2,M5_history_env_full_gb,gb,Senegal,2020,49.9,55.8,79.79039107737843,64.19663687708245,0.35000000000000003
two_lag,grouped,2,M6_history_env_full_vc_rf,rf,Chad,2017,188.61,188.18,215.24639689881033,199.00655875952413,0.4
two_lag,grouped,2,M6_history_env_full_vc_rf,rf,Chad,2018,164.8,188.61,205.6286691217115,195.4174676486846,0.4
two_lag,grouped,2,M6_history_env_full_vc_rf,rf,Chad,2020,206.3,164.8,193.0406330956265,176.0962532382506,0.4
two_lag,grouped,2,M6_history_env_full_vc_rf,rf,Congo,2017,197.63,201.08,213.55665117171736,206.07066046868695,0.4
two_lag,grouped,2,M6_history_env_full_vc_rf,rf,Congo,2018,235.1,197.63,233.78700115012774,212.09280046005108,0.4
two_lag,grouped,2,M6_history_env_full_vc_rf,rf,Congo,2020,213.2,235.1,248.36614694899544,240.40645877959818,0.4
two_lag,grouped,2,M6_history_env_full_vc_rf,rf,Côte d'Ivoire,2017,138.86,140.1,201.87721015592902,164.8108840623716,0.4
two_lag,grouped,2,M6_history_env_full_vc_rf,rf,Côte d'Ivoire,2018,330.6,138.86,202.21177750513542,164.20071100205416,0.4
two_lag,grouped,2,M6_history_env_full_vc_rf,rf,Côte d'Ivoire,2020,287.0,330.6,287.4900331671956,313.3560132668782,0.4
two_lag,grouped,2,M6_history_env_full_vc_rf,rf,Democratic Republic of the Congo,2017,307.62,310.59,301.5384887199499,306.96939548797997,0.4
two_lag,grouped,2,M6_history_env_full_vc_rf,rf,Democratic Republic of the Congo,2018,319.8,307.62,299.81938912843026,304.4997556513721,0.4
two_lag,grouped,2,M6_history_env_full_vc_rf,rf,Democratic Republic of the Congo,2020,324.2,319.8,298.58910032971744,311.315640131887,0.4
two_lag,grouped,2,M6_history_env_full_vc_rf,rf,Gambia,2017,56.67,124.59,154.36040227133964,136.49816090853585,0.4
two_lag,grouped,2,M6_history_env_full_vc_rf,rf,Gambia,2018,66.0,56.67,100.71891665079363,74.28956666031746,0.4
two_lag,grouped,2,M6_history_env_full_vc_rf,rf,Gambia,2020,87.3,66.0,86.277089564935,74.110835825974,0.4
two_lag,grouped,2,M6_history_env_full_vc_rf,rf,Ghana,2017,270.69,271.32,264.0989799352098,268.4315919740839,0.4
two_lag,grouped,2,M6_history_env_full_vc_rf,rf,Ghana,2018,224.3,270.69,262.2931080453497,267.3312432181399,0.4
two_lag,grouped,2,M6_history_env_full_vc_rf,rf,Ghana,2020,162.8,224.3,247.28436638195592,233.49374655278237,0.4
two_lag,grouped,2,M6_history_env_full_vc_rf,rf,Senegal,2017,64.62,54.28,78.74904960966799,64.06761984386719,0.4
two_lag,grouped,2,M6_history_env_full_vc_rf,rf,Senegal,2018,55.8,64.62,78.4717350079364,70.16069400317457,0.4
two_lag,grouped,2,M6_history_env_full_vc_rf,rf,Senegal,2020,49.9,55.8,78.8009005144299,65.00036020577195,0.4
two_lag,grouped,2,M6_history_env_full_vc_gb,gb,Chad,2017,188.61,188.18,182.80690228249077,186.29941579887176,0.35000000000000003
two_lag,grouped,2,M6_history_env_full_vc_gb,gb,Chad,2018,164.8,188.61,182.80690228249077,186.57891579887178,0.35000000000000003
two_lag,grouped,2,M6_history_env_full_vc_gb,gb,Chad,2020,206.3,164.8,179.5632614499309,169.96714150747582,0.35000000000000003
two_lag,grouped,2,M6_history_env_full_vc_gb,gb,Congo,2017,197.63,201.08,217.28226398199556,206.75079239369845,0.35000000000000003
two_lag,grouped,2,M6_history_env_full_vc_gb,gb,Congo,2018,235.1,197.63,220.65606973399136,205.68912440689698,0.35000000000000003
two_lag,grouped,2,M6_history_env_full_vc_gb,gb,Congo,2020,213.2,235.1,252.60252642773142,241.22588424970598,0.35000000000000003
two_lag,grouped,2,M6_history_env_full_vc_gb,gb,Côte d'Ivoire,2017,138.86,140.1,198.39730607900222,160.50405712765078,0.35000000000000003
two_lag,grouped,2,M6_history_env_full_vc_gb,gb,Côte d'Ivoire,2018,330.6,138.86,201.0302686660281,160.61959403310985,0.35000000000000003
two_lag,grouped,2,M6_history_env_full_vc_gb,gb,Côte d'Ivoire,2020,287.0,330.6,305.089556415398,321.6713447453893,0.35000000000000003
two_lag,grouped,2,M6_history_env_full_vc_gb,gb,Democratic Republic of the Congo,2017,307.62,310.59,291.9711644787883,304.0734075675759,0.35000000000000003
two_lag,grouped,2,M6_history_env_full_vc_gb,gb,Democratic Republic of the Congo,2018,319.8,307.62,291.9711644787883,302.1429075675759,0.35000000000000003
two_lag,grouped,2,M6_history_env_full_vc_gb,gb,Democratic Republic of the Congo,2020,324.2,319.8,284.49482993622814,307.4431904776799,0.35000000000000003
two_lag,grouped,2,M6_history_env_full_vc_gb,gb,Gambia,2017,56.67,124.59,166.60194924185342,139.2941822346487,0.35000000000000003
two_lag,grouped,2,M6_history_env_full_vc_gb,gb,Gambia,2018,66.0,56.67,108.77846462774995,74.90796261971249,0.35000000000000003
two_lag,grouped,2,M6_history_env_full_vc_gb,gb,Gambia,2020,87.3,66.0,85.479313828478,72.8177598399673,0.35000000000000003
two_lag,grouped,2,M6_history_env_full_vc_gb,gb,Ghana,2017,270.69,271.32,261.0966907591677,267.74184176570867,0.35000000000000003
two_lag,grouped,2,M6_history_env_full_vc_gb,gb,Ghana,2018,224.3,270.69,256.3031304802429,265.654595668085,0.35000000000000003
two_lag,grouped,2,M6_history_env_full_vc_gb,gb,Ghana,2020,162.8,224.3,228.983095955601,225.93908358446035,0.35000000000000003
two_lag,grouped,2,M6_history_env_full_vc_gb,gb,Senegal,2017,64.62,54.28,64.22669551678234,57.76134343087382,0.35000000000000003
two_lag,grouped,2,M6_history_env_full_vc_gb,gb,Senegal,2018,55.8,64.62,70.06898683187642,66.52714539115675,0.35000000000000003
two_lag,grouped,2,M6_history_env_full_vc_gb,gb,Senegal,2020,49.9,55.8,78.57112102812039,63.76989235984213,0.35000000000000003
two_lag,grouped,3,M0_persistence,baseline,Burkina Faso,2017,411.99,411.62,411.62,411.62,
two_lag,grouped,3,M0_persistence,baseline,Burkina Faso,2018,398.7,411.99,411.99,411.99,
two_lag,grouped,3,M0_persistence,baseline,Burkina Faso,2020,389.9,398.7,398.7,398.7,
two_lag,grouped,3,M0_persistence,baseline,Gabon,2017,168.87,169.11,169.11,169.11,
two_lag,grouped,3,M0_persistence,baseline,Gabon,2018,248.2,168.87,168.87,168.87,
two_lag,grouped,3,M0_persistence,baseline,Gabon,2020,215.5,248.2,248.2,248.2,
two_lag,grouped,3,M0_persistence,baseline,Gambia,2017,56.67,124.59,124.59,124.59,
two_lag,grouped,3,M0_persistence,baseline,Gambia,2018,66.0,56.67,56.67,56.67,
two_lag,grouped,3,M0_persistence,baseline,Gambia,2020,87.3,66.0,66.0,66.0,
two_lag,grouped,3,M0_persistence,baseline,Liberia,2017,192.59,194.75,194.75,194.75,
two_lag,grouped,3,M0_persistence,baseline,Liberia,2018,361.5,192.59,192.59,192.59,
two_lag,grouped,3,M0_persistence,baseline,Liberia,2020,358.0,361.5,361.5,361.5,
two_lag,grouped,3,M0_persistence,baseline,Niger,2017,358.65,360.75,360.75,360.75,
two_lag,grouped,3,M0_persistence,baseline,Niger,2018,356.6,358.65,358.65,358.65,
two_lag,grouped,3,M0_persistence,baseline,Niger,2020,324.1,356.6,356.6,356.6,
two_lag,grouped,3,M0_persistence,baseline,Sierra Leone,2017,379.71,378.04,378.04,378.04,
two_lag,grouped,3,M0_persistence,baseline,Sierra Leone,2018,320.4,379.71,379.71,379.71,
two_lag,grouped,3,M0_persistence,baseline,Sierra Leone,2020,328.2,320.4,320.4,320.4,
two_lag,grouped,3,M0_persistence,baseline,United Republic of Tanzania,2017,113.86,113.68,113.68,113.68,
two_lag,grouped,3,M0_persistence,baseline,United Republic of Tanzania,2018,124.3,113.86,113.86,113.86,
two_lag,grouped,3,M0_persistence,baseline,United Republic of Tanzania,2020,120.2,124.3,124.3,124.3,
two_lag,grouped,3,M1_history_rf,rf,Burkina Faso,2017,411.99,411.62,370.51766328632465,395.17906531452985,0.4
two_lag,grouped,3,M1_history_rf,rf,Burkina Faso,2018,398.7,411.99,370.51766328632465,395.4010653145299,0.4
two_lag,grouped,3,M1_history_rf,rf,Burkina Faso,2020,389.9,398.7,370.51766328632465,387.42706531452984,0.4
two_lag,grouped,3,M1_history_rf,rf,Gabon,2017,168.87,169.11,196.735669490645,180.160267796258,0.4
two_lag,grouped,3,M1_history_rf,rf,Gabon,2018,248.2,168.87,199.57287617874118,181.15115047149646,0.4
two_lag,grouped,3,M1_history_rf,rf,Gabon,2020,215.5,248.2,257.1448310574661,251.77793242298642,0.4
two_lag,grouped,3,M1_history_rf,rf,Gambia,2017,56.67,124.59,195.08302593144373,152.7872103725775,0.4
two_lag,grouped,3,M1_history_rf,rf,Gambia,2018,66.0,56.67,114.886793504551,79.9567174018204,0.4
two_lag,grouped,3,M1_history_rf,rf,Gambia,2020,87.3,66.0,65.71159534804089,65.88463813921635,0.4
two_lag,grouped,3,M1_history_rf,rf,Liberia,2017,192.59,194.75,224.99552924130737,206.84821169652295,0.4
two_lag,grouped,3,M1_history_rf,rf,Liberia,2018,361.5,192.59,222.99392654226364,204.75157061690547,0.4
two_lag,grouped,3,M1_history_rf,rf,Liberia,2020,358.0,361.5,292.79231491394285,334.0169259655771,0.4
two_lag,grouped,3,M1_history_rf,rf,Niger,2017,358.65,360.75,348.21721496835977,355.7368859873439,0.4
two_lag,grouped,3,M1_history_rf,rf,Niger,2018,356.6,358.65,346.263077959702,353.69523118388076,0.4
two_lag,grouped,3,M1_history_rf,rf,Niger,2020,324.1,356.6,342.5503795231939,350.9801518092776,0.4
two_lag,grouped,3,M1_history_rf,rf,Sierra Leone,2017,379.71,378.04,362.7522354621166,371.92489418484666,0.4
two_lag,grouped,3,M1_history_rf,rf,Sierra Leone,2018,320.4,379.71,370.24624424710913,375.92449769884365,0.4
two_lag,grouped,3,M1_history_rf,rf,Sierra Leone,2020,328.2,320.4,321.85350115522857,320.9814004620914,0.4
two_lag,grouped,3,M1_history_rf,rf,United Republic of Tanzania,2017,113.86,113.68,97.42086847619044,107.17634739047618,0.4
two_lag,grouped,3,M1_history_rf,rf,United Republic of Tanzania,2018,124.3,113.86,100.62343085714282,108.56537234285713,0.4
two_lag,grouped,3,M1_history_rf,rf,United Republic of Tanzania,2020,120.2,124.3,143.97869217328912,132.17147686931565,0.4
two_lag,grouped,3,M1_history_gb,gb,Burkina Faso,2017,411.99,411.62,392.57722853162204,401.14647569239213,0.55
two_lag,grouped,3,M1_history_gb,gb,Burkina Faso,2018,398.7,411.99,392.57722853162204,401.3129756923921,0.55
two_lag,grouped,3,M1_history_gb,gb,Burkina Faso,2020,389.9,398.7,392.57722853162204,395.3324756923921,0.55
two_lag,grouped,3,M1_history_gb,gb,Gabon,2017,168.87,169.11,193.87681954954815,182.7317507522515,0.55
two_lag,grouped,3,M1_history_gb,gb,Gabon,2018,248.2,168.87,193.87681954954815,182.62375075225148,0.55
two_lag,grouped,3,M1_history_gb,gb,Gabon,2020,215.5,248.2,259.9987406872017,254.68930737796092,0.55
two_lag,grouped,3,M1_history_gb,gb,Gambia,2017,56.67,124.59,188.9460331426267,159.98581822844469,0.55
two_lag,grouped,3,M1_history_gb,gb,Gambia,2018,66.0,56.67,103.32931915995297,82.33262553797414,0.55
two_lag,grouped,3,M1_history_gb,gb,Gambia,2020,87.3,66.0,61.10304761305609,63.30667618718085,0.55
two_lag,grouped,3,M1_history_gb,gb,Liberia,2017,192.59,194.75,215.0999629037666,205.94247959707164,0.55
two_lag,grouped,3,M1_history_gb,gb,Liberia,2018,361.5,192.59,215.0999629037666,204.97047959707163,0.55
two_lag,grouped,3,M1_history_gb,gb,Liberia,2020,358.0,361.5,346.3774363998462,353.18259001991544,0.55
two_lag,grouped,3,M1_history_gb,gb,Niger,2017,358.65,360.75,344.7515127917428,351.9508320354586,0.55
two_lag,grouped,3,M1_history_gb,gb,Niger,2018,356.6,358.65,344.48133011268516,350.85723156197685,0.55
two_lag,grouped,3,M1_history_gb,gb,Niger,2020,324.1,356.6,344.48133011268516,349.93473156197683,0.55
two_lag,grouped,3,M1_history_gb,gb,Sierra Leone,2017,379.71,378.04,367.3496487736267,372.1603068254947,0.55
two_lag,grouped,3,M1_history_gb,gb,Sierra Leone,2018,320.4,379.71,367.3496487736267,372.9118068254947,0.55
two_lag,grouped,3,M1_history_gb,gb,Sierra Leone,2020,328.2,320.4,300.0972900888242,309.2335095488533,0.55
two_lag,grouped,3,M1_history_gb,gb,United Republic of Tanzania,2017,113.86,113.68,115.14620196275708,114.4864110795164,0.55
two_lag,grouped,3,M1_history_gb,gb,United Republic of Tanzania,2018,124.3,113.86,115.14620196275708,114.56741107951639,0.55
two_lag,grouped,3,M1_history_gb,gb,United Republic of Tanzania,2020,120.2,124.3,147.45578592028758,137.03568225615817,0.55
two_lag,grouped,3,M2_history_env_compact_rf,rf,Burkina Faso,2017,411.99,411.62,380.0868720626599,399.00674882506394,0.4
two_lag,grouped,3,M2_history_env_compact_rf,rf,Burkina Faso,2018,398.7,411.99,379.82218303885026,399.1228732155401,0.4
two_lag,grouped,3,M2_history_env_compact_rf,rf,Burkina Faso,2020,389.9,398.7,380.8550244753582,391.5620097901433,0.4
two_lag,grouped,3,M2_history_env_compact_rf,rf,Gabon,2017,168.87,169.11,219.83030584201734,189.39812233680695,0.4
two_lag,grouped,3,M2_history_env_compact_rf,rf,Gabon,2018,248.2,168.87,232.80523277547286,194.44409311018916,0.4
two_lag,grouped,3,M2_history_env_compact_rf,rf,Gabon,2020,215.5,248.2,259.0595332045716,252.54381328182865,0.4
two_lag,grouped,3,M2_history_env_compact_rf,rf,Gambia,2017,56.67,124.59,188.49930123329435,150.15372049331773,0.4
two_lag,grouped,3,M2_history_env_compact_rf,rf,Gambia,2018,66.0,56.67,102.58939855894108,75.03775942357643,0.4
two_lag,grouped,3,M2_history_env_compact_rf,rf,Gambia,2020,87.3,66.0,73.59850147619048,69.03940059047619,0.4
two_lag,grouped,3,M2_history_env_compact_rf,rf,Liberia,2017,192.59,194.75,245.4683187110928,215.03732748443713,0.4
two_lag,grouped,3,M2_history_env_compact_rf,rf,Liberia,2018,361.5,192.59,246.41250839363246,214.11900335745298,0.4
two_lag,grouped,3,M2_history_env_compact_rf,rf,Liberia,2020,358.0,361.5,318.5915093246752,344.3366037298701,0.4
two_lag,grouped,3,M2_history_env_compact_rf,rf,Niger,2017,358.65,360.75,365.59276250860626,362.6871050034425,0.4
two_lag,grouped,3,M2_history_env_compact_rf,rf,Niger,2018,356.6,358.65,359.3535052199504,358.93140208798013,0.4
two_lag,grouped,3,M2_history_env_compact_rf,rf,Niger,2020,324.1,356.6,354.74954083611215,355.8598163344449,0.4
two_lag,grouped,3,M2_history_env_compact_rf,rf,Sierra Leone,2017,379.71,378.04,359.5477312311959,370.6430924924784,0.4
two_lag,grouped,3,M2_history_env_compact_rf,rf,Sierra Leone,2018,320.4,379.71,363.9337908243805,373.3995163297522,0.4
two_lag,grouped,3,M2_history_env_compact_rf,rf,Sierra Leone,2020,328.2,320.4,302.20713957104863,313.12285582841946,0.4
two_lag,grouped,3,M2_history_env_compact_rf,rf,United Republic of Tanzania,2017,113.86,113.68,99.91205555683203,108.17282222273282,0.4
two_lag,grouped,3,M2_history_env_compact_rf,rf,United Republic of Tanzania,2018,124.3,113.86,105.40197659218556,110.47679063687423,0.4
two_lag,grouped,3,M2_history_env_compact_rf,rf,United Republic of Tanzania,2020,120.2,124.3,141.0683500853868,131.0073400341547,0.4
two_lag,grouped,3,M2_history_env_compact_gb,gb,Burkina Faso,2017,411.99,411.62,386.8610590046317,401.7164236018527,0.4
two_lag,grouped,3,M2_history_env_compact_gb,gb,Burkina Faso,2018,398.7,411.99,386.8610590046317,401.9384236018527,0.4
two_lag,grouped,3,M2_history_env_compact_gb,gb,Burkina Faso,2020,389.9,398.7,386.8610590046317,393.9644236018527,0.4
two_lag,grouped,3,M2_history_env_compact_gb,gb,Gabon,2017,168.87,169.11,201.3263257680451,181.99653030721805,0.4
two_lag,grouped,3,M2_history_env_compact_gb,gb,Gabon,2018,248.2,168.87,201.6575346722441,181.98501386889765,0.4
two_lag,grouped,3,M2_history_env_compact_gb,gb,Gabon,2020,215.5,248.2,246.36375661895164,247.46550264758065,0.4
two_lag,grouped,3,M2_history_env_compact_gb,gb,Gambia,2017,56.67,124.59,186.72487931794643,149.4439517271786,0.4
two_lag,grouped,3,M2_history_env_compact_gb,gb,Gambia,2018,66.0,56.67,102.69908320791916,75.08163328316766,0.4
two_lag,grouped,3,M2_history_env_compact_gb,gb,Gambia,2020,87.3,66.0,75.41891245968961,69.76756498387584,0.4
two_lag,grouped,3,M2_history_env_compact_gb,gb,Liberia,2017,192.59,194.75,216.1089601758182,203.29358407032728,0.4
two_lag,grouped,3,M2_history_env_compact_gb,gb,Liberia,2018,361.5,192.59,216.1089601758182,201.9975840703273,0.4
two_lag,grouped,3,M2_history_env_compact_gb,gb,Liberia,2020,358.0,361.5,325.5699956735835,347.1279982694334,0.4
two_lag,grouped,3,M2_history_env_compact_gb,gb,Niger,2017,358.65,360.75,352.3333526429011,357.38334105716046,0.4
two_lag,grouped,3,M2_history_env_compact_gb,gb,Niger,2018,356.6,358.65,352.3333526429011,356.1233410571604,0.4
two_lag,grouped,3,M2_history_env_compact_gb,gb,Niger,2020,324.1,356.6,352.3333526429011,354.89334105716046,0.4
two_lag,grouped,3,M2_history_env_compact_gb,gb,Sierra Leone,2017,379.71,378.04,343.7750452732065,364.3340181092826,0.4
two_lag,grouped,3,M2_history_env_compact_gb,gb,Sierra Leone,2018,320.4,379.71,343.7750452732065,365.3360181092826,0.4
two_lag,grouped,3,M2_history_env_compact_gb,gb,Sierra Leone,2020,328.2,320.4,302.2815455566202,313.1526182226481,0.4
two_lag,grouped,3,M2_history_env_compact_gb,gb,United Republic of Tanzania,2017,113.86,113.68,104.25001973368965,109.90800789347587,0.4
two_lag,grouped,3,M2_history_env_compact_gb,gb,United Republic of Tanzania,2018,124.3,113.86,103.7033586449412,109.79734345797648,0.4
two_lag,grouped,3,M2_history_env_compact_gb,gb,United Republic of Tanzania,2020,120.2,124.3,149.01514854221548,134.1860594168862,0.4
two_lag,grouped,3,M3_history_vc_rf,rf,Burkina Faso,2017,411.99,411.62,385.7469741631145,399.97713837340154,0.45
two_lag,grouped,3,M3_history_vc_rf,rf,Burkina Faso,2018,398.7,411.99,385.7469741631145,400.1806383734015,0.45
two_lag,grouped,3,M3_history_vc_rf,rf,Burkina Faso,2020,389.9,398.7,385.7469741631145,392.8711383734015,0.45
two_lag,grouped,3,M3_history_vc_rf,rf,Gabon,2017,168.87,169.11,218.52952258288695,191.34878516229912,0.45
two_lag,grouped,3,M3_history_vc_rf,rf,Gabon,2018,248.2,168.87,216.8040419143693,190.44031886146618,0.45
two_lag,grouped,3,M3_history_vc_rf,rf,Gabon,2020,215.5,248.2,257.00111174725845,252.16050028626628,0.45
two_lag,grouped,3,M3_history_vc_rf,rf,Gambia,2017,56.67,124.59,178.904561354001,149.03155260930046,0.45
two_lag,grouped,3,M3_history_vc_rf,rf,Gambia,2018,66.0,56.67,105.98204169208567,78.86041876143855,0.45
two_lag,grouped,3,M3_history_vc_rf,rf,Gambia,2020,87.3,66.0,74.25652883982681,69.71543797792206,0.45
two_lag,grouped,3,M3_history_vc_rf,rf,Liberia,2017,192.59,194.75,221.78092686809546,206.91391709064297,0.45
two_lag,grouped,3,M3_history_vc_rf,rf,Liberia,2018,361.5,192.59,225.46821213799203,207.38519546209642,0.45
two_lag,grouped,3,M3_history_vc_rf,rf,Liberia,2020,358.0,361.5,315.44769895726483,340.7764645307692,0.45
two_lag,grouped,3,M3_history_vc_rf,rf,Niger,2017,358.65,360.75,353.2393894108288,357.370225234873,0.45
two_lag,grouped,3,M3_history_vc_rf,rf,Niger,2018,356.6,358.65,348.3300426067995,354.00601917305977,0.45
two_lag,grouped,3,M3_history_vc_rf,rf,Niger,2020,324.1,356.6,343.7731109277565,350.8278999174904,0.45
two_lag,grouped,3,M3_history_vc_rf,rf,Sierra Leone,2017,379.71,378.04,383.84020922338783,380.6500941505245,0.45
two_lag,grouped,3,M3_history_vc_rf,rf,Sierra Leone,2018,320.4,379.71,364.5502332932068,372.88810498194306,0.45
two_lag,grouped,3,M3_history_vc_rf,rf,Sierra Leone,2020,328.2,320.4,307.759478612539,314.7117653756425,0.45
two_lag,grouped,3,M3_history_vc_rf,rf,United Republic of Tanzania,2017,113.86,113.68,101.26404067365957,108.09281830314681,0.45
two_lag,grouped,3,M3_history_vc_rf,rf,United Republic of Tanzania,2018,124.3,113.86,103.38123591175484,109.14455616028968,0.45
two_lag,grouped,3,M3_history_vc_rf,rf,United Republic of Tanzania,2020,120.2,124.3,141.98339368736825,132.2575271593157,0.45
two_lag,grouped,3,M3_history_vc_gb,gb,Burkina Faso,2017,411.99,411.62,373.9797159497962,392.7998579748981,0.5
two_lag,grouped,3,M3_history_vc_gb,gb,Burkina Faso,2018,398.7,411.99,373.9797159497962,392.9848579748981,0.5
two_lag,grouped,3,M3_history_vc_gb,gb,Burkina Faso,2020,389.9,398.7,373.9797159497962,386.3398579748981,0.5
two_lag,grouped,3,M3_history_vc_gb,gb,Gabon,2017,168.87,169.11,217.06667955311568,193.08833977655786,0.5
two_lag,grouped,3,M3_history_vc_gb,gb,Gabon,2018,248.2,168.87,212.94315686208253,190.90657843104128,0.5
two_lag,grouped,3,M3_history_vc_gb,gb,Gabon,2020,215.5,248.2,248.6685214737713,248.43426073688565,0.5
two_lag,grouped,3,M3_history_vc_gb,gb,Gambia,2017,56.67,124.59,186.85988730548107,155.72494365274054,0.5
two_lag,grouped,3,M3_history_vc_gb,gb,Gambia,2018,66.0,56.67,102.65074068912897,79.66037034456448,0.5
two_lag,grouped,3,M3_history_vc_gb,gb,Gambia,2020,87.3,66.0,75.48225386388667,70.74112693194334,0.5
two_lag,grouped,3,M3_history_vc_gb,gb,Liberia,2017,192.59,194.75,218.25469158072224,206.50234579036112,0.5
two_lag,grouped,3,M3_history_vc_gb,gb,Liberia,2018,361.5,192.59,222.37821427175538,207.4841071358777,0.5
two_lag,grouped,3,M3_history_vc_gb,gb,Liberia,2020,358.0,361.5,321.7049737934831,341.60248689674154,0.5
two_lag,grouped,3,M3_history_vc_gb,gb,Niger,2017,358.65,360.75,353.05491117685267,356.90245558842633,0.5
two_lag,grouped,3,M3_history_vc_gb,gb,Niger,2018,356.6,358.65,357.7967355229999,358.22336776149996,0.5
two_lag,grouped,3,M3_history_vc_gb,gb,Niger,2020,324.1,356.6,357.7967355229999,357.1983677615,0.5
two_lag,grouped,3,M3_history_vc_gb,gb,Sierra Leone,2017,379.71,378.04,365.23957550272996,371.639787751365,0.5
two_lag,grouped,3,M3_history_vc_gb,gb,Sierra Leone,2018,320.4,379.71,341.6871145333547,360.6985572666773,0.5
two_lag,grouped,3,M3_history_vc_gb,gb,Sierra Leone,2020,328.2,320.4,291.36444362151434,305.8822218107572,0.5
two_lag,grouped,3,M3_history_vc_gb,gb,United Republic of Tanzania,2017,113.86,113.68,113.99002790996674,113.83501395498337,0.5
two_lag,grouped,3,M3_history_vc_gb,gb,United Republic of Tanzania,2018,124.3,113.86,111.50284988367251,112.68142494183626,0.5
two_lag,grouped,3,M3_history_vc_gb,gb,United Republic of Tanzania,2020,120.2,124.3,137.28557481483298,130.79278740741648,0.5
two_lag,grouped,3,M4_history_env_compact_vc_rf,rf,Burkina Faso,2017,411.99,411.62,378.5552418880563,398.3940967552225,0.4
two_lag,grouped,3,M4_history_env_compact_vc_rf,rf,Burkina Faso,2018,398.7,411.99,377.90909818636896,398.3576392745476,0.4
two_lag,grouped,3,M4_history_env_compact_vc_rf,rf,Burkina Faso,2020,389.9,398.7,379.7951767358195,391.1380706943278,0.4
two_lag,grouped,3,M4_history_env_compact_vc_rf,rf,Gabon,2017,168.87,169.11,217.03808338713233,188.28123335485293,0.4
two_lag,grouped,3,M4_history_env_compact_vc_rf,rf,Gabon,2018,248.2,168.87,233.8182515020209,194.84930060080836,0.4
two_lag,grouped,3,M4_history_env_compact_vc_rf,rf,Gabon,2020,215.5,248.2,258.7659033022256,252.42636132089024,0.4
two_lag,grouped,3,M4_history_env_compact_vc_rf,rf,Gambia,2017,56.67,124.59,186.8991931182327,149.5136772472931,0.4
two_lag,grouped,3,M4_history_env_compact_vc_rf,rf,Gambia,2018,66.0,56.67,102.91442888558498,75.167771554234,0.4
two_lag,grouped,3,M4_history_env_compact_vc_rf,rf,Gambia,2020,87.3,66.0,75.1008482034632,69.64033928138528,0.4
two_lag,grouped,3,M4_history_env_compact_vc_rf,rf,Liberia,2017,192.59,194.75,246.452618561951,215.4310474247804,0.4
two_lag,grouped,3,M4_history_env_compact_vc_rf,rf,Liberia,2018,361.5,192.59,245.29927562239047,213.67371024895618,0.4
two_lag,grouped,3,M4_history_env_compact_vc_rf,rf,Liberia,2020,358.0,361.5,313.8461809267105,342.43847237068417,0.4
two_lag,grouped,3,M4_history_env_compact_vc_rf,rf,Niger,2017,358.65,360.75,362.0030136530137,361.2512054612055,0.4
two_lag,grouped,3,M4_history_env_compact_vc_rf,rf,Niger,2018,356.6,358.65,356.37003014291287,357.7380120571651,0.4
two_lag,grouped,3,M4_history_env_compact_vc_rf,rf,Niger,2020,324.1,356.6,353.1569090505607,355.2227636202243,0.4
two_lag,grouped,3,M4_history_env_compact_vc_rf,rf,Sierra Leone,2017,379.71,378.04,360.7738013454243,371.13352053816976,0.4
two_lag,grouped,3,M4_history_env_compact_vc_rf,rf,Sierra Leone,2018,320.4,379.71,355.85762635181493,370.16905054072595,0.4
two_lag,grouped,3,M4_history_env_compact_vc_rf,rf,Sierra Leone,2020,328.2,320.4,303.1895444337085,313.5158177734834,0.4
two_lag,grouped,3,M4_history_env_compact_vc_rf,rf,United Republic of Tanzania,2017,113.86,113.68,99.48733614119206,108.00293445647682,0.4
two_lag,grouped,3,M4_history_env_compact_vc_rf,rf,United Republic of Tanzania,2018,124.3,113.86,104.73527685259178,110.21011074103671,0.4
two_lag,grouped,3,M4_history_env_compact_vc_rf,rf,United Republic of Tanzania,2020,120.2,124.3,147.42018869843022,133.54807547937207,0.4
two_lag,grouped,3,M4_history_env_compact_vc_gb,gb,Burkina Faso,2017,411.99,411.62,374.4621033064543,396.75684132258175,0.4
two_lag,grouped,3,M4_history_env_compact_vc_gb,gb,Burkina Faso,2018,398.7,411.99,374.4621033064543,396.97884132258173,0.4
two_lag,grouped,3,M4_history_env_compact_vc_gb,gb,Burkina Faso,2020,389.9,398.7,374.4621033064543,389.00484132258174,0.4
two_lag,grouped,3,M4_history_env_compact_vc_gb,gb,Gabon,2017,168.87,169.11,205.79580539444356,183.78432215777744,0.4
two_lag,grouped,3,M4_history_env_compact_vc_gb,gb,Gabon,2018,248.2,168.87,216.10968737329836,187.76587494931934,0.4
two_lag,grouped,3,M4_history_env_compact_vc_gb,gb,Gabon,2020,215.5,248.2,244.51943790216058,246.7277751608642,0.4
two_lag,grouped,3,M4_history_env_compact_vc_gb,gb,Gambia,2017,56.67,124.59,191.06327750270088,151.17931100108035,0.4
two_lag,grouped,3,M4_history_env_compact_vc_gb,gb,Gambia,2018,66.0,56.67,106.76087289729136,76.70634915891655,0.4
two_lag,grouped,3,M4_history_env_compact_vc_gb,gb,Gambia,2020,87.3,66.0,81.82819729450908,72.33127891780363,0.4
two_lag,grouped,3,M4_history_env_compact_vc_gb,gb,Liberia,2017,192.59,194.75,234.89894210297055,210.80957684118823,0.4
two_lag,grouped,3,M4_history_env_compact_vc_gb,gb,Liberia,2018,361.5,192.59,221.12251718882987,204.00300687553195,0.4
two_lag,grouped,3,M4_history_env_compact_vc_gb,gb,Liberia,2020,358.0,361.5,323.0628413529415,346.12513654117663,0.4
two_lag,grouped,3,M4_history_env_compact_vc_gb,gb,Niger,2017,358.65,360.75,351.07704414991434,356.8808176599657,0.4
two_lag,grouped,3,M4_history_env_compact_vc_gb,gb,Niger,2018,356.6,358.65,352.2767572200696,356.10070288802785,0.4
two_lag,grouped,3,M4_history_env_compact_vc_gb,gb,Niger,2020,324.1,356.6,352.2767572200696,354.87070288802784,0.4
two_lag,grouped,3,M4_history_env_compact_vc_gb,gb,Sierra Leone,2017,379.71,378.04,374.29812252988296,376.5432490119532,0.4
two_lag,grouped,3,M4_history_env_compact_vc_gb,gb,Sierra Leone,2018,320.4,379.71,355.59043321407927,370.0621732856317,0.4
two_lag,grouped,3,M4_history_env_compact_vc_gb,gb,Sierra Leone,2020,328.2,320.4,292.97616739115955,309.4304669564638,0.4
two_lag,grouped,3,M4_history_env_compact_vc_gb,gb,United Republic of Tanzania,2017,113.86,113.68,108.12732847531375,111.4589313901255,0.4
two_lag,grouped,3,M4_history_env_compact_vc_gb,gb,United Republic of Tanzania,2018,124.3,113.86,107.73259318235172,111.4090372729407,0.4
two_lag,grouped,3,M4_history_env_compact_vc_gb,gb,United Republic of Tanzania,2020,120.2,124.3,150.38821193024006,134.735284772096,0.4
two_lag,grouped,3,M5_history_env_full_rf,rf,Burkina Faso,2017,411.99,411.62,366.94813893745953,395.98484862811085,0.35000000000000003
two_lag,grouped,3,M5_history_env_full_rf,rf,Burkina Faso,2018,398.7,411.99,366.99524957165863,396.2418373500805,0.35000000000000003
two_lag,grouped,3,M5_history_env_full_rf,rf,Burkina Faso,2020,389.9,398.7,368.6388165207929,388.1785857822775,0.35000000000000003
two_lag,grouped,3,M5_history_env_full_rf,rf,Gabon,2017,168.87,169.11,220.25865635969254,187.0120297258924,0.35000000000000003
two_lag,grouped,3,M5_history_env_full_rf,rf,Gabon,2018,248.2,168.87,232.8178345669328,191.2517420984265,0.35000000000000003
two_lag,grouped,3,M5_history_env_full_rf,rf,Gabon,2020,215.5,248.2,260.16054862382055,252.38619201833717,0.35000000000000003
two_lag,grouped,3,M5_history_env_full_rf,rf,Gambia,2017,56.67,124.59,188.44506066708797,146.93927123348078,0.35000000000000003
two_lag,grouped,3,M5_history_env_full_rf,rf,Gambia,2018,66.0,56.67,100.9371346057554,72.1634971120144,0.35000000000000003
two_lag,grouped,3,M5_history_env_full_rf,rf,Gambia,2020,87.3,66.0,75.50003388206238,69.32501185872184,0.35000000000000003
two_lag,grouped,3,M5_history_env_full_rf,rf,Liberia,2017,192.59,194.75,244.31175268816963,212.09661344085936,0.35000000000000003
two_lag,grouped,3,M5_history_env_full_rf,rf,Liberia,2018,361.5,192.59,244.2701470546332,210.6780514691216,0.35000000000000003
two_lag,grouped,3,M5_history_env_full_rf,rf,Liberia,2020,358.0,361.5,314.47678870263417,345.041876045922,0.35000000000000003
two_lag,grouped,3,M5_history_env_full_rf,rf,Niger,2017,358.65,360.75,362.94085358227113,361.5167987537949,0.35000000000000003
two_lag,grouped,3,M5_history_env_full_rf,rf,Niger,2018,356.6,358.65,358.03540214627736,358.4348907511971,0.35000000000000003
two_lag,grouped,3,M5_history_env_full_rf,rf,Niger,2020,324.1,356.6,354.9953481407828,356.03837184927403,0.35000000000000003
two_lag,grouped,3,M5_history_env_full_rf,rf,Sierra Leone,2017,379.71,378.04,343.9647505019765,366.1136626756918,0.35000000000000003
two_lag,grouped,3,M5_history_env_full_rf,rf,Sierra Leone,2018,320.4,379.71,346.7485361548808,368.17348765420826,0.35000000000000003
two_lag,grouped,3,M5_history_env_full_rf,rf,Sierra Leone,2020,328.2,320.4,309.5733826804928,316.6106839381725,0.35000000000000003
two_lag,grouped,3,M5_history_env_full_rf,rf,United Republic of Tanzania,2017,113.86,113.68,99.86356900072151,108.84424915025254,0.35000000000000003
two_lag,grouped,3,M5_history_env_full_rf,rf,United Republic of Tanzania,2018,124.3,113.86,107.51069666450219,111.63774383257577,0.35000000000000003
two_lag,grouped,3,M5_history_env_full_rf,rf,United Republic of Tanzania,2020,120.2,124.3,148.38268739098314,132.7289405868441,0.35000000000000003
two_lag,grouped,3,M5_history_env_full_gb,gb,Burkina Faso,2017,411.99,411.62,376.4985084471241,401.08355253413725,0.30000000000000004
two_lag,grouped,3,M5_history_env_full_gb,gb,Burkina Faso,2018,398.7,411.99,375.33790577339744,400.99437173201926,0.30000000000000004
two_lag,grouped,3,M5_history_env_full_gb,gb,Burkina Faso,2020,389.9,398.7,375.33790577339744,391.6913717320192,0.30000000000000004
two_lag,grouped,3,M5_history_env_full_gb,gb,Gabon,2017,168.87,169.11,199.65593368723412,178.27378010617025,0.30000000000000004
two_lag,grouped,3,M5_history_env_full_gb,gb,Gabon,2018,248.2,168.87,206.05355328631538,180.02506598589463,0.30000000000000004
two_lag,grouped,3,M5_history_env_full_gb,gb,Gabon,2020,215.5,248.2,249.9045683109409,248.71137049328226,0.30000000000000004
two_lag,grouped,3,M5_history_env_full_gb,gb,Gambia,2017,56.67,124.59,189.22683703614643,143.98105111084394,0.30000000000000004
two_lag,grouped,3,M5_history_env_full_gb,gb,Gambia,2018,66.0,56.67,104.92681056801452,71.14704317040436,0.30000000000000004
two_lag,grouped,3,M5_history_env_full_gb,gb,Gambia,2020,87.3,66.0,74.5483042567817,68.5644912770345,0.30000000000000004
two_lag,grouped,3,M5_history_env_full_gb,gb,Liberia,2017,192.59,194.75,219.54873735627822,202.18962120688346,0.30000000000000004
two_lag,grouped,3,M5_history_env_full_gb,gb,Liberia,2018,361.5,192.59,219.70302922779504,200.7239087683385,0.30000000000000004
two_lag,grouped,3,M5_history_env_full_gb,gb,Liberia,2020,358.0,361.5,313.77135374506025,347.18140612351806,0.30000000000000004
two_lag,grouped,3,M5_history_env_full_gb,gb,Niger,2017,358.65,360.75,347.0856951100522,356.65070853301563,0.30000000000000004
two_lag,grouped,3,M5_history_env_full_gb,gb,Niger,2018,356.6,358.65,347.0856951100522,355.18070853301566,0.30000000000000004
two_lag,grouped,3,M5_history_env_full_gb,gb,Niger,2020,324.1,356.6,347.0856951100522,353.74570853301566,0.30000000000000004
two_lag,grouped,3,M5_history_env_full_gb,gb,Sierra Leone,2017,379.71,378.04,336.1423842177634,365.47071526532903,0.30000000000000004
two_lag,grouped,3,M5_history_env_full_gb,gb,Sierra Leone,2018,320.4,379.71,336.1423842177634,366.639715265329,0.30000000000000004
two_lag,grouped,3,M5_history_env_full_gb,gb,Sierra Leone,2020,328.2,320.4,299.70073758292676,314.190221274878,0.30000000000000004
two_lag,grouped,3,M5_history_env_full_gb,gb,United Republic of Tanzania,2017,113.86,113.68,106.4861526812544,111.52184580437633,0.30000000000000004
two_lag,grouped,3,M5_history_env_full_gb,gb,United Republic of Tanzania,2018,124.3,113.86,103.28749959238515,110.68824987771555,0.30000000000000004
two_lag,grouped,3,M5_history_env_full_gb,gb,United Republic of Tanzania,2020,120.2,124.3,151.35821441520108,132.4174643245603,0.30000000000000004
two_lag,grouped,3,M6_history_env_full_vc_rf,rf,Burkina Faso,2017,411.99,411.62,362.8234771498504,394.54121700244764,0.35000000000000003
two_lag,grouped,3,M6_history_env_full_vc_rf,rf,Burkina Faso,2018,398.7,411.99,364.6484691191032,395.4204641916861,0.35000000000000003
two_lag,grouped,3,M6_history_env_full_vc_rf,rf,Burkina Faso,2020,389.9,398.7,365.9964963406039,387.2537737192114,0.35000000000000003
two_lag,grouped,3,M6_history_env_full_vc_rf,rf,Gabon,2017,168.87,169.11,224.80956593783992,188.60484807824398,0.35000000000000003
two_lag,grouped,3,M6_history_env_full_vc_rf,rf,Gabon,2018,248.2,168.87,238.78997599439444,193.34199159803805,0.35000000000000003
two_lag,grouped,3,M6_history_env_full_vc_rf,rf,Gabon,2020,215.5,248.2,264.0840507161173,253.75941775064106,0.35000000000000003
two_lag,grouped,3,M6_history_env_full_vc_rf,rf,Gambia,2017,56.67,124.59,185.5673636258433,145.93207726904515,0.35000000000000003
two_lag,grouped,3,M6_history_env_full_vc_rf,rf,Gambia,2018,66.0,56.67,104.98094045559007,73.57882915945653,0.35000000000000003
two_lag,grouped,3,M6_history_env_full_vc_rf,rf,Gambia,2020,87.3,66.0,76.8328461262626,69.79149614419191,0.35000000000000003
two_lag,grouped,3,M6_history_env_full_vc_rf,rf,Liberia,2017,192.59,194.75,247.3167439241655,213.14836037345793,0.35000000000000003
two_lag,grouped,3,M6_history_env_full_vc_rf,rf,Liberia,2018,361.5,192.59,247.02660489977322,211.64281171492064,0.35000000000000003
two_lag,grouped,3,M6_history_env_full_vc_rf,rf,Liberia,2020,358.0,361.5,310.80060322943024,343.7552111303006,0.35000000000000003
two_lag,grouped,3,M6_history_env_full_vc_rf,rf,Niger,2017,358.65,360.75,364.5559326401314,362.08207642404597,0.35000000000000003
two_lag,grouped,3,M6_history_env_full_vc_rf,rf,Niger,2018,356.6,358.65,358.4989956613323,358.59714848146626,0.35000000000000003
two_lag,grouped,3,M6_history_env_full_vc_rf,rf,Niger,2020,324.1,356.6,355.182493726989,356.10387280444615,0.35000000000000003
two_lag,grouped,3,M6_history_env_full_vc_rf,rf,Sierra Leone,2017,379.71,378.04,348.9399897104935,367.8549963986727,0.35000000000000003
two_lag,grouped,3,M6_history_env_full_vc_rf,rf,Sierra Leone,2018,320.4,379.71,343.1824373803795,366.9253530831328,0.35000000000000003
two_lag,grouped,3,M6_history_env_full_vc_rf,rf,Sierra Leone,2020,328.2,320.4,312.19076357072294,317.526767249753,0.35000000000000003
two_lag,grouped,3,M6_history_env_full_vc_rf,rf,United Republic of Tanzania,2017,113.86,113.68,100.21057698379396,108.96570194432789,0.35000000000000003
two_lag,grouped,3,M6_history_env_full_vc_rf,rf,United Republic of Tanzania,2018,124.3,113.86,107.23565917748911,111.54148071212119,0.35000000000000003
two_lag,grouped,3,M6_history_env_full_vc_rf,rf,United Republic of Tanzania,2020,120.2,124.3,150.56905386194998,133.4941688516825,0.35000000000000003
two_lag,grouped,3,M6_history_env_full_vc_gb,gb,Burkina Faso,2017,411.99,411.62,372.7453641394828,399.9576092418448,0.30000000000000004
two_lag,grouped,3,M6_history_env_full_vc_gb,gb,Burkina Faso,2018,398.7,411.99,372.4907332043459,400.1402199613038,0.30000000000000004
two_lag,grouped,3,M6_history_env_full_vc_gb,gb,Burkina Faso,2020,389.9,398.7,372.4907332043459,390.83721996130373,0.30000000000000004
two_lag,grouped,3,M6_history_env_full_vc_gb,gb,Gabon,2017,168.87,169.11,204.17569302779395,179.6297079083382,0.30000000000000004
two_lag,grouped,3,M6_history_env_full_vc_gb,gb,Gabon,2018,248.2,168.87,225.23065639622882,185.77819691886864,0.30000000000000004
two_lag,grouped,3,M6_history_env_full_vc_gb,gb,Gabon,2020,215.5,248.2,244.8941677135775,247.20825031407324,0.30000000000000004
two_lag,grouped,3,M6_history_env_full_vc_gb,gb,Gambia,2017,56.67,124.59,189.0525524113211,143.92876572339634,0.30000000000000004
two_lag,grouped,3,M6_history_env_full_vc_gb,gb,Gambia,2018,66.0,56.67,104.5551738638751,71.03555215916253,0.30000000000000004
two_lag,grouped,3,M6_history_env_full_vc_gb,gb,Gambia,2020,87.3,66.0,79.28851910632271,69.98655573189681,0.30000000000000004
two_lag,grouped,3,M6_history_env_full_vc_gb,gb,Liberia,2017,192.59,194.75,239.41606946656498,208.1498208399695,0.30000000000000004
two_lag,grouped,3,M6_history_env_full_vc_gb,gb,Liberia,2018,361.5,192.59,216.73703429392376,199.83411028817713,0.30000000000000004
two_lag,grouped,3,M6_history_env_full_vc_gb,gb,Liberia,2020,358.0,361.5,311.78093978077317,346.58428193423197,0.30000000000000004
two_lag,grouped,3,M6_history_env_full_vc_gb,gb,Niger,2017,358.65,360.75,347.82717804412283,356.8731534132368,0.30000000000000004
two_lag,grouped,3,M6_history_env_full_vc_gb,gb,Niger,2018,356.6,358.65,347.82717804412283,355.40315341323685,0.30000000000000004
two_lag,grouped,3,M6_history_env_full_vc_gb,gb,Niger,2020,324.1,356.6,347.82717804412283,353.96815341323685,0.30000000000000004
two_lag,grouped,3,M6_history_env_full_vc_gb,gb,Sierra Leone,2017,379.71,378.04,368.1956765754803,375.0867029726441,0.30000000000000004
two_lag,grouped,3,M6_history_env_full_vc_gb,gb,Sierra Leone,2018,320.4,379.71,348.17866751644823,370.25060025493445,0.30000000000000004
two_lag,grouped,3,M6_history_env_full_vc_gb,gb,Sierra Leone,2020,328.2,320.4,294.9352500513933,312.760575015418,0.30000000000000004
two_lag,grouped,3,M6_history_env_full_vc_gb,gb,United Republic of Tanzania,2017,113.86,113.68,111.72250629229295,113.09275188768788,0.30000000000000004
two_lag,grouped,3,M6_history_env_full_vc_gb,gb,United Republic of Tanzania,2018,124.3,113.86,101.71071605157843,110.21521481547353,0.30000000000000004
two_lag,grouped,3,M6_history_env_full_vc_gb,gb,United Republic of Tanzania,2020,120.2,124.3,154.0245816231466,133.21737448694398,0.30000000000000004
two_lag,grouped,4,M0_persistence,baseline,Central African Republic,2017,387.32,387.55,387.55,387.55,
two_lag,grouped,4,M0_persistence,baseline,Central African Republic,2018,347.3,387.32,387.32,387.32,
two_lag,grouped,4,M0_persistence,baseline,Central African Republic,2020,336.0,347.3,347.3,347.3,
two_lag,grouped,4,M0_persistence,baseline,Democratic Republic of the Congo,2017,307.62,310.59,310.59,310.59,
two_lag,grouped,4,M0_persistence,baseline,Democratic Republic of the Congo,2018,319.8,307.62,307.62,307.62,
two_lag,grouped,4,M0_persistence,baseline,Democratic Republic of the Congo,2020,324.2,319.8,319.8,319.8,
two_lag,grouped,4,M0_persistence,baseline,Ghana,2017,270.69,271.32,271.32,271.32,
two_lag,grouped,4,M0_persistence,baseline,Ghana,2018,224.3,270.69,270.69,270.69,
two_lag,grouped,4,M0_persistence,baseline,Ghana,2020,162.8,224.3,224.3,224.3,
two_lag,grouped,4,M0_persistence,baseline,Liberia,2017,192.59,194.75,194.75,194.75,
two_lag,grouped,4,M0_persistence,baseline,Liberia,2018,361.5,192.59,192.59,192.59,
two_lag,grouped,4,M0_persistence,baseline,Liberia,2020,358.0,361.5,361.5,361.5,
two_lag,grouped,4,M0_persistence,baseline,Sierra Leone,2017,379.71,378.04,378.04,378.04,
two_lag,grouped,4,M0_persistence,baseline,Sierra Leone,2018,320.4,379.71,379.71,379.71,
two_lag,grouped,4,M0_persistence,baseline,Sierra Leone,2020,328.2,320.4,320.4,320.4,
two_lag,grouped,4,M0_persistence,baseline,Togo,2017,370.86,376.39,376.39,376.39,
two_lag,grouped,4,M0_persistence,baseline,Togo,2018,267.3,370.86,370.86,370.86,
two_lag,grouped,4,M0_persistence,baseline,Togo,2020,228.9,267.3,267.3,267.3,
two_lag,grouped,4,M0_persistence,baseline,Zimbabwe,2017,95.22,58.2,58.2,58.2,
two_lag,grouped,4,M0_persistence,baseline,Zimbabwe,2018,51.0,95.22,95.22,95.22,
two_lag,grouped,4,M0_persistence,baseline,Zimbabwe,2020,98.5,51.0,51.0,51.0,
two_lag,grouped,4,M1_history_rf,rf,Central African Republic,2017,387.32,387.55,386.48257830502837,386.9629180677656,0.55
two_lag,grouped,4,M1_history_rf,rf,Central African Republic,2018,347.3,387.32,386.64813576534584,386.9504746709402,0.55
two_lag,grouped,4,M1_history_rf,rf,Central African Republic,2020,336.0,347.3,351.9813760169274,349.8747568093101,0.55
two_lag,grouped,4,M1_history_rf,rf,Democratic Republic of the Congo,2017,307.62,310.59,304.24016105500027,307.09758858025015,0.55
two_lag,grouped,4,M1_history_rf,rf,Democratic Republic of the Congo,2018,319.8,307.62,292.5834712710797,299.3499091990938,0.55
two_lag,grouped,4,M1_history_rf,rf,Democratic Republic of the Congo,2020,324.2,319.8,290.7427865488574,303.8185326018716,0.55
two_lag,grouped,4,M1_history_rf,rf,Ghana,2017,270.69,271.32,275.6783994657742,273.7171197061758,0.55
two_lag,grouped,4,M1_history_rf,rf,Ghana,2018,224.3,270.69,275.6783994657742,273.4336197061758,0.55
two_lag,grouped,4,M1_history_rf,rf,Ghana,2020,162.8,224.3,247.053816982094,236.8145993401517,0.55
two_lag,grouped,4,M1_history_rf,rf,Liberia,2017,192.59,194.75,224.64733043746045,211.19353174060325,0.55
two_lag,grouped,4,M1_history_rf,rf,Liberia,2018,361.5,192.59,221.68715636905227,208.59343600297876,0.55
two_lag,grouped,4,M1_history_rf,rf,Liberia,2020,358.0,361.5,293.29316109618105,323.98623860289956,0.55
two_lag,grouped,4,M1_history_rf,rf,Sierra Leone,2017,379.71,378.04,383.8580220779221,381.2399121428572,0.55
two_lag,grouped,4,M1_history_rf,rf,Sierra Leone,2018,320.4,379.71,385.165276614552,382.7104021380036,0.55
two_lag,grouped,4,M1_history_rf,rf,Sierra Leone,2020,328.2,320.4,335.8597373424904,328.9028555383697,0.55
two_lag,grouped,4,M1_history_rf,rf,Togo,2017,370.86,376.39,381.7397972445888,379.33238848452385,0.55
two_lag,grouped,4,M1_history_rf,rf,Togo,2018,267.3,370.86,378.0762387775558,374.8289313276557,0.55
two_lag,grouped,4,M1_history_rf,rf,Togo,2020,228.9,267.3,316.6863201896989,294.4624761043344,0.55
two_lag,grouped,4,M1_history_rf,rf,Zimbabwe,2017,95.22,58.2,82.90406185336884,71.78723401935287,0.55
two_lag,grouped,4,M1_history_rf,rf,Zimbabwe,2018,51.0,95.22,85.37925692429789,89.80759130836384,0.55
two_lag,grouped,4,M1_history_rf,rf,Zimbabwe,2020,98.5,51.0,84.61165457414806,69.48641001578143,0.55
two_lag,grouped,4,M1_history_gb,gb,Central African Republic,2017,387.32,387.55,384.77561894800107,385.88537136880063,0.6000000000000001
two_lag,grouped,4,M1_history_gb,gb,Central African Republic,2018,347.3,387.32,384.77561894800107,385.79337136880065,0.6000000000000001
two_lag,grouped,4,M1_history_gb,gb,Central African Republic,2020,336.0,347.3,330.9629400367219,337.49776402203315,0.6000000000000001
two_lag,grouped,4,M1_history_gb,gb,Democratic Republic of the Congo,2017,307.62,310.59,301.79725283420345,305.3143517005221,0.6000000000000001
two_lag,grouped,4,M1_history_gb,gb,Democratic Republic of the Congo,2018,319.8,307.62,291.8789019708652,298.1753411825191,0.6000000000000001
two_lag,grouped,4,M1_history_gb,gb,Democratic Republic of the Congo,2020,324.2,319.8,291.8789019708652,303.0473411825191,0.6000000000000001
two_lag,grouped,4,M1_history_gb,gb,Ghana,2017,270.69,271.32,265.34238811456794,267.73343286874075,0.6000000000000001
two_lag,grouped,4,M1_history_gb,gb,Ghana,2018,224.3,270.69,265.34238811456794,267.48143286874074,0.6000000000000001
two_lag,grouped,4,M1_history_gb,gb,Ghana,2020,162.8,224.3,225.37966899834046,224.94780139900428,0.6000000000000001
two_lag,grouped,4,M1_history_gb,gb,Liberia,2017,192.59,194.75,220.00224929063032,209.9013495743782,0.6000000000000001
two_lag,grouped,4,M1_history_gb,gb,Liberia,2018,361.5,192.59,220.00224929063032,209.0373495743782,0.6000000000000001
two_lag,grouped,4,M1_history_gb,gb,Liberia,2020,358.0,361.5,353.2794355144842,356.5676613086905,0.6000000000000001
two_lag,grouped,4,M1_history_gb,gb,Sierra Leone,2017,379.71,378.04,383.525943453373,381.3315660720238,0.6000000000000001
two_lag,grouped,4,M1_history_gb,gb,Sierra Leone,2018,320.4,379.71,383.525943453373,381.99956607202375,0.6000000000000001
two_lag,grouped,4,M1_history_gb,gb,Sierra Leone,2020,328.2,320.4,297.27983042281824,306.5278982536909,0.6000000000000001
two_lag,grouped,4,M1_history_gb,gb,Togo,2017,370.86,376.39,383.525943453373,380.6715660720238,0.6000000000000001
two_lag,grouped,4,M1_history_gb,gb,Togo,2018,267.3,370.86,373.7044404672756,372.5666642803654,0.6000000000000001
two_lag,grouped,4,M1_history_gb,gb,Togo,2020,228.9,267.3,266.51332902785606,266.82799741671363,0.6000000000000001
two_lag,grouped,4,M1_history_gb,gb,Zimbabwe,2017,95.22,58.2,81.37809000232845,72.10685400139707,0.6000000000000001
two_lag,grouped,4,M1_history_gb,gb,Zimbabwe,2018,51.0,95.22,94.81572433926819,94.97743460356091,0.6000000000000001
two_lag,grouped,4,M1_history_gb,gb,Zimbabwe,2020,98.5,51.0,81.37809000232845,69.22685400139707,0.6000000000000001
two_lag,grouped,4,M2_history_env_compact_rf,rf,Central African Republic,2017,387.32,387.55,349.4149402481963,364.6689641489178,0.6000000000000001
two_lag,grouped,4,M2_history_env_compact_rf,rf,Central African Republic,2018,347.3,387.32,343.1408743989898,360.81252463939387,0.6000000000000001
two_lag,grouped,4,M2_history_env_compact_rf,rf,Central African Republic,2020,336.0,347.3,311.19861734737475,325.63917040842483,0.6000000000000001
two_lag,grouped,4,M2_history_env_compact_rf,rf,Democratic Republic of the Congo,2017,307.62,310.59,275.2048693237318,289.35892159423906,0.6000000000000001
two_lag,grouped,4,M2_history_env_compact_rf,rf,Democratic Republic of the Congo,2018,319.8,307.62,270.6442759151958,285.4345655491175,0.6000000000000001
two_lag,grouped,4,M2_history_env_compact_rf,rf,Democratic Republic of the Congo,2020,324.2,319.8,273.63029420091004,292.098176520546,0.6000000000000001
two_lag,grouped,4,M2_history_env_compact_rf,rf,Ghana,2017,270.69,271.32,288.11496139427277,281.3969768365637,0.6000000000000001
two_lag,grouped,4,M2_history_env_compact_rf,rf,Ghana,2018,224.3,270.69,286.42744212009916,280.1324652720595,0.6000000000000001
two_lag,grouped,4,M2_history_env_compact_rf,rf,Ghana,2020,162.8,224.3,249.67420580551627,239.52452348330976,0.6000000000000001
two_lag,grouped,4,M2_history_env_compact_rf,rf,Liberia,2017,192.59,194.75,240.2601174407842,222.0560704644705,0.6000000000000001
two_lag,grouped,4,M2_history_env_compact_rf,rf,Liberia,2018,361.5,192.59,239.5973033707986,220.79438202247917,0.6000000000000001
two_lag,grouped,4,M2_history_env_compact_rf,rf,Liberia,2020,358.0,361.5,308.3061784559707,329.58370707358245,0.6000000000000001
two_lag,grouped,4,M2_history_env_compact_rf,rf,Sierra Leone,2017,379.71,378.04,348.1354240865801,360.09725445194806,0.6000000000000001
two_lag,grouped,4,M2_history_env_compact_rf,rf,Sierra Leone,2018,320.4,379.71,349.06359358658,361.322156151948,0.6000000000000001
two_lag,grouped,4,M2_history_env_compact_rf,rf,Sierra Leone,2020,328.2,320.4,299.2341800168165,307.7005080100899,0.6000000000000001
two_lag,grouped,4,M2_history_env_compact_rf,rf,Togo,2017,370.86,376.39,390.6302761155511,384.93416566933064,0.6000000000000001
two_lag,grouped,4,M2_history_env_compact_rf,rf,Togo,2018,267.3,370.86,375.33587715018314,373.5455262901099,0.6000000000000001
two_lag,grouped,4,M2_history_env_compact_rf,rf,Togo,2020,228.9,267.3,305.4188613386585,290.1713168031951,0.6000000000000001
two_lag,grouped,4,M2_history_env_compact_rf,rf,Zimbabwe,2017,95.22,58.2,98.01180635980673,82.08708381588404,0.6000000000000001
two_lag,grouped,4,M2_history_env_compact_rf,rf,Zimbabwe,2018,51.0,95.22,96.79511845154836,96.16507107092902,0.6000000000000001
two_lag,grouped,4,M2_history_env_compact_rf,rf,Zimbabwe,2020,98.5,51.0,86.46491552597402,72.27894931558441,0.6000000000000001
two_lag,grouped,4,M2_history_env_compact_gb,gb,Central African Republic,2017,387.32,387.55,348.28924892014436,367.9196244600722,0.5
two_lag,grouped,4,M2_history_env_compact_gb,gb,Central African Republic,2018,347.3,387.32,312.60155798409573,349.96077899204784,0.5
two_lag,grouped,4,M2_history_env_compact_gb,gb,Central African Republic,2020,336.0,347.3,304.8726465338208,326.0863232669104,0.5
two_lag,grouped,4,M2_history_env_compact_gb,gb,Democratic Republic of the Congo,2017,307.62,310.59,260.16113794610294,285.3755689730515,0.5
two_lag,grouped,4,M2_history_env_compact_gb,gb,Democratic Republic of the Congo,2018,319.8,307.62,262.9826583955967,285.30132919779834,0.5
two_lag,grouped,4,M2_history_env_compact_gb,gb,Democratic Republic of the Congo,2020,324.2,319.8,260.16113794610294,289.9805689730515,0.5
two_lag,grouped,4,M2_history_env_compact_gb,gb,Ghana,2017,270.69,271.32,290.58166585171807,280.950832925859,0.5
two_lag,grouped,4,M2_history_env_compact_gb,gb,Ghana,2018,224.3,270.69,275.9023410766046,273.2961705383023,0.5
two_lag,grouped,4,M2_history_env_compact_gb,gb,Ghana,2020,162.8,224.3,232.07519076693444,228.18759538346723,0.5
two_lag,grouped,4,M2_history_env_compact_gb,gb,Liberia,2017,192.59,194.75,229.1494942621502,211.9497471310751,0.5
two_lag,grouped,4,M2_history_env_compact_gb,gb,Liberia,2018,361.5,192.59,223.01093064538586,207.80046532269293,0.5
two_lag,grouped,4,M2_history_env_compact_gb,gb,Liberia,2020,358.0,361.5,298.33427075672876,329.9171353783644,0.5
two_lag,grouped,4,M2_history_env_compact_gb,gb,Sierra Leone,2017,379.71,378.04,323.48179905033567,350.7608995251678,0.5
two_lag,grouped,4,M2_history_env_compact_gb,gb,Sierra Leone,2018,320.4,379.71,323.48179905033567,351.59589952516785,0.5
two_lag,grouped,4,M2_history_env_compact_gb,gb,Sierra Leone,2020,328.2,320.4,300.4027770849606,310.4013885424803,0.5
two_lag,grouped,4,M2_history_env_compact_gb,gb,Togo,2017,370.86,376.39,385.726956471639,381.0584782358195,0.5
two_lag,grouped,4,M2_history_env_compact_gb,gb,Togo,2018,267.3,370.86,378.99186374506235,374.9259318725312,0.5
two_lag,grouped,4,M2_history_env_compact_gb,gb,Togo,2020,228.9,267.3,290.84744067727405,279.07372033863703,0.5
two_lag,grouped,4,M2_history_env_compact_gb,gb,Zimbabwe,2017,95.22,58.2,73.45866112063263,65.82933056031632,0.5
two_lag,grouped,4,M2_history_env_compact_gb,gb,Zimbabwe,2018,51.0,95.22,76.62384005572966,85.92192002786483,0.5
two_lag,grouped,4,M2_history_env_compact_gb,gb,Zimbabwe,2020,98.5,51.0,85.39541535328406,68.19770767664204,0.5
two_lag,grouped,4,M3_history_vc_rf,rf,Central African Republic,2017,387.32,387.55,389.67729624170266,388.8263777450216,0.6000000000000001
two_lag,grouped,4,M3_history_vc_rf,rf,Central African Republic,2018,347.3,387.32,365.39794396575667,374.166766379454,0.6000000000000001
two_lag,grouped,4,M3_history_vc_rf,rf,Central African Republic,2020,336.0,347.3,333.0702565334108,338.7621539200465,0.6000000000000001
two_lag,grouped,4,M3_history_vc_rf,rf,Democratic Republic of the Congo,2017,307.62,310.59,297.484304890559,302.7265829343354,0.6000000000000001
two_lag,grouped,4,M3_history_vc_rf,rf,Democratic Republic of the Congo,2018,319.8,307.62,290.96204059002616,297.6252243540157,0.6000000000000001
two_lag,grouped,4,M3_history_vc_rf,rf,Democratic Republic of the Congo,2020,324.2,319.8,279.6979927765617,295.738795665937,0.6000000000000001
two_lag,grouped,4,M3_history_vc_rf,rf,Ghana,2017,270.69,271.32,283.06339965597044,278.3660397935823,0.6000000000000001
two_lag,grouped,4,M3_history_vc_rf,rf,Ghana,2018,224.3,270.69,283.0173543226371,278.0864125935823,0.6000000000000001
two_lag,grouped,4,M3_history_vc_rf,rf,Ghana,2020,162.8,224.3,222.8571196940865,223.4342718164519,0.6000000000000001
two_lag,grouped,4,M3_history_vc_rf,rf,Liberia,2017,192.59,194.75,223.8154057456101,212.18924344736607,0.6000000000000001
two_lag,grouped,4,M3_history_vc_rf,rf,Liberia,2018,361.5,192.59,216.95823465646322,207.21094079387794,0.6000000000000001
two_lag,grouped,4,M3_history_vc_rf,rf,Liberia,2020,358.0,361.5,316.4146164078749,334.44876984472495,0.6000000000000001
two_lag,grouped,4,M3_history_vc_rf,rf,Sierra Leone,2017,379.71,378.04,389.6707520923521,385.01845125541126,0.6000000000000001
two_lag,grouped,4,M3_history_vc_rf,rf,Sierra Leone,2018,320.4,379.71,364.94013498740173,370.84808099244106,0.6000000000000001
two_lag,grouped,4,M3_history_vc_rf,rf,Sierra Leone,2020,328.2,320.4,302.0681416138586,309.40088496831515,0.6000000000000001
two_lag,grouped,4,M3_history_vc_rf,rf,Togo,2017,370.86,376.39,386.94956239177503,382.725737435065,0.6000000000000001
two_lag,grouped,4,M3_history_vc_rf,rf,Togo,2018,267.3,370.86,380.0722146043958,376.3873287626375,0.6000000000000001
two_lag,grouped,4,M3_history_vc_rf,rf,Togo,2020,228.9,267.3,299.6622243163378,286.7173345898027,0.6000000000000001
two_lag,grouped,4,M3_history_vc_rf,rf,Zimbabwe,2017,95.22,58.2,85.08743145487844,74.33245887292706,0.6000000000000001
two_lag,grouped,4,M3_history_vc_rf,rf,Zimbabwe,2018,51.0,95.22,102.26711807625706,99.44827084575424,0.6000000000000001
two_lag,grouped,4,M3_history_vc_rf,rf,Zimbabwe,2020,98.5,51.0,90.32249314341209,74.59349588604726,0.6000000000000001
two_lag,grouped,4,M3_history_vc_gb,gb,Central African Republic,2017,387.32,387.55,394.225948887008,391.5555693322048,0.6000000000000001
two_lag,grouped,4,M3_history_vc_gb,gb,Central African Republic,2018,347.3,387.32,374.19282654588335,379.44369592753003,0.6000000000000001
two_lag,grouped,4,M3_history_vc_gb,gb,Central African Republic,2020,336.0,347.3,348.0599828813164,347.7559897287898,0.6000000000000001
two_lag,grouped,4,M3_history_vc_gb,gb,Democratic Republic of the Congo,2017,307.62,310.59,308.0301950250911,309.05411701505466,0.6000000000000001
two_lag,grouped,4,M3_history_vc_gb,gb,Democratic Republic of the Congo,2018,319.8,307.62,318.00644296746503,313.85186578047905,0.6000000000000001
two_lag,grouped,4,M3_history_vc_gb,gb,Democratic Republic of the Congo,2020,324.2,319.8,303.4455723303514,309.98734339821084,0.6000000000000001
two_lag,grouped,4,M3_history_vc_gb,gb,Ghana,2017,270.69,271.32,282.27551917774406,277.89331150664646,0.6000000000000001
two_lag,grouped,4,M3_history_vc_gb,gb,Ghana,2018,224.3,270.69,282.27551917774406,277.64131150664645,0.6000000000000001
two_lag,grouped,4,M3_history_vc_gb,gb,Ghana,2020,162.8,224.3,225.6905464165937,225.1343278499562,0.6000000000000001
two_lag,grouped,4,M3_history_vc_gb,gb,Liberia,2017,192.59,194.75,247.27737260551876,226.26642356331126,0.6000000000000001
two_lag,grouped,4,M3_history_vc_gb,gb,Liberia,2018,361.5,192.59,207.3597798171053,201.45186789026317,0.6000000000000001
two_lag,grouped,4,M3_history_vc_gb,gb,Liberia,2020,358.0,361.5,337.3933652444399,347.03601914666393,0.6000000000000001
two_lag,grouped,4,M3_history_vc_gb,gb,Sierra Leone,2017,379.71,378.04,385.03914105091934,382.2394846305516,0.6000000000000001
two_lag,grouped,4,M3_history_vc_gb,gb,Sierra Leone,2018,320.4,379.71,362.09158273534536,369.1389496412072,0.6000000000000001
two_lag,grouped,4,M3_history_vc_gb,gb,Sierra Leone,2020,328.2,320.4,286.76775099847225,300.22065059908334,0.6000000000000001
two_lag,grouped,4,M3_history_vc_gb,gb,Togo,2017,370.86,376.39,386.6994304492785,382.5756582695671,0.6000000000000001
two_lag,grouped,4,M3_history_vc_gb,gb,Togo,2018,267.3,370.86,378.15250911618165,375.235505469709,0.6000000000000001
two_lag,grouped,4,M3_history_vc_gb,gb,Togo,2020,228.9,267.3,297.09430098493306,285.1765805909598,0.6000000000000001
two_lag,grouped,4,M3_history_vc_gb,gb,Zimbabwe,2017,95.22,58.2,89.42012465171939,76.93207479103164,0.6000000000000001
two_lag,grouped,4,M3_history_vc_gb,gb,Zimbabwe,2018,51.0,95.22,103.21902750175863,100.01941650105518,0.6000000000000001
two_lag,grouped,4,M3_history_vc_gb,gb,Zimbabwe,2020,98.5,51.0,95.00950360671845,77.40570216403108,0.6000000000000001
two_lag,grouped,4,M4_history_env_compact_vc_rf,rf,Central African Republic,2017,387.32,387.55,356.38029795454577,368.84817877272747,0.6000000000000001
two_lag,grouped,4,M4_history_env_compact_vc_rf,rf,Central African Republic,2018,347.3,387.32,344.2075256702741,361.45251540216447,0.6000000000000001
two_lag,grouped,4,M4_history_env_compact_vc_rf,rf,Central African Republic,2020,336.0,347.3,316.9243622032936,329.0746173219762,0.6000000000000001
two_lag,grouped,4,M4_history_env_compact_vc_rf,rf,Democratic Republic of the Congo,2017,307.62,310.59,281.9085969133089,293.38115814798533,0.6000000000000001
two_lag,grouped,4,M4_history_env_compact_vc_rf,rf,Democratic Republic of the Congo,2018,319.8,307.62,278.70199417449203,290.26919650469523,0.6000000000000001
two_lag,grouped,4,M4_history_env_compact_vc_rf,rf,Democratic Republic of the Congo,2020,324.2,319.8,273.9249708919968,292.2749825351981,0.6000000000000001
two_lag,grouped,4,M4_history_env_compact_vc_rf,rf,Ghana,2017,270.69,271.32,291.47461852087673,283.41277111252606,0.6000000000000001
two_lag,grouped,4,M4_history_env_compact_vc_rf,rf,Ghana,2018,224.3,270.69,288.7422446944253,281.5213468166552,0.6000000000000001
two_lag,grouped,4,M4_history_env_compact_vc_rf,rf,Ghana,2020,162.8,224.3,251.8090999689983,240.805459981399,0.6000000000000001
two_lag,grouped,4,M4_history_env_compact_vc_rf,rf,Liberia,2017,192.59,194.75,240.7578769046071,222.35472614276426,0.6000000000000001
two_lag,grouped,4,M4_history_env_compact_vc_rf,rf,Liberia,2018,361.5,192.59,234.35660904346827,217.64996542608097,0.6000000000000001
two_lag,grouped,4,M4_history_env_compact_vc_rf,rf,Liberia,2020,358.0,361.5,303.0532165031085,326.4319299018651,0.6000000000000001
two_lag,grouped,4,M4_history_env_compact_vc_rf,rf,Sierra Leone,2017,379.71,378.04,355.6768861767678,364.6221317060607,0.6000000000000001
two_lag,grouped,4,M4_history_env_compact_vc_rf,rf,Sierra Leone,2018,320.4,379.71,349.7551183290044,361.7370709974026,0.6000000000000001
two_lag,grouped,4,M4_history_env_compact_vc_rf,rf,Sierra Leone,2020,328.2,320.4,298.7710618802277,307.4226371281366,0.6000000000000001
two_lag,grouped,4,M4_history_env_compact_vc_rf,rf,Togo,2017,370.86,376.39,393.70080060683773,386.7764803641026,0.6000000000000001
two_lag,grouped,4,M4_history_env_compact_vc_rf,rf,Togo,2018,267.3,370.86,378.67397833411053,375.54838700046633,0.6000000000000001
two_lag,grouped,4,M4_history_env_compact_vc_rf,rf,Togo,2020,228.9,267.3,309.30854031946666,292.50512419168,0.6000000000000001
two_lag,grouped,4,M4_history_env_compact_vc_rf,rf,Zimbabwe,2017,95.22,58.2,93.59366363419917,79.43619818051951,0.6000000000000001
two_lag,grouped,4,M4_history_env_compact_vc_rf,rf,Zimbabwe,2018,51.0,95.22,100.24328779198584,98.2339726751915,0.6000000000000001
two_lag,grouped,4,M4_history_env_compact_vc_rf,rf,Zimbabwe,2020,98.5,51.0,88.84737555300252,73.70842533180152,0.6000000000000001
two_lag,grouped,4,M4_history_env_compact_vc_gb,gb,Central African Republic,2017,387.32,387.55,374.3745242994485,380.96226214972427,0.5
two_lag,grouped,4,M4_history_env_compact_vc_gb,gb,Central African Republic,2018,347.3,387.32,326.36704210841253,356.84352105420624,0.5
two_lag,grouped,4,M4_history_env_compact_vc_gb,gb,Central African Republic,2020,336.0,347.3,331.5999099601533,339.44995498007665,0.5
two_lag,grouped,4,M4_history_env_compact_vc_gb,gb,Democratic Republic of the Congo,2017,307.62,310.59,283.20077367080006,296.8953868354,0.5
two_lag,grouped,4,M4_history_env_compact_vc_gb,gb,Democratic Republic of the Congo,2018,319.8,307.62,278.367997934087,292.99399896704347,0.5
two_lag,grouped,4,M4_history_env_compact_vc_gb,gb,Democratic Republic of the Congo,2020,324.2,319.8,258.33717964290673,289.0685898214534,0.5
two_lag,grouped,4,M4_history_env_compact_vc_gb,gb,Ghana,2017,270.69,271.32,291.71987708587505,281.51993854293755,0.5
two_lag,grouped,4,M4_history_env_compact_vc_gb,gb,Ghana,2018,224.3,270.69,290.0390533499253,280.3645266749627,0.5
two_lag,grouped,4,M4_history_env_compact_vc_gb,gb,Ghana,2020,162.8,224.3,231.07840937854093,227.68920468927047,0.5
two_lag,grouped,4,M4_history_env_compact_vc_gb,gb,Liberia,2017,192.59,194.75,239.74238478861838,217.2461923943092,0.5
two_lag,grouped,4,M4_history_env_compact_vc_gb,gb,Liberia,2018,361.5,192.59,214.31758952609013,203.45379476304507,0.5
two_lag,grouped,4,M4_history_env_compact_vc_gb,gb,Liberia,2020,358.0,361.5,286.3541240773855,323.9270620386927,0.5
two_lag,grouped,4,M4_history_env_compact_vc_gb,gb,Sierra Leone,2017,379.71,378.04,346.6169502431208,362.3284751215604,0.5
two_lag,grouped,4,M4_history_env_compact_vc_gb,gb,Sierra Leone,2018,320.4,379.71,328.89672804016266,354.3033640200813,0.5
two_lag,grouped,4,M4_history_env_compact_vc_gb,gb,Sierra Leone,2020,328.2,320.4,296.87780579664036,308.63890289832017,0.5
two_lag,grouped,4,M4_history_env_compact_vc_gb,gb,Togo,2017,370.86,376.39,387.8698706447559,382.12993532237795,0.5
two_lag,grouped,4,M4_history_env_compact_vc_gb,gb,Togo,2018,267.3,370.86,382.0796194944713,376.4698097472357,0.5
two_lag,grouped,4,M4_history_env_compact_vc_gb,gb,Togo,2020,228.9,267.3,308.436016633788,287.868008316894,0.5
two_lag,grouped,4,M4_history_env_compact_vc_gb,gb,Zimbabwe,2017,95.22,58.2,77.87406376039472,68.03703188019736,0.5
two_lag,grouped,4,M4_history_env_compact_vc_gb,gb,Zimbabwe,2018,51.0,95.22,87.99565033482197,91.607825167411,0.5
two_lag,grouped,4,M4_history_env_compact_vc_gb,gb,Zimbabwe,2020,98.5,51.0,82.89732469559452,66.94866234779727,0.5
two_lag,grouped,4,M5_history_env_full_rf,rf,Central African Republic,2017,387.32,387.55,340.9399347843269,361.9144641313798,0.55
two_lag,grouped,4,M5_history_env_full_rf,rf,Central African Republic,2018,347.3,387.32,338.02654628793437,360.2086004583639,0.55
two_lag,grouped,4,M5_history_env_full_rf,rf,Central African Republic,2020,336.0,347.3,310.1884528647462,326.8886490756104,0.55
two_lag,grouped,4,M5_history_env_full_rf,rf,Democratic Republic of the Congo,2017,307.62,310.59,274.85449740120976,290.93547357066535,0.55
two_lag,grouped,4,M5_history_env_full_rf,rf,Democratic Republic of the Congo,2018,319.8,307.62,270.4226152339325,287.16143837866287,0.55
two_lag,grouped,4,M5_history_env_full_rf,rf,Democratic Republic of the Congo,2020,324.2,319.8,272.8620456469639,293.9841251058302,0.55
two_lag,grouped,4,M5_history_env_full_rf,rf,Ghana,2017,270.69,271.32,288.9534148704533,281.0183781787493,0.55
two_lag,grouped,4,M5_history_env_full_rf,rf,Ghana,2018,224.3,270.69,286.95956960367744,279.6382632820226,0.55
two_lag,grouped,4,M5_history_env_full_rf,rf,Ghana,2020,162.8,224.3,247.86777419338154,237.26227580635984,0.55
two_lag,grouped,4,M5_history_env_full_rf,rf,Liberia,2017,192.59,194.75,243.25241968195044,221.42633082507274,0.55
two_lag,grouped,4,M5_history_env_full_rf,rf,Liberia,2018,361.5,192.59,241.8830299694962,219.70116648322292,0.55
two_lag,grouped,4,M5_history_env_full_rf,rf,Liberia,2020,358.0,361.5,295.45701140140426,325.1763562707723,0.55
two_lag,grouped,4,M5_history_env_full_rf,rf,Sierra Leone,2017,379.71,378.04,335.9611601825954,354.8966381004275,0.55
two_lag,grouped,4,M5_history_env_full_rf,rf,Sierra Leone,2018,320.4,379.71,339.0858932706184,357.3667412988401,0.55
two_lag,grouped,4,M5_history_env_full_rf,rf,Sierra Leone,2020,328.2,320.4,302.1914346803195,310.3852890741757,0.55
two_lag,grouped,4,M5_history_env_full_rf,rf,Togo,2017,370.86,376.39,385.3031657915422,381.2922411853482,0.55
two_lag,grouped,4,M5_history_env_full_rf,rf,Togo,2018,267.3,370.86,370.9154855678767,370.8905170623322,0.55
two_lag,grouped,4,M5_history_env_full_rf,rf,Togo,2020,228.9,267.3,311.10501488615336,291.39275818738435,0.55
two_lag,grouped,4,M5_history_env_full_rf,rf,Zimbabwe,2017,95.22,58.2,94.35832908058597,78.08708099432229,0.55
two_lag,grouped,4,M5_history_env_full_rf,rf,Zimbabwe,2018,51.0,95.22,93.47160286702173,94.25838157686195,0.55
two_lag,grouped,4,M5_history_env_full_rf,rf,Zimbabwe,2020,98.5,51.0,85.87170546953037,70.1794380082417,0.55
two_lag,grouped,4,M5_history_env_full_gb,gb,Central African Republic,2017,387.32,387.55,353.6537044591156,370.60185222955784,0.5
two_lag,grouped,4,M5_history_env_full_gb,gb,Central African Republic,2018,347.3,387.32,324.61279404470474,355.96639702235234,0.5
two_lag,grouped,4,M5_history_env_full_gb,gb,Central African Republic,2020,336.0,347.3,307.7209380495495,327.51046902477475,0.5
two_lag,grouped,4,M5_history_env_full_gb,gb,Democratic Republic of the Congo,2017,307.62,310.59,266.9137488176246,288.7518744088123,0.5
two_lag,grouped,4,M5_history_env_full_gb,gb,Democratic Republic of the Congo,2018,319.8,307.62,266.13582769138765,286.8779138456938,0.5
two_lag,grouped,4,M5_history_env_full_gb,gb,Democratic Republic of the Congo,2020,324.2,319.8,266.17639639315684,292.9881981965784,0.5
two_lag,grouped,4,M5_history_env_full_gb,gb,Ghana,2017,270.69,271.32,288.7325804040019,280.02629020200095,0.5
two_lag,grouped,4,M5_history_env_full_gb,gb,Ghana,2018,224.3,270.69,283.2179150644929,276.9539575322465,0.5
two_lag,grouped,4,M5_history_env_full_gb,gb,Ghana,2020,162.8,224.3,235.2816209205427,229.79081046027136,0.5
two_lag,grouped,4,M5_history_env_full_gb,gb,Liberia,2017,192.59,194.75,222.66771369038736,208.70885684519368,0.5
two_lag,grouped,4,M5_history_env_full_gb,gb,Liberia,2018,361.5,192.59,215.30857911812473,203.94928955906238,0.5
two_lag,grouped,4,M5_history_env_full_gb,gb,Liberia,2020,358.0,361.5,300.9597147825933,331.22985739129666,0.5
two_lag,grouped,4,M5_history_env_full_gb,gb,Sierra Leone,2017,379.71,378.04,329.2861490962702,353.6630745481351,0.5
two_lag,grouped,4,M5_history_env_full_gb,gb,Sierra Leone,2018,320.4,379.71,330.41244813010314,355.06122406505153,0.5
two_lag,grouped,4,M5_history_env_full_gb,gb,Sierra Leone,2020,328.2,320.4,296.9859943497836,308.6929971748918,0.5
two_lag,grouped,4,M5_history_env_full_gb,gb,Togo,2017,370.86,376.39,383.4381267869046,379.9140633934523,0.5
two_lag,grouped,4,M5_history_env_full_gb,gb,Togo,2018,267.3,370.86,375.1714943467069,373.0157471733535,0.5
two_lag,grouped,4,M5_history_env_full_gb,gb,Togo,2020,228.9,267.3,289.7098399551023,278.50491997755114,0.5
two_lag,grouped,4,M5_history_env_full_gb,gb,Zimbabwe,2017,95.22,58.2,76.48179190355094,67.34089595177548,0.5
two_lag,grouped,4,M5_history_env_full_gb,gb,Zimbabwe,2018,51.0,95.22,80.37203581823019,87.7960179091151,0.5
two_lag,grouped,4,M5_history_env_full_gb,gb,Zimbabwe,2020,98.5,51.0,88.53729642006567,69.76864821003284,0.5
two_lag,grouped,4,M6_history_env_full_vc_rf,rf,Central African Republic,2017,387.32,387.55,345.1850867186146,364.24929769523806,0.55
two_lag,grouped,4,M6_history_env_full_vc_rf,rf,Central African Republic,2018,347.3,387.32,335.7416184559883,358.9518901507936,0.55
two_lag,grouped,4,M6_history_env_full_vc_rf,rf,Central African Republic,2020,336.0,347.3,311.9257402741111,327.84415715076113,0.55
two_lag,grouped,4,M6_history_env_full_vc_rf,rf,Democratic Republic of the Congo,2017,307.62,310.59,276.0635004933923,291.6004252713658,0.55
two_lag,grouped,4,M6_history_env_full_vc_rf,rf,Democratic Republic of the Congo,2018,319.8,307.62,274.13144146586427,289.20129280622535,0.55
two_lag,grouped,4,M6_history_env_full_vc_rf,rf,Democratic Republic of the Congo,2020,324.2,319.8,272.0830401957001,293.5556721076351,0.55
two_lag,grouped,4,M6_history_env_full_vc_rf,rf,Ghana,2017,270.69,271.32,291.6877694139461,282.52227317767034,0.55
two_lag,grouped,4,M6_history_env_full_vc_rf,rf,Ghana,2018,224.3,270.69,290.46410373067033,281.5657570518687,0.55
two_lag,grouped,4,M6_history_env_full_vc_rf,rf,Ghana,2020,162.8,224.3,248.335673532871,237.51962044307905,0.55
two_lag,grouped,4,M6_history_env_full_vc_rf,rf,Liberia,2017,192.59,194.75,243.63501972144522,221.63676084679486,0.55
two_lag,grouped,4,M6_history_env_full_vc_rf,rf,Liberia,2018,361.5,192.59,239.40709113620744,218.3394001249141,0.55
two_lag,grouped,4,M6_history_env_full_vc_rf,rf,Liberia,2020,358.0,361.5,295.3467282407595,325.1157005324177,0.55
two_lag,grouped,4,M6_history_env_full_vc_rf,rf,Sierra Leone,2017,379.71,378.04,342.43989556565646,358.45994256111106,0.55
two_lag,grouped,4,M6_history_env_full_vc_rf,rf,Sierra Leone,2018,320.4,379.71,339.2657490187589,357.4656619603174,0.55
two_lag,grouped,4,M6_history_env_full_vc_rf,rf,Sierra Leone,2020,328.2,320.4,299.7766872803685,309.0571780042027,0.55
two_lag,grouped,4,M6_history_env_full_vc_rf,rf,Togo,2017,370.86,376.39,386.4732364054837,381.93578002301604,0.55
two_lag,grouped,4,M6_history_env_full_vc_rf,rf,Togo,2018,267.3,370.86,374.12085754090367,372.65347164749704,0.55
two_lag,grouped,4,M6_history_env_full_vc_rf,rf,Togo,2020,228.9,267.3,307.1689324801822,289.22791286410023,0.55
two_lag,grouped,4,M6_history_env_full_vc_rf,rf,Zimbabwe,2017,95.22,58.2,92.14939618648022,76.87216790256412,0.55
two_lag,grouped,4,M6_history_env_full_vc_rf,rf,Zimbabwe,2018,51.0,95.22,96.10689078332784,95.70778993083032,0.55
two_lag,grouped,4,M6_history_env_full_vc_rf,rf,Zimbabwe,2020,98.5,51.0,87.35623795654345,70.9959308760989,0.55
two_lag,grouped,4,M6_history_env_full_vc_gb,gb,Central African Republic,2017,387.32,387.55,362.1232027032067,373.5652614867637,0.55
two_lag,grouped,4,M6_history_env_full_vc_gb,gb,Central African Republic,2018,347.3,387.32,324.03362331476706,352.5124928231219,0.55
two_lag,grouped,4,M6_history_env_full_vc_gb,gb,Central African Republic,2020,336.0,347.3,316.2593319605678,330.2276325783123,0.55
two_lag,grouped,4,M6_history_env_full_vc_gb,gb,Democratic Republic of the Congo,2017,307.62,310.59,282.62586546949365,295.2097260082215,0.55
two_lag,grouped,4,M6_history_env_full_vc_gb,gb,Democratic Republic of the Congo,2018,319.8,307.62,278.6283291024291,291.67458100633604,0.55
two_lag,grouped,4,M6_history_env_full_vc_gb,gb,Democratic Republic of the Congo,2020,324.2,319.8,259.464260280508,286.6153431542794,0.55
two_lag,grouped,4,M6_history_env_full_vc_gb,gb,Ghana,2017,270.69,271.32,290.58115150986674,281.9136333304267,0.55
two_lag,grouped,4,M6_history_env_full_vc_gb,gb,Ghana,2018,224.3,270.69,289.11294574524663,280.8226201598857,0.55
two_lag,grouped,4,M6_history_env_full_vc_gb,gb,Ghana,2020,162.8,224.3,234.21623081834937,229.75392695009216,0.55
two_lag,grouped,4,M6_history_env_full_vc_gb,gb,Liberia,2017,192.59,194.75,234.47072355083768,216.59639795296073,0.55
two_lag,grouped,4,M6_history_env_full_vc_gb,gb,Liberia,2018,361.5,192.59,211.53644006374688,203.01054203506078,0.55
two_lag,grouped,4,M6_history_env_full_vc_gb,gb,Liberia,2020,358.0,361.5,287.8149789127697,320.9732384020233,0.55
two_lag,grouped,4,M6_history_env_full_vc_gb,gb,Sierra Leone,2017,379.71,378.04,344.33057955425136,359.49981875483826,0.55
two_lag,grouped,4,M6_history_env_full_vc_gb,gb,Sierra Leone,2018,320.4,379.71,326.1845840656114,350.27102123608626,0.55
two_lag,grouped,4,M6_history_env_full_vc_gb,gb,Sierra Leone,2020,328.2,320.4,294.06692200320373,305.91680710176206,0.55
two_lag,grouped,4,M6_history_env_full_vc_gb,gb,Togo,2017,370.86,376.39,384.6681737401793,380.94299555709864,0.55
two_lag,grouped,4,M6_history_env_full_vc_gb,gb,Togo,2018,267.3,370.86,376.3522073007938,373.8807140154366,0.55
two_lag,grouped,4,M6_history_env_full_vc_gb,gb,Togo,2020,228.9,267.3,300.93057386956366,285.79681562826,0.55
two_lag,grouped,4,M6_history_env_full_vc_gb,gb,Zimbabwe,2017,95.22,58.2,77.42363369823391,68.77299853402866,0.55
two_lag,grouped,4,M6_history_env_full_vc_gb,gb,Zimbabwe,2018,51.0,95.22,84.42835579838629,89.28459568911246,0.55
two_lag,grouped,4,M6_history_env_full_vc_gb,gb,Zimbabwe,2020,98.5,51.0,85.76494511677103,70.12071981422406,0.55
two_lag,grouped,5,M0_persistence,baseline,Benin,2017,367.91,368.57,368.57,368.57,
two_lag,grouped,5,M0_persistence,baseline,Benin,2018,386.2,367.91,367.91,367.91,
two_lag,grouped,5,M0_persistence,baseline,Benin,2020,388.3,386.2,386.2,386.2,
two_lag,grouped,5,M0_persistence,baseline,Burundi,2017,194.5,195.1,195.1,195.1,
two_lag,grouped,5,M0_persistence,baseline,Burundi,2018,250.3,194.5,194.5,194.5,
two_lag,grouped,5,M0_persistence,baseline,Burundi,2020,294.9,250.3,250.3,250.3,
two_lag,grouped,5,M0_persistence,baseline,Cameroon,2017,303.8,306.16,306.16,306.16,
two_lag,grouped,5,M0_persistence,baseline,Cameroon,2018,247.0,303.8,303.8,303.8,
two_lag,grouped,5,M0_persistence,baseline,Cameroon,2020,260.0,247.0,247.0,247.0,
two_lag,grouped,5,M0_persistence,baseline,Democratic Republic of the Congo,2017,307.62,310.59,310.59,310.59,
two_lag,grouped,5,M0_persistence,baseline,Democratic Republic of the Congo,2018,319.8,307.62,307.62,307.62,
two_lag,grouped,5,M0_persistence,baseline,Democratic Republic of the Congo,2020,324.2,319.8,319.8,319.8,
two_lag,grouped,5,M0_persistence,baseline,Equatorial Guinea,2017,343.26,349.86,349.86,349.86,
two_lag,grouped,5,M0_persistence,baseline,Equatorial Guinea,2018,269.0,343.26,343.26,343.26,
two_lag,grouped,5,M0_persistence,baseline,Equatorial Guinea,2020,240.8,269.0,269.0,269.0,
two_lag,grouped,5,M0_persistence,baseline,Gambia,2017,56.67,124.59,124.59,124.59,
two_lag,grouped,5,M0_persistence,baseline,Gambia,2018,66.0,56.67,56.67,56.67,
two_lag,grouped,5,M0_persistence,baseline,Gambia,2020,87.3,66.0,66.0,66.0,
two_lag,grouped,5,M0_persistence,baseline,Zambia,2017,203.32,204.19,204.19,204.19,
two_lag,grouped,5,M0_persistence,baseline,Zambia,2018,156.7,203.32,203.32,203.32,
two_lag,grouped,5,M0_persistence,baseline,Zambia,2020,189.9,156.7,156.7,156.7,
two_lag,grouped,5,M1_history_rf,rf,Benin,2017,367.91,368.57,337.2308627585466,352.9004313792733,0.5
two_lag,grouped,5,M1_history_rf,rf,Benin,2018,386.2,367.91,334.51474223798385,351.21237111899194,0.5
two_lag,grouped,5,M1_history_rf,rf,Benin,2020,388.3,386.2,360.85563332461317,373.5278166623066,0.5
two_lag,grouped,5,M1_history_rf,rf,Burundi,2017,194.5,195.1,241.6151048101535,218.35755240507675,0.5
two_lag,grouped,5,M1_history_rf,rf,Burundi,2018,250.3,194.5,248.12056388226765,221.31028194113384,0.5
two_lag,grouped,5,M1_history_rf,rf,Burundi,2020,294.9,250.3,250.3276488733162,250.3138244366581,0.5
two_lag,grouped,5,M1_history_rf,rf,Cameroon,2017,303.8,306.16,316.7505545828397,311.45527729141986,0.5
two_lag,grouped,5,M1_history_rf,rf,Cameroon,2018,247.0,303.8,307.4444466109784,305.62222330548923,0.5
two_lag,grouped,5,M1_history_rf,rf,Cameroon,2020,260.0,247.0,258.72288784973364,252.86144392486682,0.5
two_lag,grouped,5,M1_history_rf,rf,Democratic Republic of the Congo,2017,307.62,310.59,316.7505545828397,313.67027729141984,0.5
two_lag,grouped,5,M1_history_rf,rf,Democratic Republic of the Congo,2018,319.8,307.62,314.09709803449925,310.85854901724963,0.5
two_lag,grouped,5,M1_history_rf,rf,Democratic Republic of the Congo,2020,324.2,319.8,308.0153518173276,313.9076759086638,0.5
two_lag,grouped,5,M1_history_rf,rf,Equatorial Guinea,2017,343.26,349.86,331.4136543557272,340.6368271778636,0.5
two_lag,grouped,5,M1_history_rf,rf,Equatorial Guinea,2018,269.0,343.26,331.2150086399985,337.23750431999923,0.5
two_lag,grouped,5,M1_history_rf,rf,Equatorial Guinea,2020,240.8,269.0,269.4588900329199,269.22944501646,0.5
two_lag,grouped,5,M1_history_rf,rf,Gambia,2017,56.67,124.59,173.97936729176814,149.28468364588406,0.5
two_lag,grouped,5,M1_history_rf,rf,Gambia,2018,66.0,56.67,96.85215892957045,76.76107946478523,0.5
two_lag,grouped,5,M1_history_rf,rf,Gambia,2020,87.3,66.0,64.33347338067487,65.16673669033744,0.5
two_lag,grouped,5,M1_history_rf,rf,Zambia,2017,203.32,204.19,220.1064159325491,212.14820796627455,0.5
two_lag,grouped,5,M1_history_rf,rf,Zambia,2018,156.7,203.32,223.116719321438,213.218359660719,0.5
two_lag,grouped,5,M1_history_rf,rf,Zambia,2020,189.9,156.7,214.59135553937992,185.64567776968994,0.5
two_lag,grouped,5,M1_history_gb,gb,Benin,2017,367.91,368.57,334.02149750978975,349.5683236303844,0.55
two_lag,grouped,5,M1_history_gb,gb,Benin,2018,386.2,367.91,334.02149750978975,349.27132363038436,0.55
two_lag,grouped,5,M1_history_gb,gb,Benin,2020,388.3,386.2,372.1009685523349,378.4455327037842,0.55
two_lag,grouped,5,M1_history_gb,gb,Burundi,2017,194.5,195.1,229.4267481543082,213.9797114848695,0.55
two_lag,grouped,5,M1_history_gb,gb,Burundi,2018,250.3,194.5,229.4267481543082,213.7097114848695,0.55
two_lag,grouped,5,M1_history_gb,gb,Burundi,2020,294.9,250.3,239.3554473159401,244.28049602376706,0.55
two_lag,grouped,5,M1_history_gb,gb,Cameroon,2017,303.8,306.16,306.49603792031553,306.34482085617356,0.55
two_lag,grouped,5,M1_history_gb,gb,Cameroon,2018,247.0,303.8,306.49603792031553,305.28282085617354,0.55
two_lag,grouped,5,M1_history_gb,gb,Cameroon,2020,260.0,247.0,236.7632695256287,241.3697982390958,0.55
two_lag,grouped,5,M1_history_gb,gb,Democratic Republic of the Congo,2017,307.62,310.59,306.49603792031553,308.33832085617354,0.55
two_lag,grouped,5,M1_history_gb,gb,Democratic Republic of the Congo,2018,319.8,307.62,306.49603792031553,307.00182085617354,0.55
two_lag,grouped,5,M1_history_gb,gb,Democratic Republic of the Congo,2020,324.2,319.8,306.49603792031553,312.48282085617353,0.55
two_lag,grouped,5,M1_history_gb,gb,Equatorial Guinea,2017,343.26,349.86,331.5555280040359,339.79254040221974,0.55
two_lag,grouped,5,M1_history_gb,gb,Equatorial Guinea,2018,269.0,343.26,331.5555280040359,336.8225404022198,0.55
two_lag,grouped,5,M1_history_gb,gb,Equatorial Guinea,2020,240.8,269.0,235.824932744447,250.75371300944585,0.55
two_lag,grouped,5,M1_history_gb,gb,Gambia,2017,56.67,124.59,167.7917191867125,148.35094555269188,0.55
two_lag,grouped,5,M1_history_gb,gb,Gambia,2018,66.0,56.67,103.23111742692038,82.2786145848062,0.55
two_lag,grouped,5,M1_history_gb,gb,Gambia,2020,87.3,66.0,62.14290457665724,63.87859751716148,0.55
two_lag,grouped,5,M1_history_gb,gb,Zambia,2017,203.32,204.19,220.02215275320762,212.8976840142642,0.55
two_lag,grouped,5,M1_history_gb,gb,Zambia,2018,156.7,203.32,220.02215275320762,212.5061840142642,0.55
two_lag,grouped,5,M1_history_gb,gb,Zambia,2020,189.9,156.7,196.5920811494679,178.64064463220734,0.55
two_lag,grouped,5,M2_history_env_compact_rf,rf,Benin,2017,367.91,368.57,328.96437510961243,344.80662506576743,0.6000000000000001
two_lag,grouped,5,M2_history_env_compact_rf,rf,Benin,2018,386.2,367.91,323.84023300865795,341.46813980519477,0.6000000000000001
two_lag,grouped,5,M2_history_env_compact_rf,rf,Benin,2020,388.3,386.2,355.8546270551114,367.9927762330668,0.6000000000000001
two_lag,grouped,5,M2_history_env_compact_rf,rf,Burundi,2017,194.5,195.1,227.32633023202487,214.4357981392149,0.6000000000000001
two_lag,grouped,5,M2_history_env_compact_rf,rf,Burundi,2018,250.3,194.5,239.13774042333347,221.28264425400008,0.6000000000000001
two_lag,grouped,5,M2_history_env_compact_rf,rf,Burundi,2020,294.9,250.3,254.81312449035,253.00787469421,0.6000000000000001
two_lag,grouped,5,M2_history_env_compact_rf,rf,Cameroon,2017,303.8,306.16,312.93257428119114,310.2235445687147,0.6000000000000001
two_lag,grouped,5,M2_history_env_compact_rf,rf,Cameroon,2018,247.0,303.8,309.92950985550584,307.4777059133035,0.6000000000000001
two_lag,grouped,5,M2_history_env_compact_rf,rf,Cameroon,2020,260.0,247.0,252.97092593930077,250.58255556358046,0.6000000000000001
two_lag,grouped,5,M2_history_env_compact_rf,rf,Democratic Republic of the Congo,2017,307.62,310.59,320.71763288744586,316.6665797324675,0.6000000000000001
two_lag,grouped,5,M2_history_env_compact_rf,rf,Democratic Republic of the Congo,2018,319.8,307.62,317.8311456240981,313.7466873744589,0.6000000000000001
two_lag,grouped,5,M2_history_env_compact_rf,rf,Democratic Republic of the Congo,2020,324.2,319.8,313.28999433277835,315.893996599667,0.6000000000000001
two_lag,grouped,5,M2_history_env_compact_rf,rf,Equatorial Guinea,2017,343.26,349.86,328.6361826300365,337.1257095780219,0.6000000000000001
two_lag,grouped,5,M2_history_env_compact_rf,rf,Equatorial Guinea,2018,269.0,343.26,338.9727961522363,340.6876776913418,0.6000000000000001
two_lag,grouped,5,M2_history_env_compact_rf,rf,Equatorial Guinea,2020,240.8,269.0,259.9231390689734,263.553883441384,0.6000000000000001
two_lag,grouped,5,M2_history_env_compact_rf,rf,Gambia,2017,56.67,124.59,155.7515597356278,143.2869358413767,0.6000000000000001
two_lag,grouped,5,M2_history_env_compact_rf,rf,Gambia,2018,66.0,56.67,97.20432065323565,80.99059239194139,0.6000000000000001
two_lag,grouped,5,M2_history_env_compact_rf,rf,Gambia,2020,87.3,66.0,69.73494510839167,68.24096706503501,0.6000000000000001
two_lag,grouped,5,M2_history_env_compact_rf,rf,Zambia,2017,203.32,204.19,222.8770563378112,215.40223380268674,0.6000000000000001
two_lag,grouped,5,M2_history_env_compact_rf,rf,Zambia,2018,156.7,203.32,220.2230192238696,213.46181153432175,0.6000000000000001
two_lag,grouped,5,M2_history_env_compact_rf,rf,Zambia,2020,189.9,156.7,211.4958078632303,189.57748471793818,0.6000000000000001
two_lag,grouped,5,M2_history_env_compact_gb,gb,Benin,2017,367.91,368.57,335.55178120738674,352.06089060369334,0.5
two_lag,grouped,5,M2_history_env_compact_gb,gb,Benin,2018,386.2,367.91,317.0644400035956,342.4872200017978,0.5
two_lag,grouped,5,M2_history_env_compact_gb,gb,Benin,2020,388.3,386.2,363.7912427551774,374.9956213775887,0.5
two_lag,grouped,5,M2_history_env_compact_gb,gb,Burundi,2017,194.5,195.1,246.47695172010262,220.7884758600513,0.5
two_lag,grouped,5,M2_history_env_compact_gb,gb,Burundi,2018,250.3,194.5,246.92693249872866,220.71346624936433,0.5
two_lag,grouped,5,M2_history_env_compact_gb,gb,Burundi,2020,294.9,250.3,251.48042766978045,250.89021383489023,0.5
two_lag,grouped,5,M2_history_env_compact_gb,gb,Cameroon,2017,303.8,306.16,305.48530037061926,305.8226501853096,0.5
two_lag,grouped,5,M2_history_env_compact_gb,gb,Cameroon,2018,247.0,303.8,316.9135820751004,310.35679103755024,0.5
two_lag,grouped,5,M2_history_env_compact_gb,gb,Cameroon,2020,260.0,247.0,238.71362435812964,242.85681217906483,0.5
two_lag,grouped,5,M2_history_env_compact_gb,gb,Democratic Republic of the Congo,2017,307.62,310.59,312.0065439367119,311.29827196835595,0.5
two_lag,grouped,5,M2_history_env_compact_gb,gb,Democratic Republic of the Congo,2018,319.8,307.62,312.0065439367119,309.81327196835593,0.5
two_lag,grouped,5,M2_history_env_compact_gb,gb,Democratic Republic of the Congo,2020,324.2,319.8,312.0065439367119,315.90327196835597,0.5
two_lag,grouped,5,M2_history_env_compact_gb,gb,Equatorial Guinea,2017,343.26,349.86,306.0773982151196,327.9686991075598,0.5
two_lag,grouped,5,M2_history_env_compact_gb,gb,Equatorial Guinea,2018,269.0,343.26,332.6210314309291,337.9405157154646,0.5
two_lag,grouped,5,M2_history_env_compact_gb,gb,Equatorial Guinea,2020,240.8,269.0,223.78342866792414,246.39171433396206,0.5
two_lag,grouped,5,M2_history_env_compact_gb,gb,Gambia,2017,56.67,124.59,153.22687810223235,138.90843905111618,0.5
two_lag,grouped,5,M2_history_env_compact_gb,gb,Gambia,2018,66.0,56.67,96.84444299797373,76.75722149898687,0.5
two_lag,grouped,5,M2_history_env_compact_gb,gb,Gambia,2020,87.3,66.0,68.88897573116297,67.4444878655815,0.5
two_lag,grouped,5,M2_history_env_compact_gb,gb,Zambia,2017,203.32,204.19,227.62409894700036,215.9070494735002,0.5
two_lag,grouped,5,M2_history_env_compact_gb,gb,Zambia,2018,156.7,203.32,214.1843985795722,208.7521992897861,0.5
two_lag,grouped,5,M2_history_env_compact_gb,gb,Zambia,2020,189.9,156.7,208.67182538601134,182.68591269300566,0.5
two_lag,grouped,5,M3_history_vc_rf,rf,Benin,2017,367.91,368.57,334.3880396934456,349.7699218313951,0.55
two_lag,grouped,5,M3_history_vc_rf,rf,Benin,2018,386.2,367.91,341.4624523552837,353.36384879540606,0.55
two_lag,grouped,5,M3_history_vc_rf,rf,Benin,2020,388.3,386.2,348.2333829877899,365.31836064328445,0.55
two_lag,grouped,5,M3_history_vc_rf,rf,Burundi,2017,194.5,195.1,243.9060843027185,221.94334636649518,0.55
two_lag,grouped,5,M3_history_vc_rf,rf,Burundi,2018,250.3,194.5,240.56939321200443,219.83816626660243,0.55
two_lag,grouped,5,M3_history_vc_rf,rf,Burundi,2020,294.9,250.3,245.74541084164298,247.79497596290364,0.55
two_lag,grouped,5,M3_history_vc_rf,rf,Cameroon,2017,303.8,306.16,312.5291442749554,309.6630293512255,0.55
two_lag,grouped,5,M3_history_vc_rf,rf,Cameroon,2018,247.0,303.8,307.3086621284909,305.72976417066997,0.55
two_lag,grouped,5,M3_history_vc_rf,rf,Cameroon,2020,260.0,247.0,244.51675177310125,245.63421347520568,0.55
two_lag,grouped,5,M3_history_vc_rf,rf,Democratic Republic of the Congo,2017,307.62,310.59,316.91143912329346,314.0667915178114,0.55
two_lag,grouped,5,M3_history_vc_rf,rf,Democratic Republic of the Congo,2018,319.8,307.62,316.48583215259737,312.49620768392856,0.55
two_lag,grouped,5,M3_history_vc_rf,rf,Democratic Republic of the Congo,2020,324.2,319.8,313.27436800652947,316.2109024035912,0.55
two_lag,grouped,5,M3_history_vc_rf,rf,Equatorial Guinea,2017,343.26,349.86,328.05087212126756,337.86497966669714,0.55
two_lag,grouped,5,M3_history_vc_rf,rf,Equatorial Guinea,2018,269.0,343.26,327.5061795375734,334.59539874566536,0.55
two_lag,grouped,5,M3_history_vc_rf,rf,Equatorial Guinea,2020,240.8,269.0,258.61274474990523,263.2870096124479,0.55
two_lag,grouped,5,M3_history_vc_rf,rf,Gambia,2017,56.67,124.59,146.1880836834611,136.4689460259036,0.55
two_lag,grouped,5,M3_history_vc_rf,rf,Gambia,2018,66.0,56.67,97.86038100821393,79.32470955451767,0.55
two_lag,grouped,5,M3_history_vc_rf,rf,Gambia,2020,87.3,66.0,73.30829642945949,70.01956303620273,0.55
two_lag,grouped,5,M3_history_vc_rf,rf,Zambia,2017,203.32,204.19,235.77404507437498,221.56122479090624,0.55
two_lag,grouped,5,M3_history_vc_rf,rf,Zambia,2018,156.7,203.32,215.70908850647137,210.13399867855927,0.55
two_lag,grouped,5,M3_history_vc_rf,rf,Zambia,2020,189.9,156.7,223.81724127145714,193.61448269930142,0.55
two_lag,grouped,5,M3_history_vc_gb,gb,Benin,2017,367.91,368.57,331.95943293362535,353.9257731734501,0.4
two_lag,grouped,5,M3_history_vc_gb,gb,Benin,2018,386.2,367.91,341.01403569614695,357.1516142784588,0.4
two_lag,grouped,5,M3_history_vc_gb,gb,Benin,2020,388.3,386.2,342.45403043014534,368.7016121720581,0.4
two_lag,grouped,5,M3_history_vc_gb,gb,Burundi,2017,194.5,195.1,235.62374826105713,211.30949930442284,0.4
two_lag,grouped,5,M3_history_vc_gb,gb,Burundi,2018,250.3,194.5,241.82870047471803,213.43148018988722,0.4
two_lag,grouped,5,M3_history_vc_gb,gb,Burundi,2020,294.9,250.3,229.35231327268949,241.9209253090758,0.4
two_lag,grouped,5,M3_history_vc_gb,gb,Cameroon,2017,303.8,306.16,296.74234211588504,302.392936846354,0.4
two_lag,grouped,5,M3_history_vc_gb,gb,Cameroon,2018,247.0,303.8,289.90351195512744,298.241404782051,0.4
two_lag,grouped,5,M3_history_vc_gb,gb,Cameroon,2020,260.0,247.0,243.8262521800658,245.7305008720263,0.4
two_lag,grouped,5,M3_history_vc_gb,gb,Democratic Republic of the Congo,2017,307.62,310.59,316.8830629518047,313.10722518072185,0.4
two_lag,grouped,5,M3_history_vc_gb,gb,Democratic Republic of the Congo,2018,319.8,307.62,336.2542809161447,319.07371236645787,0.4
two_lag,grouped,5,M3_history_vc_gb,gb,Democratic Republic of the Congo,2020,324.2,319.8,308.985424545039,315.4741698180156,0.4
two_lag,grouped,5,M3_history_vc_gb,gb,Equatorial Guinea,2017,343.26,349.86,292.59930154191665,326.95572061676665,0.4
two_lag,grouped,5,M3_history_vc_gb,gb,Equatorial Guinea,2018,269.0,343.26,292.59930154191665,322.9957206167667,0.4
two_lag,grouped,5,M3_history_vc_gb,gb,Equatorial Guinea,2020,240.8,269.0,222.56833325325167,250.42733330130068,0.4
two_lag,grouped,5,M3_history_vc_gb,gb,Gambia,2017,56.67,124.59,173.44268646633896,144.1310745865356,0.4
two_lag,grouped,5,M3_history_vc_gb,gb,Gambia,2018,66.0,56.67,103.10011197947836,75.24204479179134,0.4
two_lag,grouped,5,M3_history_vc_gb,gb,Gambia,2020,87.3,66.0,75.90644213735447,69.96257685494179,0.4
two_lag,grouped,5,M3_history_vc_gb,gb,Zambia,2017,203.32,204.19,238.55609467247487,217.93643786898994,0.4
two_lag,grouped,5,M3_history_vc_gb,gb,Zambia,2018,156.7,203.32,203.3422197514183,203.3288879005673,0.4
two_lag,grouped,5,M3_history_vc_gb,gb,Zambia,2020,189.9,156.7,219.74755999657023,181.9190239986281,0.4
two_lag,grouped,5,M4_history_env_compact_vc_rf,rf,Benin,2017,367.91,368.57,330.8291706546232,345.9255023927739,0.6000000000000001
two_lag,grouped,5,M4_history_env_compact_vc_rf,rf,Benin,2018,386.2,367.91,329.91850641569556,345.1151038494173,0.6000000000000001
two_lag,grouped,5,M4_history_env_compact_vc_rf,rf,Benin,2020,388.3,386.2,349.9815304503828,364.46891827022966,0.6000000000000001
two_lag,grouped,5,M4_history_env_compact_vc_rf,rf,Burundi,2017,194.5,195.1,232.50230235109717,217.5413814106583,0.6000000000000001
two_lag,grouped,5,M4_history_env_compact_vc_rf,rf,Burundi,2018,250.3,194.5,241.3529859603768,222.6117915762261,0.6000000000000001
two_lag,grouped,5,M4_history_env_compact_vc_rf,rf,Burundi,2020,294.9,250.3,255.53538572938567,253.44123143763142,0.6000000000000001
two_lag,grouped,5,M4_history_env_compact_vc_rf,rf,Cameroon,2017,303.8,306.16,310.70108470093004,308.884650820558,0.6000000000000001
two_lag,grouped,5,M4_history_env_compact_vc_rf,rf,Cameroon,2018,247.0,303.8,308.35683562106533,306.5341013726392,0.6000000000000001
two_lag,grouped,5,M4_history_env_compact_vc_rf,rf,Cameroon,2020,260.0,247.0,257.21354587413083,253.1281275244785,0.6000000000000001
two_lag,grouped,5,M4_history_env_compact_vc_rf,rf,Democratic Republic of the Congo,2017,307.62,310.59,321.4327751003638,317.09566506021827,0.6000000000000001
two_lag,grouped,5,M4_history_env_compact_vc_rf,rf,Democratic Republic of the Congo,2018,319.8,307.62,318.09542654264385,313.9052559255863,0.6000000000000001
two_lag,grouped,5,M4_history_env_compact_vc_rf,rf,Democratic Republic of the Congo,2020,324.2,319.8,311.6947187374491,314.93683124246945,0.6000000000000001
two_lag,grouped,5,M4_history_env_compact_vc_rf,rf,Equatorial Guinea,2017,343.26,349.86,324.89566865384614,334.8814011923077,0.6000000000000001
two_lag,grouped,5,M4_history_env_compact_vc_rf,rf,Equatorial Guinea,2018,269.0,343.26,333.1975892641801,337.2225535585081,0.6000000000000001
two_lag,grouped,5,M4_history_env_compact_vc_rf,rf,Equatorial Guinea,2020,240.8,269.0,258.5885846808324,262.75315080849947,0.6000000000000001
two_lag,grouped,5,M4_history_env_compact_vc_rf,rf,Gambia,2017,56.67,124.59,155.38850537414294,143.06910322448576,0.6000000000000001
two_lag,grouped,5,M4_history_env_compact_vc_rf,rf,Gambia,2018,66.0,56.67,97.09674913997108,80.92604948398265,0.6000000000000001
two_lag,grouped,5,M4_history_env_compact_vc_rf,rf,Gambia,2020,87.3,66.0,74.22678965800866,70.9360737948052,0.6000000000000001
two_lag,grouped,5,M4_history_env_compact_vc_rf,rf,Zambia,2017,203.32,204.19,227.66589222173593,218.27553533304155,0.6000000000000001
two_lag,grouped,5,M4_history_env_compact_vc_rf,rf,Zambia,2018,156.7,203.32,219.00352040594063,212.73011224356438,0.6000000000000001
two_lag,grouped,5,M4_history_env_compact_vc_rf,rf,Zambia,2020,189.9,156.7,217.45888286909843,193.15532972145905,0.6000000000000001
two_lag,grouped,5,M4_history_env_compact_vc_gb,gb,Benin,2017,367.91,368.57,336.3638800311627,354.0772460140232,0.45
two_lag,grouped,5,M4_history_env_compact_vc_gb,gb,Benin,2018,386.2,367.91,321.6392772564622,347.088174765408,0.45
two_lag,grouped,5,M4_history_env_compact_vc_gb,gb,Benin,2020,388.3,386.2,350.65884052810503,370.2064782376473,0.45
two_lag,grouped,5,M4_history_env_compact_vc_gb,gb,Burundi,2017,194.5,195.1,247.88282657108815,218.85227195698965,0.45
two_lag,grouped,5,M4_history_env_compact_vc_gb,gb,Burundi,2018,250.3,194.5,242.34711629507422,216.0312023327834,0.45
two_lag,grouped,5,M4_history_env_compact_vc_gb,gb,Burundi,2020,294.9,250.3,248.95597151763099,249.69518718293395,0.45
two_lag,grouped,5,M4_history_env_compact_vc_gb,gb,Cameroon,2017,303.8,306.16,303.43399142292503,304.93329614031626,0.45
two_lag,grouped,5,M4_history_env_compact_vc_gb,gb,Cameroon,2018,247.0,303.8,317.4862299563316,309.9588034803492,0.45
two_lag,grouped,5,M4_history_env_compact_vc_gb,gb,Cameroon,2020,260.0,247.0,240.66578144750818,244.14960165137867,0.45
two_lag,grouped,5,M4_history_env_compact_vc_gb,gb,Democratic Republic of the Congo,2017,307.62,310.59,317.04590404243754,313.4951568190969,0.45
two_lag,grouped,5,M4_history_env_compact_vc_gb,gb,Democratic Republic of the Congo,2018,319.8,307.62,317.04590404243754,311.8616568190969,0.45
two_lag,grouped,5,M4_history_env_compact_vc_gb,gb,Democratic Republic of the Congo,2020,324.2,319.8,303.938262636945,312.66221818662524,0.45
two_lag,grouped,5,M4_history_env_compact_vc_gb,gb,Equatorial Guinea,2017,343.26,349.86,298.2579149412081,326.63906172354365,0.45
two_lag,grouped,5,M4_history_env_compact_vc_gb,gb,Equatorial Guinea,2018,269.0,343.26,328.6166950384976,336.6705127673239,0.45
two_lag,grouped,5,M4_history_env_compact_vc_gb,gb,Equatorial Guinea,2020,240.8,269.0,222.900597113373,248.25526870101785,0.45
two_lag,grouped,5,M4_history_env_compact_vc_gb,gb,Gambia,2017,56.67,124.59,159.87877022919727,140.46994660313877,0.45
two_lag,grouped,5,M4_history_env_compact_vc_gb,gb,Gambia,2018,66.0,56.67,97.22846089630094,74.92130740333542,0.45
two_lag,grouped,5,M4_history_env_compact_vc_gb,gb,Gambia,2020,87.3,66.0,68.48293685758972,67.11732158591538,0.45
two_lag,grouped,5,M4_history_env_compact_vc_gb,gb,Zambia,2017,203.32,204.19,231.18428387100698,216.33742774195315,0.45
two_lag,grouped,5,M4_history_env_compact_vc_gb,gb,Zambia,2018,156.7,203.32,210.6053382052539,206.59840219236426,0.45
two_lag,grouped,5,M4_history_env_compact_vc_gb,gb,Zambia,2020,189.9,156.7,206.5478199446688,179.13151897510096,0.45
two_lag,grouped,5,M5_history_env_full_rf,rf,Benin,2017,367.91,368.57,328.66519296890664,346.62235613289863,0.55
two_lag,grouped,5,M5_history_env_full_rf,rf,Benin,2018,386.2,367.91,328.1087689603728,346.01932292820504,0.55
two_lag,grouped,5,M5_history_env_full_rf,rf,Benin,2020,388.3,386.2,346.9192251517518,364.5955738334635,0.55
two_lag,grouped,5,M5_history_env_full_rf,rf,Burundi,2017,194.5,195.1,224.789376868174,211.4291572774957,0.55
two_lag,grouped,5,M5_history_env_full_rf,rf,Burundi,2018,250.3,194.5,237.26473991531142,218.0206069534213,0.55
two_lag,grouped,5,M5_history_env_full_rf,rf,Burundi,2020,294.9,250.3,254.89219155214676,252.82570535368072,0.55
two_lag,grouped,5,M5_history_env_full_rf,rf,Cameroon,2017,303.8,306.16,315.1498399756911,311.1044119866301,0.55
two_lag,grouped,5,M5_history_env_full_rf,rf,Cameroon,2018,247.0,303.8,314.17041662597177,309.5037291442845,0.55
two_lag,grouped,5,M5_history_env_full_rf,rf,Cameroon,2020,260.0,247.0,258.9683801211333,253.58260906662332,0.55
two_lag,grouped,5,M5_history_env_full_rf,rf,Democratic Republic of the Congo,2017,307.62,310.59,318.75014455119873,315.0780795031593,0.55
two_lag,grouped,5,M5_history_env_full_rf,rf,Democratic Republic of the Congo,2018,319.8,307.62,320.2649890107948,314.57474395593715,0.55
two_lag,grouped,5,M5_history_env_full_rf,rf,Democratic Republic of the Congo,2020,324.2,319.8,313.897874334763,316.55383088411963,0.55
two_lag,grouped,5,M5_history_env_full_rf,rf,Equatorial Guinea,2017,343.26,349.86,329.2077370943502,338.5012554018926,0.55
two_lag,grouped,5,M5_history_env_full_rf,rf,Equatorial Guinea,2018,269.0,343.26,335.24253133510945,338.8503922343102,0.55
two_lag,grouped,5,M5_history_env_full_rf,rf,Equatorial Guinea,2020,240.8,269.0,264.57430712771213,266.56586892024166,0.55
two_lag,grouped,5,M5_history_env_full_rf,rf,Gambia,2017,56.67,124.59,154.20842767029674,140.8801352186632,0.55
two_lag,grouped,5,M5_history_env_full_rf,rf,Gambia,2018,66.0,56.67,95.77084238411582,78.17546331126371,0.55
two_lag,grouped,5,M5_history_env_full_rf,rf,Gambia,2020,87.3,66.0,72.39133132251075,69.51523222738092,0.55
two_lag,grouped,5,M5_history_env_full_rf,rf,Zambia,2017,203.32,204.19,226.9156461636463,216.68910539000547,0.55
two_lag,grouped,5,M5_history_env_full_rf,rf,Zambia,2018,156.7,203.32,224.9072666790446,215.19299667347454,0.55
two_lag,grouped,5,M5_history_env_full_rf,rf,Zambia,2020,189.9,156.7,211.5870637891976,186.88788508405867,0.55
two_lag,grouped,5,M5_history_env_full_gb,gb,Benin,2017,367.91,368.57,333.5020579512059,352.78942607804265,0.45
two_lag,grouped,5,M5_history_env_full_gb,gb,Benin,2018,386.2,367.91,309.36861348605555,341.566376068725,0.45
two_lag,grouped,5,M5_history_env_full_gb,gb,Benin,2020,388.3,386.2,361.2983021583274,374.9942359712473,0.45
two_lag,grouped,5,M5_history_env_full_gb,gb,Burundi,2017,194.5,195.1,238.85150000421243,214.78817500189558,0.45
two_lag,grouped,5,M5_history_env_full_gb,gb,Burundi,2018,250.3,194.5,234.19810363782702,212.36414663702215,0.45
two_lag,grouped,5,M5_history_env_full_gb,gb,Burundi,2020,294.9,250.3,241.6131291882131,246.3909081346959,0.45
two_lag,grouped,5,M5_history_env_full_gb,gb,Cameroon,2017,303.8,306.16,289.27985986165845,298.5639369377463,0.45
two_lag,grouped,5,M5_history_env_full_gb,gb,Cameroon,2018,247.0,303.8,313.75224074192664,308.27850833386697,0.45
two_lag,grouped,5,M5_history_env_full_gb,gb,Cameroon,2020,260.0,247.0,237.32644044170263,242.6468981987662,0.45
two_lag,grouped,5,M5_history_env_full_gb,gb,Democratic Republic of the Congo,2017,307.62,310.59,313.75224074192664,312.013008333867,0.45
two_lag,grouped,5,M5_history_env_full_gb,gb,Democratic Republic of the Congo,2018,319.8,307.62,316.0809853525439,311.42744340864476,0.45
two_lag,grouped,5,M5_history_env_full_gb,gb,Democratic Republic of the Congo,2020,324.2,319.8,329.9385501897323,324.36234758537955,0.45
two_lag,grouped,5,M5_history_env_full_gb,gb,Equatorial Guinea,2017,343.26,349.86,312.1490467341086,332.89007103034885,0.45
two_lag,grouped,5,M5_history_env_full_gb,gb,Equatorial Guinea,2018,269.0,343.26,340.7939284668195,342.1502678100688,0.45
two_lag,grouped,5,M5_history_env_full_gb,gb,Equatorial Guinea,2020,240.8,269.0,223.8674656164228,248.69035952739026,0.45
two_lag,grouped,5,M5_history_env_full_gb,gb,Gambia,2017,56.67,124.59,163.4147005612921,142.06111525258146,0.45
two_lag,grouped,5,M5_history_env_full_gb,gb,Gambia,2018,66.0,56.67,97.58818086270766,75.08318138821845,0.45
two_lag,grouped,5,M5_history_env_full_gb,gb,Gambia,2020,87.3,66.0,70.72915549301392,68.12811997185626,0.45
two_lag,grouped,5,M5_history_env_full_gb,gb,Zambia,2017,203.32,204.19,228.0809640066044,214.94093380297198,0.45
two_lag,grouped,5,M5_history_env_full_gb,gb,Zambia,2018,156.7,203.32,216.30991157231696,209.16546020754262,0.45
two_lag,grouped,5,M5_history_env_full_gb,gb,Zambia,2020,189.9,156.7,208.5824858740791,180.04711864333558,0.45
two_lag,grouped,5,M6_history_env_full_vc_rf,rf,Benin,2017,367.91,368.57,326.7219434838208,345.5535689161014,0.55
two_lag,grouped,5,M6_history_env_full_vc_rf,rf,Benin,2018,386.2,367.91,335.20223324589205,349.9207282852406,0.55
two_lag,grouped,5,M6_history_env_full_vc_rf,rf,Benin,2020,388.3,386.2,342.64086484487746,362.2424756646826,0.55
two_lag,grouped,5,M6_history_env_full_vc_rf,rf,Burundi,2017,194.5,195.1,225.81016997742125,211.9905934875817,0.55
two_lag,grouped,5,M6_history_env_full_vc_rf,rf,Burundi,2018,250.3,194.5,233.65114671173296,216.03313069145312,0.55
two_lag,grouped,5,M6_history_env_full_vc_rf,rf,Burundi,2020,294.9,250.3,250.79518786186065,250.57235332402337,0.55
two_lag,grouped,5,M6_history_env_full_vc_rf,rf,Cameroon,2017,303.8,306.16,313.91736972038495,310.42655334621173,0.55
two_lag,grouped,5,M6_history_env_full_vc_rf,rf,Cameroon,2018,247.0,303.8,311.7366329947773,308.1651481471275,0.55
two_lag,grouped,5,M6_history_env_full_vc_rf,rf,Cameroon,2020,260.0,247.0,258.44788947401855,253.29633921071022,0.55
two_lag,grouped,5,M6_history_env_full_vc_rf,rf,Democratic Republic of the Congo,2017,307.62,310.59,316.43187478977336,313.8030311343753,0.55
two_lag,grouped,5,M6_history_env_full_vc_rf,rf,Democratic Republic of the Congo,2018,319.8,307.62,316.7182793531545,312.624053644235,0.55
two_lag,grouped,5,M6_history_env_full_vc_rf,rf,Democratic Republic of the Congo,2020,324.2,319.8,309.52204568342205,314.14712512588216,0.55
two_lag,grouped,5,M6_history_env_full_vc_rf,rf,Equatorial Guinea,2017,343.26,349.86,331.2101002057329,339.6025551131531,0.55
two_lag,grouped,5,M6_history_env_full_vc_rf,rf,Equatorial Guinea,2018,269.0,343.26,332.084767921066,337.1136223565863,0.55
two_lag,grouped,5,M6_history_env_full_vc_rf,rf,Equatorial Guinea,2020,240.8,269.0,263.9919527643036,266.245574020367,0.55
two_lag,grouped,5,M6_history_env_full_vc_rf,rf,Gambia,2017,56.67,124.59,149.10933318268798,138.0756332504784,0.55
two_lag,grouped,5,M6_history_env_full_vc_rf,rf,Gambia,2018,66.0,56.67,93.31357606138302,76.82396683376066,0.55
two_lag,grouped,5,M6_history_env_full_vc_rf,rf,Gambia,2020,87.3,66.0,72.2341642371517,69.42879033043344,0.55
two_lag,grouped,5,M6_history_env_full_vc_rf,rf,Zambia,2017,203.32,204.19,230.54610877039656,218.68585982371812,0.55
two_lag,grouped,5,M6_history_env_full_vc_rf,rf,Zambia,2018,156.7,203.32,221.22796069548303,213.16937838251567,0.55
two_lag,grouped,5,M6_history_env_full_vc_rf,rf,Zambia,2020,189.9,156.7,214.10810561828978,188.27445809005937,0.55
two_lag,grouped,5,M6_history_env_full_vc_gb,gb,Benin,2017,367.91,368.57,332.89919651027736,354.3016786041109,0.4
two_lag,grouped,5,M6_history_env_full_vc_gb,gb,Benin,2018,386.2,367.91,315.00245960427236,346.746983841709,0.4
two_lag,grouped,5,M6_history_env_full_vc_gb,gb,Benin,2020,388.3,386.2,339.91793566597687,367.68717426639074,0.4
two_lag,grouped,5,M6_history_env_full_vc_gb,gb,Burundi,2017,194.5,195.1,238.90529258619625,212.6221170344785,0.4
two_lag,grouped,5,M6_history_env_full_vc_gb,gb,Burundi,2018,250.3,194.5,215.46793341114855,202.88717336445941,0.4
two_lag,grouped,5,M6_history_env_full_vc_gb,gb,Burundi,2020,294.9,250.3,222.63233021938962,239.23293208775584,0.4
two_lag,grouped,5,M6_history_env_full_vc_gb,gb,Cameroon,2017,303.8,306.16,278.0388731741952,294.9115492696781,0.4
two_lag,grouped,5,M6_history_env_full_vc_gb,gb,Cameroon,2018,247.0,303.8,296.9522553035784,301.06090212143135,0.4
two_lag,grouped,5,M6_history_env_full_vc_gb,gb,Cameroon,2020,260.0,247.0,239.54133544786043,244.01653417914417,0.4
two_lag,grouped,5,M6_history_env_full_vc_gb,gb,Democratic Republic of the Congo,2017,307.62,310.59,315.0831113629155,312.3872445451662,0.4
two_lag,grouped,5,M6_history_env_full_vc_gb,gb,Democratic Republic of the Congo,2018,319.8,307.62,315.67447033432506,310.84178813373,0.4
two_lag,grouped,5,M6_history_env_full_vc_gb,gb,Democratic Republic of the Congo,2020,324.2,319.8,318.72251401676414,319.3690056067057,0.4
two_lag,grouped,5,M6_history_env_full_vc_gb,gb,Equatorial Guinea,2017,343.26,349.86,295.8979268382256,328.27517073529026,0.4
two_lag,grouped,5,M6_history_env_full_vc_gb,gb,Equatorial Guinea,2018,269.0,343.26,331.88183882409385,338.7087355296375,0.4
two_lag,grouped,5,M6_history_env_full_vc_gb,gb,Equatorial Guinea,2020,240.8,269.0,207.87002741376358,244.54801096550543,0.4
two_lag,grouped,5,M6_history_env_full_vc_gb,gb,Gambia,2017,56.67,124.59,167.58112030994806,141.78644812397923,0.4
two_lag,grouped,5,M6_history_env_full_vc_gb,gb,Gambia,2018,66.0,56.67,99.22817851076495,73.69327140430599,0.4
two_lag,grouped,5,M6_history_env_full_vc_gb,gb,Gambia,2020,87.3,66.0,76.23541462615039,70.09416585046016,0.4
two_lag,grouped,5,M6_history_env_full_vc_gb,gb,Zambia,2017,203.32,204.19,231.33058483008566,215.04623393203426,0.4
two_lag,grouped,5,M6_history_env_full_vc_gb,gb,Zambia,2018,156.7,203.32,201.16829856107142,202.45931942442857,0.4
two_lag,grouped,5,M6_history_env_full_vc_gb,gb,Zambia,2020,189.9,156.7,211.1589216965765,178.4835686786306,0.4
two_lag,grouped,6,M0_persistence,baseline,Angola,2017,154.97,155.66,155.66,155.66,
two_lag,grouped,6,M0_persistence,baseline,Angola,2018,228.9,154.97,154.97,154.97,
two_lag,grouped,6,M0_persistence,baseline,Angola,2020,251.6,228.9,228.9,228.9,
two_lag,grouped,6,M0_persistence,baseline,Burundi,2017,194.5,195.1,195.1,195.1,
two_lag,grouped,6,M0_persistence,baseline,Burundi,2018,250.3,194.5,194.5,194.5,
two_lag,grouped,6,M0_persistence,baseline,Burundi,2020,294.9,250.3,250.3,250.3,
two_lag,grouped,6,M0_persistence,baseline,Equatorial Guinea,2017,343.26,349.86,349.86,349.86,
two_lag,grouped,6,M0_persistence,baseline,Equatorial Guinea,2018,269.0,343.26,343.26,343.26,
two_lag,grouped,6,M0_persistence,baseline,Equatorial Guinea,2020,240.8,269.0,269.0,269.0,
two_lag,grouped,6,M0_persistence,baseline,Gambia,2017,56.67,124.59,124.59,124.59,
two_lag,grouped,6,M0_persistence,baseline,Gambia,2018,66.0,56.67,56.67,56.67,
two_lag,grouped,6,M0_persistence,baseline,Gambia,2020,87.3,66.0,66.0,66.0,
two_lag,grouped,6,M0_persistence,baseline,Kenya,2017,70.83,71.23,71.23,71.23,
two_lag,grouped,6,M0_persistence,baseline,Kenya,2018,70.1,70.83,70.83,70.83,
two_lag,grouped,6,M0_persistence,baseline,Kenya,2020,50.9,70.1,70.1,70.1,
two_lag,grouped,6,M0_persistence,baseline,Mozambique,2017,337.92,338.3,338.3,338.3,
two_lag,grouped,6,M0_persistence,baseline,Mozambique,2018,305.4,337.92,337.92,337.92,
two_lag,grouped,6,M0_persistence,baseline,Mozambique,2020,320.2,305.4,305.4,305.4,
two_lag,grouped,6,M0_persistence,baseline,Zambia,2017,203.32,204.19,204.19,204.19,
two_lag,grouped,6,M0_persistence,baseline,Zambia,2018,156.7,203.32,203.32,203.32,
two_lag,grouped,6,M0_persistence,baseline,Zambia,2020,189.9,156.7,156.7,156.7,
two_lag,grouped,6,M1_history_rf,rf,Angola,2017,154.97,155.66,208.2353076745476,176.69012306981904,0.4
two_lag,grouped,6,M1_history_rf,rf,Angola,2018,228.9,154.97,204.82231340398485,174.91092536159394,0.4
two_lag,grouped,6,M1_history_rf,rf,Angola,2020,251.6,228.9,228.06299019352838,228.56519607741134,0.4
two_lag,grouped,6,M1_history_rf,rf,Burundi,2017,194.5,195.1,238.65874969413883,212.52349987765552,0.4
two_lag,grouped,6,M1_history_rf,rf,Burundi,2018,250.3,194.5,246.06367595306995,215.12547038122798,0.4
two_lag,grouped,6,M1_history_rf,rf,Burundi,2020,294.9,250.3,250.9051020318489,250.54204081273957,0.4
two_lag,grouped,6,M1_history_rf,rf,Equatorial Guinea,2017,343.26,349.86,340.98073114943577,346.3082924597743,0.4
two_lag,grouped,6,M1_history_rf,rf,Equatorial Guinea,2018,269.0,343.26,337.9167004241153,341.1226801696461,0.4
two_lag,grouped,6,M1_history_rf,rf,Equatorial Guinea,2020,240.8,269.0,277.98251600548474,272.5930064021939,0.4
two_lag,grouped,6,M1_history_rf,rf,Gambia,2017,56.67,124.59,178.20377684614732,146.03551073845892,0.4
two_lag,grouped,6,M1_history_rf,rf,Gambia,2018,66.0,56.67,95.82224055033862,72.33089622013546,0.4
two_lag,grouped,6,M1_history_rf,rf,Gambia,2020,87.3,66.0,72.53751996592304,68.61500798636922,0.4
two_lag,grouped,6,M1_history_rf,rf,Kenya,2017,70.83,71.23,76.51644742912652,73.3445789716506,0.4
two_lag,grouped,6,M1_history_rf,rf,Kenya,2018,70.1,70.83,76.35801498468209,73.04120599387284,0.4
two_lag,grouped,6,M1_history_rf,rf,Kenya,2020,50.9,70.1,75.99617493706305,72.45846997482522,0.4
two_lag,grouped,6,M1_history_rf,rf,Mozambique,2017,337.92,338.3,328.71182004621846,334.4647280184874,0.4
two_lag,grouped,6,M1_history_rf,rf,Mozambique,2018,305.4,337.92,328.60214837955175,334.1928593518207,0.4
two_lag,grouped,6,M1_history_rf,rf,Mozambique,2020,320.2,305.4,313.81383810105245,308.76553524042095,0.4
two_lag,grouped,6,M1_history_rf,rf,Zambia,2017,203.32,204.19,221.4127853468461,211.07911413873845,0.4
two_lag,grouped,6,M1_history_rf,rf,Zambia,2018,156.7,203.32,224.7185220467018,211.8794088186807,0.4
two_lag,grouped,6,M1_history_rf,rf,Zambia,2020,189.9,156.7,220.7955889746255,182.3382355898502,0.4
two_lag,grouped,6,M1_history_gb,gb,Angola,2017,154.97,155.66,197.41552806715282,182.80109324364935,0.65
two_lag,grouped,6,M1_history_gb,gb,Angola,2018,228.9,154.97,197.41552806715282,182.55959324364935,0.65
two_lag,grouped,6,M1_history_gb,gb,Angola,2020,251.6,228.9,222.81496652652362,224.94472824224036,0.65
two_lag,grouped,6,M1_history_gb,gb,Burundi,2017,194.5,195.1,226.5240335609826,215.52562181463867,0.65
two_lag,grouped,6,M1_history_gb,gb,Burundi,2018,250.3,194.5,226.5240335609826,215.3156218146387,0.65
two_lag,grouped,6,M1_history_gb,gb,Burundi,2020,294.9,250.3,240.89868947008998,244.18914815555848,0.65
two_lag,grouped,6,M1_history_gb,gb,Equatorial Guinea,2017,343.26,349.86,331.7876403901132,338.1129662535736,0.65
two_lag,grouped,6,M1_history_gb,gb,Equatorial Guinea,2018,269.0,343.26,331.7876403901132,335.8029662535736,0.65
two_lag,grouped,6,M1_history_gb,gb,Equatorial Guinea,2020,240.8,269.0,249.04066680006534,256.02643342004245,0.65
two_lag,grouped,6,M1_history_gb,gb,Gambia,2017,56.67,124.59,154.97306324091133,144.33899110659237,0.65
two_lag,grouped,6,M1_history_gb,gb,Gambia,2018,66.0,56.67,105.08028457860269,88.13668497609174,0.65
two_lag,grouped,6,M1_history_gb,gb,Gambia,2020,87.3,66.0,64.59546858909657,65.08705458291277,0.65
two_lag,grouped,6,M1_history_gb,gb,Kenya,2017,70.83,71.23,64.59546858909657,66.91755458291277,0.65
two_lag,grouped,6,M1_history_gb,gb,Kenya,2018,70.1,70.83,64.59546858909657,66.77755458291277,0.65
two_lag,grouped,6,M1_history_gb,gb,Kenya,2020,50.9,70.1,64.59546858909657,66.52205458291277,0.65
two_lag,grouped,6,M1_history_gb,gb,Mozambique,2017,337.92,338.3,331.7876403901132,334.0669662535736,0.65
two_lag,grouped,6,M1_history_gb,gb,Mozambique,2018,305.4,337.92,331.7876403901132,333.9339662535736,0.65
two_lag,grouped,6,M1_history_gb,gb,Mozambique,2020,320.2,305.4,304.2441422139759,304.64869243908436,0.65
two_lag,grouped,6,M1_history_gb,gb,Zambia,2017,203.32,204.19,219.42955436887837,214.09571033977093,0.65
two_lag,grouped,6,M1_history_gb,gb,Zambia,2018,156.7,203.32,219.42955436887837,213.79121033977094,0.65
two_lag,grouped,6,M1_history_gb,gb,Zambia,2020,189.9,156.7,196.72150309761327,182.7139770134486,0.65
two_lag,grouped,6,M2_history_env_compact_rf,rf,Angola,2017,154.97,155.66,198.41257137190757,174.8986571173584,0.45
two_lag,grouped,6,M2_history_env_compact_rf,rf,Angola,2018,228.9,154.97,199.36047487882882,174.94571369547296,0.45
two_lag,grouped,6,M2_history_env_compact_rf,rf,Angola,2020,251.6,228.9,219.48085600144918,224.66138520065215,0.45
two_lag,grouped,6,M2_history_env_compact_rf,rf,Burundi,2017,194.5,195.1,226.25151111379745,209.11818000120886,0.45
two_lag,grouped,6,M2_history_env_compact_rf,rf,Burundi,2018,250.3,194.5,239.62164762262515,214.8047414301813,0.45
two_lag,grouped,6,M2_history_env_compact_rf,rf,Burundi,2020,294.9,250.3,252.96394855674657,251.49877685053596,0.45
two_lag,grouped,6,M2_history_env_compact_rf,rf,Equatorial Guinea,2017,343.26,349.86,330.77637532578876,341.272368896605,0.45
two_lag,grouped,6,M2_history_env_compact_rf,rf,Equatorial Guinea,2018,269.0,343.26,332.2563382647025,338.3083522191161,0.45
two_lag,grouped,6,M2_history_env_compact_rf,rf,Equatorial Guinea,2020,240.8,269.0,261.89388343506977,265.80224754578137,0.45
two_lag,grouped,6,M2_history_env_compact_rf,rf,Gambia,2017,56.67,124.59,155.61271312849414,138.55022090782236,0.45
two_lag,grouped,6,M2_history_env_compact_rf,rf,Gambia,2018,66.0,56.67,96.63593434432232,74.65467045494505,0.45
two_lag,grouped,6,M2_history_env_compact_rf,rf,Gambia,2020,87.3,66.0,74.31562097402602,69.7420294383117,0.45
two_lag,grouped,6,M2_history_env_compact_rf,rf,Kenya,2017,70.83,71.23,81.01474664141423,75.63313598863641,0.45
two_lag,grouped,6,M2_history_env_compact_rf,rf,Kenya,2018,70.1,70.83,84.04502425180382,76.77676091331172,0.45
two_lag,grouped,6,M2_history_env_compact_rf,rf,Kenya,2020,50.9,70.1,86.76644425324679,77.59989991396105,0.45
two_lag,grouped,6,M2_history_env_compact_rf,rf,Mozambique,2017,337.92,338.3,330.9483145049625,334.99174152723316,0.45
two_lag,grouped,6,M2_history_env_compact_rf,rf,Mozambique,2018,305.4,337.92,335.3757592870693,336.7750916791812,0.45
two_lag,grouped,6,M2_history_env_compact_rf,rf,Mozambique,2020,320.2,305.4,320.7621655039635,312.31297447678355,0.45
two_lag,grouped,6,M2_history_env_compact_rf,rf,Zambia,2017,203.32,204.19,217.84574228874692,210.33508402993613,0.45
two_lag,grouped,6,M2_history_env_compact_rf,rf,Zambia,2018,156.7,203.32,213.2034421094116,207.76754894923522,0.45
two_lag,grouped,6,M2_history_env_compact_rf,rf,Zambia,2020,189.9,156.7,208.3427066007982,179.93921797035918,0.45
two_lag,grouped,6,M2_history_env_compact_gb,gb,Angola,2017,154.97,155.66,179.65699504283165,166.45864776927425,0.45
two_lag,grouped,6,M2_history_env_compact_gb,gb,Angola,2018,228.9,154.97,181.28163970548724,166.81023786746925,0.45
two_lag,grouped,6,M2_history_env_compact_gb,gb,Angola,2020,251.6,228.9,205.00811179570624,218.1486503080678,0.45
two_lag,grouped,6,M2_history_env_compact_gb,gb,Burundi,2017,194.5,195.1,231.3944902132469,211.4325205959611,0.45
two_lag,grouped,6,M2_history_env_compact_gb,gb,Burundi,2018,250.3,194.5,232.70847788343113,211.693815047544,0.45
two_lag,grouped,6,M2_history_env_compact_gb,gb,Burundi,2020,294.9,250.3,260.8301663428549,255.03857485428472,0.45
two_lag,grouped,6,M2_history_env_compact_gb,gb,Equatorial Guinea,2017,343.26,349.86,329.5897293698107,340.73837821641484,0.45
two_lag,grouped,6,M2_history_env_compact_gb,gb,Equatorial Guinea,2018,269.0,343.26,322.01252520679236,333.69863634305653,0.45
two_lag,grouped,6,M2_history_env_compact_gb,gb,Equatorial Guinea,2020,240.8,269.0,246.0105949295329,258.6547677182898,0.45
two_lag,grouped,6,M2_history_env_compact_gb,gb,Gambia,2017,56.67,124.59,163.70366546092976,142.1911494574184,0.45
two_lag,grouped,6,M2_history_env_compact_gb,gb,Gambia,2018,66.0,56.67,104.00910887451775,77.97259899353298,0.45
two_lag,grouped,6,M2_history_env_compact_gb,gb,Gambia,2020,87.3,66.0,83.30308995656456,73.78639048045406,0.45
two_lag,grouped,6,M2_history_env_compact_gb,gb,Kenya,2017,70.83,71.23,83.19611447222725,76.61475151250227,0.45
two_lag,grouped,6,M2_history_env_compact_gb,gb,Kenya,2018,70.1,70.83,88.46976383263497,78.76789372468573,0.45
two_lag,grouped,6,M2_history_env_compact_gb,gb,Kenya,2020,50.9,70.1,136.4165981330781,99.94246915988515,0.45
two_lag,grouped,6,M2_history_env_compact_gb,gb,Mozambique,2017,337.92,338.3,340.90114082314244,339.4705133704141,0.45
two_lag,grouped,6,M2_history_env_compact_gb,gb,Mozambique,2018,305.4,337.92,341.8041507407764,339.66786783334936,0.45
two_lag,grouped,6,M2_history_env_compact_gb,gb,Mozambique,2020,320.2,305.4,318.5397873852012,311.3129043233405,0.45
two_lag,grouped,6,M2_history_env_compact_gb,gb,Zambia,2017,203.32,204.19,214.21023666091162,208.69910649741024,0.45
two_lag,grouped,6,M2_history_env_compact_gb,gb,Zambia,2018,156.7,203.32,210.98652426978748,206.76993592140437,0.45
two_lag,grouped,6,M2_history_env_compact_gb,gb,Zambia,2020,189.9,156.7,192.57079407068971,172.84185733181036,0.45
two_lag,grouped,6,M3_history_vc_rf,rf,Angola,2017,154.97,155.66,227.92064494143477,191.7903224707174,0.5
two_lag,grouped,6,M3_history_vc_rf,rf,Angola,2018,228.9,154.97,215.86779507280286,185.41889753640143,0.5
two_lag,grouped,6,M3_history_vc_rf,rf,Angola,2020,251.6,228.9,240.46465442629855,234.68232721314928,0.5
two_lag,grouped,6,M3_history_vc_rf,rf,Burundi,2017,194.5,195.1,244.73301005455693,219.91650502727845,0.5
two_lag,grouped,6,M3_history_vc_rf,rf,Burundi,2018,250.3,194.5,239.52610625619133,217.01305312809566,0.5
two_lag,grouped,6,M3_history_vc_rf,rf,Burundi,2020,294.9,250.3,243.8293928993022,247.0646964496511,0.5
two_lag,grouped,6,M3_history_vc_rf,rf,Equatorial Guinea,2017,343.26,349.86,328.07302295865236,338.9665114793262,0.5
two_lag,grouped,6,M3_history_vc_rf,rf,Equatorial Guinea,2018,269.0,343.26,326.3077458237318,334.7838729118659,0.5
two_lag,grouped,6,M3_history_vc_rf,rf,Equatorial Guinea,2020,240.8,269.0,261.02820735203426,265.01410367601716,0.5
two_lag,grouped,6,M3_history_vc_rf,rf,Gambia,2017,56.67,124.59,152.7440730266986,138.6670365133493,0.5
two_lag,grouped,6,M3_history_vc_rf,rf,Gambia,2018,66.0,56.67,98.51184288611384,77.59092144305691,0.5
two_lag,grouped,6,M3_history_vc_rf,rf,Gambia,2020,87.3,66.0,73.99759621933627,69.99879810966814,0.5
two_lag,grouped,6,M3_history_vc_rf,rf,Kenya,2017,70.83,71.23,68.59841766378068,69.91420883189033,0.5
two_lag,grouped,6,M3_history_vc_rf,rf,Kenya,2018,70.1,70.83,68.42948740981242,69.62974370490622,0.5
two_lag,grouped,6,M3_history_vc_rf,rf,Kenya,2020,50.9,70.1,68.24956474314577,69.17478237157289,0.5
two_lag,grouped,6,M3_history_vc_rf,rf,Mozambique,2017,337.92,338.3,326.62285786895546,332.46142893447774,0.5
two_lag,grouped,6,M3_history_vc_rf,rf,Mozambique,2018,305.4,337.92,321.2190496453455,329.56952482267275,0.5
two_lag,grouped,6,M3_history_vc_rf,rf,Mozambique,2020,320.2,305.4,307.36589240081173,306.38294620040585,0.5
two_lag,grouped,6,M3_history_vc_rf,rf,Zambia,2017,203.32,204.19,232.17217728645798,218.18108864322897,0.5
two_lag,grouped,6,M3_history_vc_rf,rf,Zambia,2018,156.7,203.32,218.77635255402976,211.04817627701487,0.5
two_lag,grouped,6,M3_history_vc_rf,rf,Zambia,2020,189.9,156.7,235.77579100268392,196.23789550134194,0.5
two_lag,grouped,6,M3_history_vc_gb,gb,Angola,2017,154.97,155.66,192.38132345694783,174.0206617284739,0.5
two_lag,grouped,6,M3_history_vc_gb,gb,Angola,2018,228.9,154.97,191.99676101844943,173.48338050922473,0.5
two_lag,grouped,6,M3_history_vc_gb,gb,Angola,2020,251.6,228.9,232.5867518147664,230.7433759073832,0.5
two_lag,grouped,6,M3_history_vc_gb,gb,Burundi,2017,194.5,195.1,235.21014892325158,215.1550744616258,0.5
two_lag,grouped,6,M3_history_vc_gb,gb,Burundi,2018,250.3,194.5,241.61596129524565,218.05798064762283,0.5
two_lag,grouped,6,M3_history_vc_gb,gb,Burundi,2020,294.9,250.3,237.41655393522234,243.85827696761118,0.5
two_lag,grouped,6,M3_history_vc_gb,gb,Equatorial Guinea,2017,343.26,349.86,300.13393603130675,324.99696801565335,0.5
two_lag,grouped,6,M3_history_vc_gb,gb,Equatorial Guinea,2018,269.0,343.26,300.13393603130675,321.6969680156534,0.5
two_lag,grouped,6,M3_history_vc_gb,gb,Equatorial Guinea,2020,240.8,269.0,235.81938359178739,252.4096917958937,0.5
two_lag,grouped,6,M3_history_vc_gb,gb,Gambia,2017,56.67,124.59,163.45930032443664,144.02465016221834,0.5
two_lag,grouped,6,M3_history_vc_gb,gb,Gambia,2018,66.0,56.67,105.69487992231545,81.18243996115773,0.5
two_lag,grouped,6,M3_history_vc_gb,gb,Gambia,2020,87.3,66.0,81.31382869114053,73.65691434557027,0.5
two_lag,grouped,6,M3_history_vc_gb,gb,Kenya,2017,70.83,71.23,65.23438782517623,68.23219391258812,0.5
two_lag,grouped,6,M3_history_vc_gb,gb,Kenya,2018,70.1,70.83,68.59739264536968,69.71369632268484,0.5
two_lag,grouped,6,M3_history_vc_gb,gb,Kenya,2020,50.9,70.1,65.42729852663601,67.763649263318,0.5
two_lag,grouped,6,M3_history_vc_gb,gb,Mozambique,2017,337.92,338.3,333.65569621635876,335.9778481081794,0.5
two_lag,grouped,6,M3_history_vc_gb,gb,Mozambique,2018,305.4,337.92,333.4404631330566,335.6802315665283,0.5
two_lag,grouped,6,M3_history_vc_gb,gb,Mozambique,2020,320.2,305.4,310.03849976719727,307.71924988359865,0.5
two_lag,grouped,6,M3_history_vc_gb,gb,Zambia,2017,203.32,204.19,232.78365999224397,218.48682999612197,0.5
two_lag,grouped,6,M3_history_vc_gb,gb,Zambia,2018,156.7,203.32,201.66272546237616,202.49136273118808,0.5
two_lag,grouped,6,M3_history_vc_gb,gb,Zambia,2020,189.9,156.7,219.75691525858548,188.22845762929273,0.5
two_lag,grouped,6,M4_history_env_compact_vc_rf,rf,Angola,2017,154.97,155.66,205.40098146059256,178.04344165726664,0.45
two_lag,grouped,6,M4_history_env_compact_vc_rf,rf,Angola,2018,228.9,154.97,197.01306265862655,173.88937819638195,0.45
two_lag,grouped,6,M4_history_env_compact_vc_rf,rf,Angola,2020,251.6,228.9,225.39989309730805,227.32495189378864,0.45
two_lag,grouped,6,M4_history_env_compact_vc_rf,rf,Burundi,2017,194.5,195.1,230.55266778251544,211.05370050213196,0.45
two_lag,grouped,6,M4_history_env_compact_vc_rf,rf,Burundi,2018,250.3,194.5,236.30538121813206,213.31242154815942,0.45
two_lag,grouped,6,M4_history_env_compact_vc_rf,rf,Burundi,2020,294.9,250.3,249.3317358885171,249.8642811498327,0.45
two_lag,grouped,6,M4_history_env_compact_vc_rf,rf,Equatorial Guinea,2017,343.26,349.86,329.9935621622824,340.9201029730271,0.45
two_lag,grouped,6,M4_history_env_compact_vc_rf,rf,Equatorial Guinea,2018,269.0,343.26,330.49886039482755,337.51748717767236,0.45
two_lag,grouped,6,M4_history_env_compact_vc_rf,rf,Equatorial Guinea,2020,240.8,269.0,259.9626759173555,264.93320416281,0.45
two_lag,grouped,6,M4_history_env_compact_vc_rf,rf,Gambia,2017,56.67,124.59,159.38010877921317,140.24554895064594,0.45
two_lag,grouped,6,M4_history_env_compact_vc_rf,rf,Gambia,2018,66.0,56.67,95.45629344605395,74.12383205072427,0.45
two_lag,grouped,6,M4_history_env_compact_vc_rf,rf,Gambia,2020,87.3,66.0,77.06275979725834,70.97824190876625,0.45
two_lag,grouped,6,M4_history_env_compact_vc_rf,rf,Kenya,2017,70.83,71.23,81.29171142496396,75.75777014123379,0.45
two_lag,grouped,6,M4_history_env_compact_vc_rf,rf,Kenya,2018,70.1,70.83,84.75809112337664,77.09764100551949,0.45
two_lag,grouped,6,M4_history_env_compact_vc_rf,rf,Kenya,2020,50.9,70.1,87.11917012337666,77.7586265555195,0.45
two_lag,grouped,6,M4_history_env_compact_vc_rf,rf,Mozambique,2017,337.92,338.3,330.01649121448776,334.5724210465195,0.45
two_lag,grouped,6,M4_history_env_compact_vc_rf,rf,Mozambique,2018,305.4,337.92,334.20020214738827,336.24609096632474,0.45
two_lag,grouped,6,M4_history_env_compact_vc_rf,rf,Mozambique,2020,320.2,305.4,319.43046053416816,311.71370724037564,0.45
two_lag,grouped,6,M4_history_env_compact_vc_rf,rf,Zambia,2017,203.32,204.19,219.63874905448517,211.14193707451832,0.45
two_lag,grouped,6,M4_history_env_compact_vc_rf,rf,Zambia,2018,156.7,203.32,209.51714984413996,206.108717429863,0.45
two_lag,grouped,6,M4_history_env_compact_vc_rf,rf,Zambia,2020,189.9,156.7,214.2777366301702,182.60998148357658,0.45
two_lag,grouped,6,M4_history_env_compact_vc_gb,gb,Angola,2017,154.97,155.66,185.8461455933619,169.24376551701286,0.45
two_lag,grouped,6,M4_history_env_compact_vc_gb,gb,Angola,2018,228.9,154.97,182.14502399402642,167.19876079731188,0.45
two_lag,grouped,6,M4_history_env_compact_vc_gb,gb,Angola,2020,251.6,228.9,219.73214063427025,224.7744632854216,0.45
two_lag,grouped,6,M4_history_env_compact_vc_gb,gb,Burundi,2017,194.5,195.1,231.6563955565183,211.55037800043323,0.45
two_lag,grouped,6,M4_history_env_compact_vc_gb,gb,Burundi,2018,250.3,194.5,215.84286902986256,204.10429106343815,0.45
two_lag,grouped,6,M4_history_env_compact_vc_gb,gb,Burundi,2020,294.9,250.3,243.8336608505941,247.39014738276734,0.45
two_lag,grouped,6,M4_history_env_compact_vc_gb,gb,Equatorial Guinea,2017,343.26,349.86,312.7471386931575,333.1592124119209,0.45
two_lag,grouped,6,M4_history_env_compact_vc_gb,gb,Equatorial Guinea,2018,269.0,343.26,315.746711523249,330.8790201854621,0.45
two_lag,grouped,6,M4_history_env_compact_vc_gb,gb,Equatorial Guinea,2020,240.8,269.0,237.80178135333,254.9608016089985,0.45
two_lag,grouped,6,M4_history_env_compact_vc_gb,gb,Gambia,2017,56.67,124.59,161.1001475165292,141.01956638243814,0.45
two_lag,grouped,6,M4_history_env_compact_vc_gb,gb,Gambia,2018,66.0,56.67,104.39803917840288,78.1476176302813,0.45
two_lag,grouped,6,M4_history_env_compact_vc_gb,gb,Gambia,2020,87.3,66.0,82.53900325297387,73.44255146383824,0.45
two_lag,grouped,6,M4_history_env_compact_vc_gb,gb,Kenya,2017,70.83,71.23,76.83787005706073,73.75354152567733,0.45
two_lag,grouped,6,M4_history_env_compact_vc_gb,gb,Kenya,2018,70.1,70.83,82.49681155658614,76.08006520046376,0.45
two_lag,grouped,6,M4_history_env_compact_vc_gb,gb,Kenya,2020,50.9,70.1,128.7552626307047,96.4948681838171,0.45
two_lag,grouped,6,M4_history_env_compact_vc_gb,gb,Mozambique,2017,337.92,338.3,340.4815040103223,339.28167680464503,0.45
two_lag,grouped,6,M4_history_env_compact_vc_gb,gb,Mozambique,2018,305.4,337.92,342.11614389152857,339.80826475118783,0.45
two_lag,grouped,6,M4_history_env_compact_vc_gb,gb,Mozambique,2020,320.2,305.4,318.90905966993336,311.47907685147,0.45
two_lag,grouped,6,M4_history_env_compact_vc_gb,gb,Zambia,2017,203.32,204.19,220.79682170496642,211.6630697672349,0.45
two_lag,grouped,6,M4_history_env_compact_vc_gb,gb,Zambia,2018,156.7,203.32,201.0369368485694,202.29262158185622,0.45
two_lag,grouped,6,M4_history_env_compact_vc_gb,gb,Zambia,2020,189.9,156.7,200.31592091430835,176.32716441143876,0.45
two_lag,grouped,6,M5_history_env_full_rf,rf,Angola,2017,154.97,155.66,196.87313764991873,174.20591194246342,0.45
two_lag,grouped,6,M5_history_env_full_rf,rf,Angola,2018,228.9,154.97,196.03852016559753,173.4508340745189,0.45
two_lag,grouped,6,M5_history_env_full_rf,rf,Angola,2020,251.6,228.9,212.6212059704637,221.57454268670867,0.45
two_lag,grouped,6,M5_history_env_full_rf,rf,Burundi,2017,194.5,195.1,222.37953544460296,207.37579095007132,0.45
two_lag,grouped,6,M5_history_env_full_rf,rf,Burundi,2018,250.3,194.5,234.8172118111988,212.64274531503946,0.45
two_lag,grouped,6,M5_history_env_full_rf,rf,Burundi,2020,294.9,250.3,251.56570302458783,250.86956636106453,0.45
two_lag,grouped,6,M5_history_env_full_rf,rf,Equatorial Guinea,2017,343.26,349.86,339.71411549750286,345.2943519738763,0.45
two_lag,grouped,6,M5_history_env_full_rf,rf,Equatorial Guinea,2018,269.0,343.26,328.5509386017547,336.6409223707896,0.45
two_lag,grouped,6,M5_history_env_full_rf,rf,Equatorial Guinea,2020,240.8,269.0,264.6590011223316,267.0465505050492,0.45
two_lag,grouped,6,M5_history_env_full_rf,rf,Gambia,2017,56.67,124.59,155.89085645629882,138.67538540533448,0.45
two_lag,grouped,6,M5_history_env_full_rf,rf,Gambia,2018,66.0,56.67,92.03472834432233,72.58412775494506,0.45
two_lag,grouped,6,M5_history_env_full_rf,rf,Gambia,2020,87.3,66.0,76.21413679004333,70.5963615555195,0.45
two_lag,grouped,6,M5_history_env_full_rf,rf,Kenya,2017,70.83,71.23,85.91301207792209,77.83735543506495,0.45
two_lag,grouped,6,M5_history_env_full_rf,rf,Kenya,2018,70.1,70.83,89.14238682395384,79.07057407077923,0.45
two_lag,grouped,6,M5_history_env_full_rf,rf,Kenya,2020,50.9,70.1,90.4177211731602,79.24297452792209,0.45
two_lag,grouped,6,M5_history_env_full_rf,rf,Mozambique,2017,337.92,338.3,332.68880992146217,335.77496446465796,0.45
two_lag,grouped,6,M5_history_env_full_rf,rf,Mozambique,2018,305.4,337.92,339.6246607492785,338.6870973371753,0.45
two_lag,grouped,6,M5_history_env_full_rf,rf,Mozambique,2020,320.2,305.4,325.9220611250416,314.6349275062687,0.45
two_lag,grouped,6,M5_history_env_full_rf,rf,Zambia,2017,203.32,204.19,220.90719724949548,211.71273876227298,0.45
two_lag,grouped,6,M5_history_env_full_rf,rf,Zambia,2018,156.7,203.32,218.62013051407408,210.20505873133334,0.45
two_lag,grouped,6,M5_history_env_full_rf,rf,Zambia,2020,189.9,156.7,210.0216078664865,180.69472353991893,0.45
two_lag,grouped,6,M5_history_env_full_gb,gb,Angola,2017,154.97,155.66,181.5952085708929,166.03408342835715,0.4
two_lag,grouped,6,M5_history_env_full_gb,gb,Angola,2018,228.9,154.97,188.92959778971797,168.5538391158872,0.4
two_lag,grouped,6,M5_history_env_full_gb,gb,Angola,2020,251.6,228.9,213.17823623570354,222.61129449428142,0.4
two_lag,grouped,6,M5_history_env_full_gb,gb,Burundi,2017,194.5,195.1,241.44319611855477,213.6372784474219,0.4
two_lag,grouped,6,M5_history_env_full_gb,gb,Burundi,2018,250.3,194.5,236.0715600478133,211.1286240191253,0.4
two_lag,grouped,6,M5_history_env_full_gb,gb,Burundi,2020,294.9,250.3,264.68778348393727,256.0551133935749,0.4
two_lag,grouped,6,M5_history_env_full_gb,gb,Equatorial Guinea,2017,343.26,349.86,343.78098415530854,347.4283936621234,0.4
two_lag,grouped,6,M5_history_env_full_gb,gb,Equatorial Guinea,2018,269.0,343.26,316.6596813600064,332.61987254400253,0.4
two_lag,grouped,6,M5_history_env_full_gb,gb,Equatorial Guinea,2020,240.8,269.0,250.85476647478936,261.74190658991574,0.4
two_lag,grouped,6,M5_history_env_full_gb,gb,Gambia,2017,56.67,124.59,162.18282365452552,139.6271294618102,0.4
two_lag,grouped,6,M5_history_env_full_gb,gb,Gambia,2018,66.0,56.67,102.77612301508631,75.11244920603453,0.4
two_lag,grouped,6,M5_history_env_full_gb,gb,Gambia,2020,87.3,66.0,77.04847601220493,70.41939040488197,0.4
two_lag,grouped,6,M5_history_env_full_gb,gb,Kenya,2017,70.83,71.23,97.46843865445501,81.72537546178201,0.4
two_lag,grouped,6,M5_history_env_full_gb,gb,Kenya,2018,70.1,70.83,98.42416017997414,81.86766407198965,0.4
two_lag,grouped,6,M5_history_env_full_gb,gb,Kenya,2020,50.9,70.1,144.5001015064301,99.86004060257204,0.4
two_lag,grouped,6,M5_history_env_full_gb,gb,Mozambique,2017,337.92,338.3,339.6553638186912,338.8421455274765,0.4
two_lag,grouped,6,M5_history_env_full_gb,gb,Mozambique,2018,305.4,337.92,343.3517674589731,340.09270698358927,0.4
two_lag,grouped,6,M5_history_env_full_gb,gb,Mozambique,2020,320.2,305.4,321.1203827328254,311.68815309313015,0.4
two_lag,grouped,6,M5_history_env_full_gb,gb,Zambia,2017,203.32,204.19,211.25140731965388,207.01456292786156,0.4
two_lag,grouped,6,M5_history_env_full_gb,gb,Zambia,2018,156.7,203.32,209.1375519865618,205.64702079462472,0.4
two_lag,grouped,6,M5_history_env_full_gb,gb,Zambia,2020,189.9,156.7,188.7833343670189,169.53333374680756,0.4
two_lag,grouped,6,M6_history_env_full_vc_rf,rf,Angola,2017,154.97,155.66,204.5260597874787,177.64972690436542,0.45
two_lag,grouped,6,M6_history_env_full_vc_rf,rf,Angola,2018,228.9,154.97,195.46910212682894,173.19459595707303,0.45
two_lag,grouped,6,M6_history_env_full_vc_rf,rf,Angola,2020,251.6,228.9,219.47831275139708,224.6602407381287,0.45
two_lag,grouped,6,M6_history_env_full_vc_rf,rf,Burundi,2017,194.5,195.1,224.99823670362628,208.5542065166318,0.45
two_lag,grouped,6,M6_history_env_full_vc_rf,rf,Burundi,2018,250.3,194.5,229.85073518008923,210.40783083104014,0.45
two_lag,grouped,6,M6_history_env_full_vc_rf,rf,Burundi,2020,294.9,250.3,247.71104526931057,249.13497037118975,0.45
two_lag,grouped,6,M6_history_env_full_vc_rf,rf,Equatorial Guinea,2017,343.26,349.86,333.7589014350927,342.6145056457917,0.45
two_lag,grouped,6,M6_history_env_full_vc_rf,rf,Equatorial Guinea,2018,269.0,343.26,325.2271597066333,335.14522186798496,0.45
two_lag,grouped,6,M6_history_env_full_vc_rf,rf,Equatorial Guinea,2020,240.8,269.0,261.5852040136875,265.66334180615934,0.45
two_lag,grouped,6,M6_history_env_full_vc_rf,rf,Gambia,2017,56.67,124.59,153.6397627387201,137.66239323242405,0.45
two_lag,grouped,6,M6_history_env_full_vc_rf,rf,Gambia,2018,66.0,56.67,93.93767257431449,73.44045265844153,0.45
two_lag,grouped,6,M6_history_env_full_vc_rf,rf,Gambia,2020,87.3,66.0,75.24056500000005,70.15825425000003,0.45
two_lag,grouped,6,M6_history_env_full_vc_rf,rf,Kenya,2017,70.83,71.23,84.51888638528145,77.20999887337665,0.45
two_lag,grouped,6,M6_history_env_full_vc_rf,rf,Kenya,2018,70.1,70.83,88.36128851226559,78.71907983051952,0.45
two_lag,grouped,6,M6_history_env_full_vc_rf,rf,Kenya,2020,50.9,70.1,89.04907755988462,78.62708490194808,0.45
two_lag,grouped,6,M6_history_env_full_vc_rf,rf,Mozambique,2017,337.92,338.3,330.1521118418445,334.63345032883,0.45
two_lag,grouped,6,M6_history_env_full_vc_rf,rf,Mozambique,2018,305.4,337.92,337.1499888357117,337.57349497607026,0.45
two_lag,grouped,6,M6_history_env_full_vc_rf,rf,Mozambique,2020,320.2,305.4,326.18016488495306,314.7510741982289,0.45
two_lag,grouped,6,M6_history_env_full_vc_rf,rf,Zambia,2017,203.32,204.19,224.43421175274707,213.2998952887362,0.45
two_lag,grouped,6,M6_history_env_full_vc_rf,rf,Zambia,2018,156.7,203.32,215.62030170584944,208.85513576763225,0.45
two_lag,grouped,6,M6_history_env_full_vc_rf,rf,Zambia,2020,189.9,156.7,216.15043067468133,183.4526938036066,0.45
two_lag,grouped,6,M6_history_env_full_vc_gb,gb,Angola,2017,154.97,155.66,186.79150951341435,168.11260380536575,0.4
two_lag,grouped,6,M6_history_env_full_vc_gb,gb,Angola,2018,228.9,154.97,189.412955553504,168.7471822214016,0.4
two_lag,grouped,6,M6_history_env_full_vc_gb,gb,Angola,2020,251.6,228.9,212.52454474181235,222.34981789672494,0.4
two_lag,grouped,6,M6_history_env_full_vc_gb,gb,Burundi,2017,194.5,195.1,235.38992605168613,211.21597042067444,0.4
two_lag,grouped,6,M6_history_env_full_vc_gb,gb,Burundi,2018,250.3,194.5,217.4695653730117,203.68782614920468,0.4
two_lag,grouped,6,M6_history_env_full_vc_gb,gb,Burundi,2020,294.9,250.3,246.21250259928595,248.66500103971438,0.4
two_lag,grouped,6,M6_history_env_full_vc_gb,gb,Equatorial Guinea,2017,343.26,349.86,333.0022220205981,343.11688880823925,0.4
two_lag,grouped,6,M6_history_env_full_vc_gb,gb,Equatorial Guinea,2018,269.0,343.26,310.0891583458819,329.99166333835274,0.4
two_lag,grouped,6,M6_history_env_full_vc_gb,gb,Equatorial Guinea,2020,240.8,269.0,243.5250854580393,258.81003418321575,0.4
two_lag,grouped,6,M6_history_env_full_vc_gb,gb,Gambia,2017,56.67,124.59,159.1560218405129,138.41640873620517,0.4
two_lag,grouped,6,M6_history_env_full_vc_gb,gb,Gambia,2018,66.0,56.67,102.33166838586455,74.93466735434582,0.4
two_lag,grouped,6,M6_history_env_full_vc_gb,gb,Gambia,2020,87.3,66.0,78.25511346348763,70.90204538539506,0.4
two_lag,grouped,6,M6_history_env_full_vc_gb,gb,Kenya,2017,70.83,71.23,89.06683809017582,78.36473523607033,0.4
two_lag,grouped,6,M6_history_env_full_vc_gb,gb,Kenya,2018,70.1,70.83,88.6920144759291,77.97480579037163,0.4
two_lag,grouped,6,M6_history_env_full_vc_gb,gb,Kenya,2020,50.9,70.1,133.03095307402108,95.27238122960843,0.4
two_lag,grouped,6,M6_history_env_full_vc_gb,gb,Mozambique,2017,337.92,338.3,338.9345005958136,338.55380023832544,0.4
two_lag,grouped,6,M6_history_env_full_vc_gb,gb,Mozambique,2018,305.4,337.92,343.8646539904797,340.2978615961919,0.4
two_lag,grouped,6,M6_history_env_full_vc_gb,gb,Mozambique,2020,320.2,305.4,320.06256230730486,311.26502492292195,0.4
two_lag,grouped,6,M6_history_env_full_vc_gb,gb,Zambia,2017,203.32,204.19,216.46905610709896,209.10162244283958,0.4
two_lag,grouped,6,M6_history_env_full_vc_gb,gb,Zambia,2018,156.7,203.32,199.85550962613965,201.93420385045584,0.4
two_lag,grouped,6,M6_history_env_full_vc_gb,gb,Zambia,2020,189.9,156.7,197.39086295249786,172.97634518099915,0.4
two_lag,grouped,7,M0_persistence,baseline,Benin,2017,367.91,368.57,368.57,368.57,
two_lag,grouped,7,M0_persistence,baseline,Benin,2018,386.2,367.91,367.91,367.91,
two_lag,grouped,7,M0_persistence,baseline,Benin,2020,388.3,386.2,386.2,386.2,
two_lag,grouped,7,M0_persistence,baseline,Burundi,2017,194.5,195.1,195.1,195.1,
two_lag,grouped,7,M0_persistence,baseline,Burundi,2018,250.3,194.5,194.5,194.5,
two_lag,grouped,7,M0_persistence,baseline,Burundi,2020,294.9,250.3,250.3,250.3,
two_lag,grouped,7,M0_persistence,baseline,Democratic Republic of the Congo,2017,307.62,310.59,310.59,310.59,
two_lag,grouped,7,M0_persistence,baseline,Democratic Republic of the Congo,2018,319.8,307.62,307.62,307.62,
two_lag,grouped,7,M0_persistence,baseline,Democratic Republic of the Congo,2020,324.2,319.8,319.8,319.8,
two_lag,grouped,7,M0_persistence,baseline,Malawi,2017,231.1,233.45,233.45,233.45,
two_lag,grouped,7,M0_persistence,baseline,Malawi,2018,213.6,231.1,231.1,231.1,
two_lag,grouped,7,M0_persistence,baseline,Malawi,2020,228.5,213.6,213.6,213.6,
two_lag,grouped,7,M0_persistence,baseline,Sierra Leone,2017,379.71,378.04,378.04,378.04,
two_lag,grouped,7,M0_persistence,baseline,Sierra Leone,2018,320.4,379.71,379.71,379.71,
two_lag,grouped,7,M0_persistence,baseline,Sierra Leone,2020,328.2,320.4,320.4,320.4,
two_lag,grouped,7,M0_persistence,baseline,Uganda,2017,200.66,203.09,203.09,203.09,
two_lag,grouped,7,M0_persistence,baseline,Uganda,2018,289.2,200.66,200.66,200.66,
two_lag,grouped,7,M0_persistence,baseline,Uganda,2020,283.8,289.2,289.2,289.2,
two_lag,grouped,7,M0_persistence,baseline,United Republic of Tanzania,2017,113.86,113.68,113.68,113.68,
two_lag,grouped,7,M0_persistence,baseline,United Republic of Tanzania,2018,124.3,113.86,113.86,113.86,
two_lag,grouped,7,M0_persistence,baseline,United Republic of Tanzania,2020,120.2,124.3,124.3,124.3,
two_lag,grouped,7,M1_history_rf,rf,Benin,2017,367.91,368.57,340.8104099897325,356.0781844953796,0.45
two_lag,grouped,7,M1_history_rf,rf,Benin,2018,386.2,367.91,338.3561758901653,354.6107791505744,0.45
two_lag,grouped,7,M1_history_rf,rf,Benin,2020,388.3,386.2,363.342936416639,375.9143213874876,0.45
two_lag,grouped,7,M1_history_rf,rf,Burundi,2017,194.5,195.1,231.55373996816942,211.50418298567624,0.45
two_lag,grouped,7,M1_history_rf,rf,Burundi,2018,250.3,194.5,234.86833843137282,212.66575229411777,0.45
two_lag,grouped,7,M1_history_rf,rf,Burundi,2020,294.9,250.3,254.1934752857712,252.05206387859704,0.45
two_lag,grouped,7,M1_history_rf,rf,Democratic Republic of the Congo,2017,307.62,310.59,303.05295057661783,307.198327759478,0.45
two_lag,grouped,7,M1_history_rf,rf,Democratic Republic of the Congo,2018,319.8,307.62,295.03556275678073,301.95700324055133,0.45
two_lag,grouped,7,M1_history_rf,rf,Democratic Republic of the Congo,2020,324.2,319.8,293.1274973924229,307.79737382659033,0.45
two_lag,grouped,7,M1_history_rf,rf,Malawi,2017,231.1,233.45,213.88258334439104,224.64466250497597,0.45
two_lag,grouped,7,M1_history_rf,rf,Malawi,2018,213.6,231.1,213.76384601105767,223.29873070497595,0.45
two_lag,grouped,7,M1_history_rf,rf,Malawi,2020,228.5,213.6,191.6783213753571,203.73524461891068,0.45
two_lag,grouped,7,M1_history_rf,rf,Sierra Leone,2017,379.71,378.04,361.88357260567204,370.7696076725524,0.45
two_lag,grouped,7,M1_history_rf,rf,Sierra Leone,2018,320.4,379.71,371.3774133681873,375.9603360156843,0.45
two_lag,grouped,7,M1_history_rf,rf,Sierra Leone,2020,328.2,320.4,319.0968516077811,319.8135832235015,0.45
two_lag,grouped,7,M1_history_rf,rf,Uganda,2017,200.66,203.09,195.5712180700104,199.7065481315047,0.45
two_lag,grouped,7,M1_history_rf,rf,Uganda,2018,289.2,200.66,198.73493038219826,199.7937186719892,0.45
two_lag,grouped,7,M1_history_rf,rf,Uganda,2020,283.8,289.2,266.96754112850266,279.19539350782617,0.45
two_lag,grouped,7,M1_history_rf,rf,United Republic of Tanzania,2017,113.86,113.68,89.46731089826844,102.7842899042208,0.45
two_lag,grouped,7,M1_history_rf,rf,United Republic of Tanzania,2018,124.3,113.86,90.18471867604622,103.20612340422079,0.45
two_lag,grouped,7,M1_history_rf,rf,United Republic of Tanzania,2020,120.2,124.3,107.66804416955263,116.81561987629868,0.45
two_lag,grouped,7,M1_history_gb,gb,Benin,2017,367.91,368.57,338.8878167558068,352.2447992156937,0.55
two_lag,grouped,7,M1_history_gb,gb,Benin,2018,386.2,367.91,338.8878167558068,351.94779921569375,0.55
two_lag,grouped,7,M1_history_gb,gb,Benin,2020,388.3,386.2,379.8141813423048,382.68779973826764,0.55
two_lag,grouped,7,M1_history_gb,gb,Burundi,2017,194.5,195.1,203.79071164847986,199.87989140666392,0.55
two_lag,grouped,7,M1_history_gb,gb,Burundi,2018,250.3,194.5,203.79071164847986,199.60989140666393,0.55
two_lag,grouped,7,M1_history_gb,gb,Burundi,2020,294.9,250.3,242.08710930791014,245.7829101193506,0.55
two_lag,grouped,7,M1_history_gb,gb,Democratic Republic of the Congo,2017,307.62,310.59,301.7034901959255,305.702419607759,0.55
two_lag,grouped,7,M1_history_gb,gb,Democratic Republic of the Congo,2018,319.8,307.62,295.6101699410899,301.01459346759947,0.55
two_lag,grouped,7,M1_history_gb,gb,Democratic Republic of the Congo,2020,324.2,319.8,295.6101699410899,306.49559346759946,0.55
two_lag,grouped,7,M1_history_gb,gb,Malawi,2017,231.1,233.45,225.3351376194716,228.98682569070937,0.55
two_lag,grouped,7,M1_history_gb,gb,Malawi,2018,213.6,231.1,225.3351376194716,227.92932569070936,0.55
two_lag,grouped,7,M1_history_gb,gb,Malawi,2020,228.5,213.6,194.95547652388188,203.34551208813502,0.55
two_lag,grouped,7,M1_history_gb,gb,Sierra Leone,2017,379.71,378.04,369.04403738707924,373.0922205628936,0.55
two_lag,grouped,7,M1_history_gb,gb,Sierra Leone,2018,320.4,379.71,369.04403738707924,373.84372056289357,0.55
two_lag,grouped,7,M1_history_gb,gb,Sierra Leone,2020,328.2,320.4,294.58779414353063,306.20328677894184,0.55
two_lag,grouped,7,M1_history_gb,gb,Uganda,2017,200.66,203.09,194.95547652388188,198.61601208813505,0.55
two_lag,grouped,7,M1_history_gb,gb,Uganda,2018,289.2,200.66,202.71221527044844,201.78871839874665,0.55
two_lag,grouped,7,M1_history_gb,gb,Uganda,2020,283.8,289.2,291.0520781683424,290.21864299258834,0.55
two_lag,grouped,7,M1_history_gb,gb,United Republic of Tanzania,2017,113.86,113.68,102.58410744205183,107.5772590931285,0.55
two_lag,grouped,7,M1_history_gb,gb,United Republic of Tanzania,2018,124.3,113.86,102.58410744205183,107.6582590931285,0.55
two_lag,grouped,7,M1_history_gb,gb,United Republic of Tanzania,2020,120.2,124.3,102.58410744205183,112.3562590931285,0.55
two_lag,grouped,7,M2_history_env_compact_rf,rf,Benin,2017,367.91,368.57,333.8461944302363,351.2080972151182,0.5
two_lag,grouped,7,M2_history_env_compact_rf,rf,Benin,2018,386.2,367.91,326.42890107275167,347.16945053637585,0.5
two_lag,grouped,7,M2_history_env_compact_rf,rf,Benin,2020,388.3,386.2,360.5159563089601,373.35797815448007,0.5
two_lag,grouped,7,M2_history_env_compact_rf,rf,Burundi,2017,194.5,195.1,212.66634195860382,203.8831709793019,0.5
two_lag,grouped,7,M2_history_env_compact_rf,rf,Burundi,2018,250.3,194.5,228.2396765562283,211.36983827811414,0.5
two_lag,grouped,7,M2_history_env_compact_rf,rf,Burundi,2020,294.9,250.3,253.18526127538163,251.7426306376908,0.5
two_lag,grouped,7,M2_history_env_compact_rf,rf,Democratic Republic of the Congo,2017,307.62,310.59,293.42494522652856,302.00747261326427,0.5
two_lag,grouped,7,M2_history_env_compact_rf,rf,Democratic Republic of the Congo,2018,319.8,307.62,288.2741192214227,297.94705961071134,0.5
two_lag,grouped,7,M2_history_env_compact_rf,rf,Democratic Republic of the Congo,2020,324.2,319.8,287.2274745944385,303.5137372972192,0.5
two_lag,grouped,7,M2_history_env_compact_rf,rf,Malawi,2017,231.1,233.45,225.930084261079,229.6900421305395,0.5
two_lag,grouped,7,M2_history_env_compact_rf,rf,Malawi,2018,213.6,231.1,226.34834488545468,228.72417244272734,0.5
two_lag,grouped,7,M2_history_env_compact_rf,rf,Malawi,2020,228.5,213.6,203.39606246602932,208.49803123301467,0.5
two_lag,grouped,7,M2_history_env_compact_rf,rf,Sierra Leone,2017,379.71,378.04,342.6364167027973,360.33820835139863,0.5
two_lag,grouped,7,M2_history_env_compact_rf,rf,Sierra Leone,2018,320.4,379.71,350.1963347045646,364.9531673522823,0.5
two_lag,grouped,7,M2_history_env_compact_rf,rf,Sierra Leone,2020,328.2,320.4,297.66870253900015,309.03435126950006,0.5
two_lag,grouped,7,M2_history_env_compact_rf,rf,Uganda,2017,200.66,203.09,213.8571893518821,208.47359467594106,0.5
two_lag,grouped,7,M2_history_env_compact_rf,rf,Uganda,2018,289.2,200.66,235.76290206641733,218.21145103320868,0.5
two_lag,grouped,7,M2_history_env_compact_rf,rf,Uganda,2020,283.8,289.2,273.82562923646935,281.51281461823464,0.5
two_lag,grouped,7,M2_history_env_compact_rf,rf,United Republic of Tanzania,2017,113.86,113.68,95.09735524025976,104.38867762012988,0.5
two_lag,grouped,7,M2_history_env_compact_rf,rf,United Republic of Tanzania,2018,124.3,113.86,104.51839766594517,109.18919883297258,0.5
two_lag,grouped,7,M2_history_env_compact_rf,rf,United Republic of Tanzania,2020,120.2,124.3,123.25667624607084,123.77833812303541,0.5
two_lag,grouped,7,M2_history_env_compact_gb,gb,Benin,2017,367.91,368.57,331.9338782101432,353.91555128405724,0.4
two_lag,grouped,7,M2_history_env_compact_gb,gb,Benin,2018,386.2,367.91,318.3912469785725,348.102498791429,0.4
two_lag,grouped,7,M2_history_env_compact_gb,gb,Benin,2020,388.3,386.2,359.91698938329876,375.6867957533195,0.4
two_lag,grouped,7,M2_history_env_compact_gb,gb,Burundi,2017,194.5,195.1,203.1628821344168,198.32515285376672,0.4
two_lag,grouped,7,M2_history_env_compact_gb,gb,Burundi,2018,250.3,194.5,207.2744305790715,199.6097722316286,0.4
two_lag,grouped,7,M2_history_env_compact_gb,gb,Burundi,2020,294.9,250.3,253.54566601530135,251.59826640612056,0.4
two_lag,grouped,7,M2_history_env_compact_gb,gb,Democratic Republic of the Congo,2017,307.62,310.59,265.4522763549846,292.53491054199384,0.4
two_lag,grouped,7,M2_history_env_compact_gb,gb,Democratic Republic of the Congo,2018,319.8,307.62,265.4522763549846,290.75291054199386,0.4
two_lag,grouped,7,M2_history_env_compact_gb,gb,Democratic Republic of the Congo,2020,324.2,319.8,265.4522763549846,298.06091054199385,0.4
two_lag,grouped,7,M2_history_env_compact_gb,gb,Malawi,2017,231.1,233.45,224.10788620211991,229.71315448084795,0.4
two_lag,grouped,7,M2_history_env_compact_gb,gb,Malawi,2018,213.6,231.1,224.10788620211991,228.30315448084795,0.4
two_lag,grouped,7,M2_history_env_compact_gb,gb,Malawi,2020,228.5,213.6,172.0840628166821,196.99362512667284,0.4
two_lag,grouped,7,M2_history_env_compact_gb,gb,Sierra Leone,2017,379.71,378.04,341.96966089910717,363.6118643596429,0.4
two_lag,grouped,7,M2_history_env_compact_gb,gb,Sierra Leone,2018,320.4,379.71,341.96966089910717,364.61386435964283,0.4
two_lag,grouped,7,M2_history_env_compact_gb,gb,Sierra Leone,2020,328.2,320.4,297.3547376588445,311.1818950635378,0.4
two_lag,grouped,7,M2_history_env_compact_gb,gb,Uganda,2017,200.66,203.09,190.90638841954424,198.2165553678177,0.4
two_lag,grouped,7,M2_history_env_compact_gb,gb,Uganda,2018,289.2,200.66,196.03083239543423,198.80833295817368,0.4
two_lag,grouped,7,M2_history_env_compact_gb,gb,Uganda,2020,283.8,289.2,253.2906460189523,274.8362584075809,0.4
two_lag,grouped,7,M2_history_env_compact_gb,gb,United Republic of Tanzania,2017,113.86,113.68,99.45304440186595,107.98921776074639,0.4
two_lag,grouped,7,M2_history_env_compact_gb,gb,United Republic of Tanzania,2018,124.3,113.86,109.00157969414913,111.91663187765965,0.4
two_lag,grouped,7,M2_history_env_compact_gb,gb,United Republic of Tanzania,2020,120.2,124.3,109.00157969414913,118.18063187765965,0.4
two_lag,grouped,7,M3_history_vc_rf,rf,Benin,2017,367.91,368.57,338.69697560910333,353.6334878045517,0.5
two_lag,grouped,7,M3_history_vc_rf,rf,Benin,2018,386.2,367.91,338.6325811063641,353.2712905531821,0.5
two_lag,grouped,7,M3_history_vc_rf,rf,Benin,2020,388.3,386.2,347.33625478798047,366.7681273939902,0.5
two_lag,grouped,7,M3_history_vc_rf,rf,Burundi,2017,194.5,195.1,223.7596420407354,209.42982102036768,0.5
two_lag,grouped,7,M3_history_vc_rf,rf,Burundi,2018,250.3,194.5,223.06774092792872,208.78387046396438,0.5
two_lag,grouped,7,M3_history_vc_rf,rf,Burundi,2020,294.9,250.3,243.05913732206835,246.67956866103418,0.5
two_lag,grouped,7,M3_history_vc_rf,rf,Democratic Republic of the Congo,2017,307.62,310.59,299.4239678637238,305.0069839318619,0.5
two_lag,grouped,7,M3_history_vc_rf,rf,Democratic Republic of the Congo,2018,319.8,307.62,294.60485265495555,301.1124263274778,0.5
two_lag,grouped,7,M3_history_vc_rf,rf,Democratic Republic of the Congo,2020,324.2,319.8,287.1993094436309,303.49965472181543,0.5
two_lag,grouped,7,M3_history_vc_rf,rf,Malawi,2017,231.1,233.45,224.00626115354822,228.7281305767741,0.5
two_lag,grouped,7,M3_history_vc_rf,rf,Malawi,2018,213.6,231.1,221.5122664468659,226.30613322343294,0.5
two_lag,grouped,7,M3_history_vc_rf,rf,Malawi,2020,228.5,213.6,206.1669510530042,209.88347552650208,0.5
two_lag,grouped,7,M3_history_vc_rf,rf,Sierra Leone,2017,379.71,378.04,365.31260371671806,371.676301858359,0.5
two_lag,grouped,7,M3_history_vc_rf,rf,Sierra Leone,2018,320.4,379.71,347.6692835767468,363.68964178837336,0.5
two_lag,grouped,7,M3_history_vc_rf,rf,Sierra Leone,2020,328.2,320.4,299.8483413695352,310.1241706847676,0.5
two_lag,grouped,7,M3_history_vc_rf,rf,Uganda,2017,200.66,203.09,196.28060719850475,199.6853035992524,0.5
two_lag,grouped,7,M3_history_vc_rf,rf,Uganda,2018,289.2,200.66,201.78997154853644,201.22498577426822,0.5
two_lag,grouped,7,M3_history_vc_rf,rf,Uganda,2020,283.8,289.2,277.514854730158,283.357427365079,0.5
two_lag,grouped,7,M3_history_vc_rf,rf,United Republic of Tanzania,2017,113.86,113.68,97.62625057353759,105.6531252867688,0.5
two_lag,grouped,7,M3_history_vc_rf,rf,United Republic of Tanzania,2018,124.3,113.86,97.14073057659012,105.50036528829506,0.5
two_lag,grouped,7,M3_history_vc_rf,rf,United Republic of Tanzania,2020,120.2,124.3,114.36284466514859,119.33142233257429,0.5
two_lag,grouped,7,M3_history_vc_gb,gb,Benin,2017,367.91,368.57,341.5888266684912,356.42847200082105,0.45
two_lag,grouped,7,M3_history_vc_gb,gb,Benin,2018,386.2,367.91,351.689518246584,360.61078321096284,0.45
two_lag,grouped,7,M3_history_vc_gb,gb,Benin,2020,388.3,386.2,324.2108975180051,358.30490388310227,0.45
two_lag,grouped,7,M3_history_vc_gb,gb,Burundi,2017,194.5,195.1,215.2719758518722,204.1773891333425,0.45
two_lag,grouped,7,M3_history_vc_gb,gb,Burundi,2018,250.3,194.5,204.2382322914685,198.88220453116082,0.45
two_lag,grouped,7,M3_history_vc_gb,gb,Burundi,2020,294.9,250.3,220.5354108425886,236.90593487916487,0.45
two_lag,grouped,7,M3_history_vc_gb,gb,Democratic Republic of the Congo,2017,307.62,310.59,314.8056037419769,312.48702168388957,0.45
two_lag,grouped,7,M3_history_vc_gb,gb,Democratic Republic of the Congo,2018,319.8,307.62,314.8056037419769,310.8535216838896,0.45
two_lag,grouped,7,M3_history_vc_gb,gb,Democratic Republic of the Congo,2020,324.2,319.8,279.5299357971676,301.67847110872543,0.45
two_lag,grouped,7,M3_history_vc_gb,gb,Malawi,2017,231.1,233.45,235.46411016725074,234.3563495752628,0.45
two_lag,grouped,7,M3_history_vc_gb,gb,Malawi,2018,213.6,231.1,237.02398921537034,233.76579514691664,0.45
two_lag,grouped,7,M3_history_vc_gb,gb,Malawi,2020,228.5,213.6,202.29427093433821,208.5124219204522,0.45
two_lag,grouped,7,M3_history_vc_gb,gb,Sierra Leone,2017,379.71,378.04,382.74873949967804,380.15893277485515,0.45
two_lag,grouped,7,M3_history_vc_gb,gb,Sierra Leone,2018,320.4,379.71,345.00359211859643,364.09211645336836,0.45
two_lag,grouped,7,M3_history_vc_gb,gb,Sierra Leone,2020,328.2,320.4,288.5038514541153,306.0467331543519,0.45
two_lag,grouped,7,M3_history_vc_gb,gb,Uganda,2017,200.66,203.09,191.709715794412,197.9688721074854,0.45
two_lag,grouped,7,M3_history_vc_gb,gb,Uganda,2018,289.2,200.66,202.3966957982989,201.4415131092345,0.45
two_lag,grouped,7,M3_history_vc_gb,gb,Uganda,2020,283.8,289.2,299.940104852656,294.0330471836952,0.45
two_lag,grouped,7,M3_history_vc_gb,gb,United Republic of Tanzania,2017,113.86,113.68,94.97489089404306,105.26270090231938,0.45
two_lag,grouped,7,M3_history_vc_gb,gb,United Republic of Tanzania,2018,124.3,113.86,100.00669518214723,107.62601283196625,0.45
two_lag,grouped,7,M3_history_vc_gb,gb,United Republic of Tanzania,2020,120.2,124.3,100.00669518214723,113.36801283196625,0.45
two_lag,grouped,7,M4_history_env_compact_vc_rf,rf,Benin,2017,367.91,368.57,330.26726617839984,349.41863308919994,0.5
two_lag,grouped,7,M4_history_env_compact_vc_rf,rf,Benin,2018,386.2,367.91,328.4130960829397,348.16154804146987,0.5
two_lag,grouped,7,M4_history_env_compact_vc_rf,rf,Benin,2020,388.3,386.2,349.56543497538087,367.88271748769046,0.5
two_lag,grouped,7,M4_history_env_compact_vc_rf,rf,Burundi,2017,194.5,195.1,220.63096956016017,207.86548478008007,0.5
two_lag,grouped,7,M4_history_env_compact_vc_rf,rf,Burundi,2018,250.3,194.5,228.71956121334745,211.60978060667372,0.5
two_lag,grouped,7,M4_history_env_compact_vc_rf,rf,Burundi,2020,294.9,250.3,253.76318044728026,252.03159022364014,0.5
two_lag,grouped,7,M4_history_env_compact_vc_rf,rf,Democratic Republic of the Congo,2017,307.62,310.59,299.47126923046375,305.03063461523186,0.5
two_lag,grouped,7,M4_history_env_compact_vc_rf,rf,Democratic Republic of the Congo,2018,319.8,307.62,294.8011947882394,301.2105973941197,0.5
two_lag,grouped,7,M4_history_env_compact_vc_rf,rf,Democratic Republic of the Congo,2020,324.2,319.8,290.0639364514096,304.9319682257048,0.5
two_lag,grouped,7,M4_history_env_compact_vc_rf,rf,Malawi,2017,231.1,233.45,228.50999481953042,230.9799974097652,0.5
two_lag,grouped,7,M4_history_env_compact_vc_rf,rf,Malawi,2018,213.6,231.1,224.76405189689746,227.9320259484487,0.5
two_lag,grouped,7,M4_history_env_compact_vc_rf,rf,Malawi,2020,228.5,213.6,205.38034083648898,209.49017041824447,0.5
two_lag,grouped,7,M4_history_env_compact_vc_rf,rf,Sierra Leone,2017,379.71,378.04,347.69638635381284,362.8681931769064,0.5
two_lag,grouped,7,M4_history_env_compact_vc_rf,rf,Sierra Leone,2018,320.4,379.71,345.7419528603061,362.7259764301531,0.5
two_lag,grouped,7,M4_history_env_compact_vc_rf,rf,Sierra Leone,2020,328.2,320.4,300.5196076625628,310.4598038312814,0.5
two_lag,grouped,7,M4_history_env_compact_vc_rf,rf,Uganda,2017,200.66,203.09,213.56276301055425,208.32638150527714,0.5
two_lag,grouped,7,M4_history_env_compact_vc_rf,rf,Uganda,2018,289.2,200.66,235.90329710199515,218.28164855099757,0.5
two_lag,grouped,7,M4_history_env_compact_vc_rf,rf,Uganda,2020,283.8,289.2,278.35944791769356,283.7797239588468,0.5
two_lag,grouped,7,M4_history_env_compact_vc_rf,rf,United Republic of Tanzania,2017,113.86,113.68,97.2979490552781,105.48897452763904,0.5
two_lag,grouped,7,M4_history_env_compact_vc_rf,rf,United Republic of Tanzania,2018,124.3,113.86,105.46872257548009,109.66436128774004,0.5
two_lag,grouped,7,M4_history_env_compact_vc_rf,rf,United Republic of Tanzania,2020,120.2,124.3,126.46375448906646,125.38187724453323,0.5
two_lag,grouped,7,M4_history_env_compact_vc_gb,gb,Benin,2017,367.91,368.57,328.88920668685967,350.71364300908687,0.45
two_lag,grouped,7,M4_history_env_compact_vc_gb,gb,Benin,2018,386.2,367.91,318.21886079668894,345.54898735851003,0.45
two_lag,grouped,7,M4_history_env_compact_vc_gb,gb,Benin,2020,388.3,386.2,342.51424273035116,366.54140922865804,0.45
two_lag,grouped,7,M4_history_env_compact_vc_gb,gb,Burundi,2017,194.5,195.1,200.63928857188375,197.5926798573477,0.45
two_lag,grouped,7,M4_history_env_compact_vc_gb,gb,Burundi,2018,250.3,194.5,198.07973998559532,196.1108829935179,0.45
two_lag,grouped,7,M4_history_env_compact_vc_gb,gb,Burundi,2020,294.9,250.3,236.97422987189503,244.30340344235276,0.45
two_lag,grouped,7,M4_history_env_compact_vc_gb,gb,Democratic Republic of the Congo,2017,307.62,310.59,273.4442707301337,293.8744218285602,0.45
two_lag,grouped,7,M4_history_env_compact_vc_gb,gb,Democratic Republic of the Congo,2018,319.8,307.62,273.4442707301337,292.2409218285602,0.45
two_lag,grouped,7,M4_history_env_compact_vc_gb,gb,Democratic Republic of the Congo,2020,324.2,319.8,268.90694444768485,296.8981250014582,0.45
two_lag,grouped,7,M4_history_env_compact_vc_gb,gb,Malawi,2017,231.1,233.45,227.30614100291703,230.68526345131266,0.45
two_lag,grouped,7,M4_history_env_compact_vc_gb,gb,Malawi,2018,213.6,231.1,227.93658726215185,229.67646426796833,0.45
two_lag,grouped,7,M4_history_env_compact_vc_gb,gb,Malawi,2020,228.5,213.6,173.9866202301147,195.77397910355162,0.45
two_lag,grouped,7,M4_history_env_compact_vc_gb,gb,Sierra Leone,2017,379.71,378.04,346.9056069823528,364.0295231420588,0.45
two_lag,grouped,7,M4_history_env_compact_vc_gb,gb,Sierra Leone,2018,320.4,379.71,348.1861217486562,365.52425478689526,0.45
two_lag,grouped,7,M4_history_env_compact_vc_gb,gb,Sierra Leone,2020,328.2,320.4,296.2532162230477,309.53394730037144,0.45
two_lag,grouped,7,M4_history_env_compact_vc_gb,gb,Uganda,2017,200.66,203.09,196.0037982926832,199.90120923170744,0.45
two_lag,grouped,7,M4_history_env_compact_vc_gb,gb,Uganda,2018,289.2,200.66,198.68944877630284,199.77325194933627,0.45
two_lag,grouped,7,M4_history_env_compact_vc_gb,gb,Uganda,2020,283.8,289.2,260.9534426263484,276.4890491818568,0.45
two_lag,grouped,7,M4_history_env_compact_vc_gb,gb,United Republic of Tanzania,2017,113.86,113.68,107.05702075614096,110.69965934026344,0.45
two_lag,grouped,7,M4_history_env_compact_vc_gb,gb,United Republic of Tanzania,2018,124.3,113.86,109.21619413984621,111.77028736293079,0.45
two_lag,grouped,7,M4_history_env_compact_vc_gb,gb,United Republic of Tanzania,2020,120.2,124.3,105.59127087536218,115.88107189391297,0.45
two_lag,grouped,7,M5_history_env_full_rf,rf,Benin,2017,367.91,368.57,330.6464017420094,351.50438078390425,0.45
two_lag,grouped,7,M5_history_env_full_rf,rf,Benin,2018,386.2,367.91,328.29785687834385,350.08453559525475,0.45
two_lag,grouped,7,M5_history_env_full_rf,rf,Benin,2020,388.3,386.2,351.75959668503157,370.7018185082642,0.45
two_lag,grouped,7,M5_history_env_full_rf,rf,Burundi,2017,194.5,195.1,215.59481077229475,204.32266484753262,0.45
two_lag,grouped,7,M5_history_env_full_rf,rf,Burundi,2018,250.3,194.5,223.56837972201166,207.58077087490526,0.45
two_lag,grouped,7,M5_history_env_full_rf,rf,Burundi,2020,294.9,250.3,251.20733709150326,250.70830169117647,0.45
two_lag,grouped,7,M5_history_env_full_rf,rf,Democratic Republic of the Congo,2017,307.62,310.59,292.2077939208774,302.3180072643948,0.45
two_lag,grouped,7,M5_history_env_full_rf,rf,Democratic Republic of the Congo,2018,319.8,307.62,291.9101578263901,300.55057102187556,0.45
two_lag,grouped,7,M5_history_env_full_rf,rf,Democratic Republic of the Congo,2020,324.2,319.8,287.1462833797258,305.10582752087663,0.45
two_lag,grouped,7,M5_history_env_full_rf,rf,Malawi,2017,231.1,233.45,230.68976806753372,232.20789563039017,0.45
two_lag,grouped,7,M5_history_env_full_rf,rf,Malawi,2018,213.6,231.1,229.70868960910323,230.47391032409644,0.45
two_lag,grouped,7,M5_history_env_full_rf,rf,Malawi,2020,228.5,213.6,204.86428586037977,209.6689286371709,0.45
two_lag,grouped,7,M5_history_env_full_rf,rf,Sierra Leone,2017,379.71,378.04,337.0973911865301,359.61582603393856,0.45
two_lag,grouped,7,M5_history_env_full_rf,rf,Sierra Leone,2018,320.4,379.71,343.73225979467924,363.5200169076056,0.45
two_lag,grouped,7,M5_history_env_full_rf,rf,Sierra Leone,2020,328.2,320.4,304.13990755225467,313.08295839851456,0.45
two_lag,grouped,7,M5_history_env_full_rf,rf,Uganda,2017,200.66,203.09,208.70981139805772,205.61891512912598,0.45
two_lag,grouped,7,M5_history_env_full_rf,rf,Uganda,2018,289.2,200.66,220.02088535932867,209.3723984116979,0.45
two_lag,grouped,7,M5_history_env_full_rf,rf,Uganda,2020,283.8,289.2,274.12488227483055,282.41619702367376,0.45
two_lag,grouped,7,M5_history_env_full_rf,rf,United Republic of Tanzania,2017,113.86,113.68,93.4838810497836,104.59174647240263,0.45
two_lag,grouped,7,M5_history_env_full_rf,rf,United Republic of Tanzania,2018,124.3,113.86,104.65330524386732,109.7169873597403,0.45
two_lag,grouped,7,M5_history_env_full_rf,rf,United Republic of Tanzania,2020,120.2,124.3,126.14364521983568,125.12964034892605,0.45
two_lag,grouped,7,M5_history_env_full_gb,gb,Benin,2017,367.91,368.57,334.49051827451035,354.9382073098041,0.4
two_lag,grouped,7,M5_history_env_full_gb,gb,Benin,2018,386.2,367.91,330.80716135057895,353.0688645402316,0.4
two_lag,grouped,7,M5_history_env_full_gb,gb,Benin,2020,388.3,386.2,364.1700429030587,377.38801716122344,0.4
two_lag,grouped,7,M5_history_env_full_gb,gb,Burundi,2017,194.5,195.1,213.31908069946624,202.3876322797865,0.4
two_lag,grouped,7,M5_history_env_full_gb,gb,Burundi,2018,250.3,194.5,195.9860475962844,195.09441903851376,0.4
two_lag,grouped,7,M5_history_env_full_gb,gb,Burundi,2020,294.9,250.3,245.56805131328397,248.4072205253136,0.4
two_lag,grouped,7,M5_history_env_full_gb,gb,Democratic Republic of the Congo,2017,307.62,310.59,266.99990533550846,293.15396213420337,0.4
two_lag,grouped,7,M5_history_env_full_gb,gb,Democratic Republic of the Congo,2018,319.8,307.62,266.3020339660985,291.09281358643943,0.4
two_lag,grouped,7,M5_history_env_full_gb,gb,Democratic Republic of the Congo,2020,324.2,319.8,290.8265928491094,308.2106371396438,0.4
two_lag,grouped,7,M5_history_env_full_gb,gb,Malawi,2017,231.1,233.45,228.13689574783325,231.3247582991333,0.4
two_lag,grouped,7,M5_history_env_full_gb,gb,Malawi,2018,213.6,231.1,228.13689574783325,229.9147582991333,0.4
two_lag,grouped,7,M5_history_env_full_gb,gb,Malawi,2020,228.5,213.6,171.63194787509815,196.81277915003926,0.4
two_lag,grouped,7,M5_history_env_full_gb,gb,Sierra Leone,2017,379.71,378.04,343.763258777677,364.3293035110708,0.4
two_lag,grouped,7,M5_history_env_full_gb,gb,Sierra Leone,2018,320.4,379.71,349.302432758214,367.5469731032856,0.4
two_lag,grouped,7,M5_history_env_full_gb,gb,Sierra Leone,2020,328.2,320.4,299.88731541927535,312.19492616771015,0.4
two_lag,grouped,7,M5_history_env_full_gb,gb,Uganda,2017,200.66,203.09,200.3268998456927,201.98475993827708,0.4
two_lag,grouped,7,M5_history_env_full_gb,gb,Uganda,2018,289.2,200.66,173.71741144784002,189.882964579136,0.4
two_lag,grouped,7,M5_history_env_full_gb,gb,Uganda,2020,283.8,289.2,254.11973198364282,275.1678927934571,0.4
two_lag,grouped,7,M5_history_env_full_gb,gb,United Republic of Tanzania,2017,113.86,113.68,113.9187710436303,113.77550841745213,0.4
two_lag,grouped,7,M5_history_env_full_gb,gb,United Republic of Tanzania,2018,124.3,113.86,107.04257613826317,111.13303045530527,0.4
two_lag,grouped,7,M5_history_env_full_gb,gb,United Republic of Tanzania,2020,120.2,124.3,107.04257613826317,117.39703045530527,0.4
two_lag,grouped,7,M6_history_env_full_vc_rf,rf,Benin,2017,367.91,368.57,330.05461668156204,349.312308340781,0.5
two_lag,grouped,7,M6_history_env_full_vc_rf,rf,Benin,2018,386.2,367.91,329.4311014410803,348.6705507205402,0.5
two_lag,grouped,7,M6_history_env_full_vc_rf,rf,Benin,2020,388.3,386.2,346.09403709498343,366.1470185474917,0.5
two_lag,grouped,7,M6_history_env_full_vc_rf,rf,Burundi,2017,194.5,195.1,215.65242486587042,205.3762124329352,0.5
two_lag,grouped,7,M6_history_env_full_vc_rf,rf,Burundi,2018,250.3,194.5,220.33453154513566,207.41726577256782,0.5
two_lag,grouped,7,M6_history_env_full_vc_rf,rf,Burundi,2020,294.9,250.3,251.98437791385317,251.1421889569266,0.5
two_lag,grouped,7,M6_history_env_full_vc_rf,rf,Democratic Republic of the Congo,2017,307.62,310.59,298.3159712752738,304.45298563763686,0.5
two_lag,grouped,7,M6_history_env_full_vc_rf,rf,Democratic Republic of the Congo,2018,319.8,307.62,294.30672938996616,300.96336469498306,0.5
two_lag,grouped,7,M6_history_env_full_vc_rf,rf,Democratic Republic of the Congo,2020,324.2,319.8,289.6299870198085,304.7149935099043,0.5
two_lag,grouped,7,M6_history_env_full_vc_rf,rf,Malawi,2017,231.1,233.45,229.26022300849905,231.35511150424952,0.5
two_lag,grouped,7,M6_history_env_full_vc_rf,rf,Malawi,2018,213.6,231.1,225.0245380835351,228.06226904176754,0.5
two_lag,grouped,7,M6_history_env_full_vc_rf,rf,Malawi,2020,228.5,213.6,204.5283289231398,209.0641644615699,0.5
two_lag,grouped,7,M6_history_env_full_vc_rf,rf,Sierra Leone,2017,379.71,378.04,343.1711220005809,360.60556100029044,0.5
two_lag,grouped,7,M6_history_env_full_vc_rf,rf,Sierra Leone,2018,320.4,379.71,345.827228366382,362.76861418319095,0.5
two_lag,grouped,7,M6_history_env_full_vc_rf,rf,Sierra Leone,2020,328.2,320.4,298.95305145029477,309.67652572514737,0.5
two_lag,grouped,7,M6_history_env_full_vc_rf,rf,Uganda,2017,200.66,203.09,201.98040712625735,202.53520356312868,0.5
two_lag,grouped,7,M6_history_env_full_vc_rf,rf,Uganda,2018,289.2,200.66,220.4571106301476,210.55855531507382,0.5
two_lag,grouped,7,M6_history_env_full_vc_rf,rf,Uganda,2020,283.8,289.2,278.6330701876158,283.91653509380785,0.5
two_lag,grouped,7,M6_history_env_full_vc_rf,rf,United Republic of Tanzania,2017,113.86,113.68,93.45567022655123,103.56783511327562,0.5
two_lag,grouped,7,M6_history_env_full_vc_rf,rf,United Republic of Tanzania,2018,124.3,113.86,103.12220635064936,108.49110317532468,0.5
two_lag,grouped,7,M6_history_env_full_vc_rf,rf,United Republic of Tanzania,2020,120.2,124.3,121.214579053169,122.7572895265845,0.5
two_lag,grouped,7,M6_history_env_full_vc_gb,gb,Benin,2017,367.91,368.57,331.1180942767895,353.5892377107158,0.4
two_lag,grouped,7,M6_history_env_full_vc_gb,gb,Benin,2018,386.2,367.91,334.7731069122042,354.6552427648817,0.4
two_lag,grouped,7,M6_history_env_full_vc_gb,gb,Benin,2020,388.3,386.2,349.65734745369576,371.5829389814783,0.4
two_lag,grouped,7,M6_history_env_full_vc_gb,gb,Burundi,2017,194.5,195.1,211.17994224004747,201.531976896019,0.4
two_lag,grouped,7,M6_history_env_full_vc_gb,gb,Burundi,2018,250.3,194.5,193.42990041918972,194.07196016767588,0.4
two_lag,grouped,7,M6_history_env_full_vc_gb,gb,Burundi,2020,294.9,250.3,237.77919508137157,245.29167803254865,0.4
two_lag,grouped,7,M6_history_env_full_vc_gb,gb,Democratic Republic of the Congo,2017,307.62,310.59,272.287063632355,295.268825452942,0.4
two_lag,grouped,7,M6_history_env_full_vc_gb,gb,Democratic Republic of the Congo,2018,319.8,307.62,271.63151251507503,293.22460500603,0.4
two_lag,grouped,7,M6_history_env_full_vc_gb,gb,Democratic Republic of the Congo,2020,324.2,319.8,294.6160060271603,309.7264024108641,0.4
two_lag,grouped,7,M6_history_env_full_vc_gb,gb,Malawi,2017,231.1,233.45,232.64233740303348,233.12693496121338,0.4
two_lag,grouped,7,M6_history_env_full_vc_gb,gb,Malawi,2018,213.6,231.1,232.64233740303348,231.71693496121338,0.4
two_lag,grouped,7,M6_history_env_full_vc_gb,gb,Malawi,2020,228.5,213.6,172.10263227236612,197.00105290894643,0.4
two_lag,grouped,7,M6_history_env_full_vc_gb,gb,Sierra Leone,2017,379.71,378.04,347.9021087170047,365.9848434868019,0.4
two_lag,grouped,7,M6_history_env_full_vc_gb,gb,Sierra Leone,2018,320.4,379.71,352.59605843846356,368.8644233753854,0.4
two_lag,grouped,7,M6_history_env_full_vc_gb,gb,Sierra Leone,2020,328.2,320.4,297.497787419722,311.2391149678888,0.4
two_lag,grouped,7,M6_history_env_full_vc_gb,gb,Uganda,2017,200.66,203.09,197.05239995884634,200.67495998353854,0.4
two_lag,grouped,7,M6_history_env_full_vc_gb,gb,Uganda,2018,289.2,200.66,172.87156168797367,189.54462467518945,0.4
two_lag,grouped,7,M6_history_env_full_vc_gb,gb,Uganda,2020,283.8,289.2,257.6320461553293,276.5728184621317,0.4
two_lag,grouped,7,M6_history_env_full_vc_gb,gb,United Republic of Tanzania,2017,113.86,113.68,118.2561654755333,115.51046619021332,0.4
two_lag,grouped,7,M6_history_env_full_vc_gb,gb,United Republic of Tanzania,2018,124.3,113.86,108.31824024059549,111.64329609623819,0.4
two_lag,grouped,7,M6_history_env_full_vc_gb,gb,United Republic of Tanzania,2020,120.2,124.3,104.77117940637378,116.48847176254951,0.4
two_lag,grouped,8,M0_persistence,baseline,Burkina Faso,2017,411.99,411.62,411.62,411.62,
two_lag,grouped,8,M0_persistence,baseline,Burkina Faso,2018,398.7,411.99,411.99,411.99,
two_lag,grouped,8,M0_persistence,baseline,Burkina Faso,2020,389.9,398.7,398.7,398.7,
two_lag,grouped,8,M0_persistence,baseline,Congo,2017,197.63,201.08,201.08,201.08,
two_lag,grouped,8,M0_persistence,baseline,Congo,2018,235.1,197.63,197.63,197.63,
two_lag,grouped,8,M0_persistence,baseline,Congo,2020,213.2,235.1,235.1,235.1,
two_lag,grouped,8,M0_persistence,baseline,Democratic Republic of the Congo,2017,307.62,310.59,310.59,310.59,
two_lag,grouped,8,M0_persistence,baseline,Democratic Republic of the Congo,2018,319.8,307.62,307.62,307.62,
two_lag,grouped,8,M0_persistence,baseline,Democratic Republic of the Congo,2020,324.2,319.8,319.8,319.8,
two_lag,grouped,8,M0_persistence,baseline,Kenya,2017,70.83,71.23,71.23,71.23,
two_lag,grouped,8,M0_persistence,baseline,Kenya,2018,70.1,70.83,70.83,70.83,
two_lag,grouped,8,M0_persistence,baseline,Kenya,2020,50.9,70.1,70.1,70.1,
two_lag,grouped,8,M0_persistence,baseline,South Sudan,2017,141.68,142.2,142.2,142.2,
two_lag,grouped,8,M0_persistence,baseline,South Sudan,2018,235.9,141.68,141.68,141.68,
two_lag,grouped,8,M0_persistence,baseline,South Sudan,2020,286.9,235.9,235.9,235.9,
two_lag,grouped,8,M0_persistence,baseline,Togo,2017,370.86,376.39,376.39,376.39,
two_lag,grouped,8,M0_persistence,baseline,Togo,2018,267.3,370.86,370.86,370.86,
two_lag,grouped,8,M0_persistence,baseline,Togo,2020,228.9,267.3,267.3,267.3,
two_lag,grouped,8,M0_persistence,baseline,Zambia,2017,203.32,204.19,204.19,204.19,
two_lag,grouped,8,M0_persistence,baseline,Zambia,2018,156.7,203.32,203.32,203.32,
two_lag,grouped,8,M0_persistence,baseline,Zambia,2020,189.9,156.7,156.7,156.7,
two_lag,grouped,8,M1_history_rf,rf,Burkina Faso,2017,411.99,411.62,372.46982343436645,395.9599293737466,0.4
two_lag,grouped,8,M1_history_rf,rf,Burkina Faso,2018,398.7,411.99,372.46982343436645,396.1819293737466,0.4
two_lag,grouped,8,M1_history_rf,rf,Burkina Faso,2020,389.9,398.7,372.46982343436645,388.2079293737466,0.4
two_lag,grouped,8,M1_history_rf,rf,Congo,2017,197.63,201.08,224.29182503785586,210.36473001514236,0.4
two_lag,grouped,8,M1_history_rf,rf,Congo,2018,235.1,197.63,237.19277423829448,213.4551096953178,0.4
two_lag,grouped,8,M1_history_rf,rf,Congo,2020,213.2,235.1,250.85077402999107,241.40030961199642,0.4
two_lag,grouped,8,M1_history_rf,rf,Democratic Republic of the Congo,2017,307.62,310.59,307.17218736428293,309.22287494571316,0.4
two_lag,grouped,8,M1_history_rf,rf,Democratic Republic of the Congo,2018,319.8,307.62,296.5749733978604,303.20198935914414,0.4
two_lag,grouped,8,M1_history_rf,rf,Democratic Republic of the Congo,2020,324.2,319.8,295.40126926943316,310.04050770777326,0.4
two_lag,grouped,8,M1_history_rf,rf,Kenya,2017,70.83,71.23,77.72910163347758,73.82964065339104,0.4
two_lag,grouped,8,M1_history_rf,rf,Kenya,2018,70.1,70.83,77.45431830014425,73.4797273200577,0.4
two_lag,grouped,8,M1_history_rf,rf,Kenya,2020,50.9,70.1,77.2051488455988,72.94205953823952,0.4
two_lag,grouped,8,M1_history_rf,rf,South Sudan,2017,141.68,142.2,199.36070321795054,165.06428128718022,0.4
two_lag,grouped,8,M1_history_rf,rf,South Sudan,2018,235.9,141.68,197.56975181391016,164.03590072556406,0.4
two_lag,grouped,8,M1_history_rf,rf,South Sudan,2020,286.9,235.9,230.3904267420551,233.69617069682204,0.4
two_lag,grouped,8,M1_history_rf,rf,Togo,2017,370.86,376.39,361.93239155233204,370.6069566209328,0.4
two_lag,grouped,8,M1_history_rf,rf,Togo,2018,267.3,370.86,365.04102100632235,368.532408402529,0.4
two_lag,grouped,8,M1_history_rf,rf,Togo,2020,228.9,267.3,296.01205717454735,278.7848228698189,0.4
two_lag,grouped,8,M1_history_rf,rf,Zambia,2017,203.32,204.19,218.74371266556147,210.0114850662246,0.4
two_lag,grouped,8,M1_history_rf,rf,Zambia,2018,156.7,203.32,223.64729864463794,211.45091945785518,0.4
two_lag,grouped,8,M1_history_rf,rf,Zambia,2020,189.9,156.7,213.7057238515734,179.50228954062936,0.4
two_lag,grouped,8,M1_history_gb,gb,Burkina Faso,2017,411.99,411.62,394.11798844637684,403.74409480086956,0.45
two_lag,grouped,8,M1_history_gb,gb,Burkina Faso,2018,398.7,411.99,394.11798844637684,403.9475948008696,0.45
two_lag,grouped,8,M1_history_gb,gb,Burkina Faso,2020,389.9,398.7,394.11798844637684,396.63809480086957,0.45
two_lag,grouped,8,M1_history_gb,gb,Congo,2017,197.63,201.08,219.90312523771132,209.55040635697011,0.45
two_lag,grouped,8,M1_history_gb,gb,Congo,2018,235.1,197.63,230.3897208721268,212.37187439245704,0.45
two_lag,grouped,8,M1_history_gb,gb,Congo,2020,213.2,235.1,234.89033867914526,235.00565240561536,0.45
two_lag,grouped,8,M1_history_gb,gb,Democratic Republic of the Congo,2017,307.62,310.59,302.9331134273965,307.1444010423284,0.45
two_lag,grouped,8,M1_history_gb,gb,Democratic Republic of the Congo,2018,319.8,307.62,299.3395809301844,303.89381141858297,0.45
two_lag,grouped,8,M1_history_gb,gb,Democratic Republic of the Congo,2020,324.2,319.8,299.3395809301844,310.592811418583,0.45
two_lag,grouped,8,M1_history_gb,gb,Kenya,2017,70.83,71.23,84.38262525813153,77.1486813661592,0.45
two_lag,grouped,8,M1_history_gb,gb,Kenya,2018,70.1,70.83,84.38262525813153,76.92868136615918,0.45
two_lag,grouped,8,M1_history_gb,gb,Kenya,2020,50.9,70.1,84.38262525813153,76.52718136615918,0.45
two_lag,grouped,8,M1_history_gb,gb,South Sudan,2017,141.68,142.2,196.659086341012,166.7065888534554,0.45
two_lag,grouped,8,M1_history_gb,gb,South Sudan,2018,235.9,141.68,198.55048497995594,167.2717182409802,0.45
two_lag,grouped,8,M1_history_gb,gb,South Sudan,2020,286.9,235.9,232.28467384322764,234.27310322945243,0.45
two_lag,grouped,8,M1_history_gb,gb,Togo,2017,370.86,376.39,360.88552819495567,369.41298768773004,0.45
two_lag,grouped,8,M1_history_gb,gb,Togo,2018,267.3,370.86,362.41249843031835,367.0586242936433,0.45
two_lag,grouped,8,M1_history_gb,gb,Togo,2020,228.9,267.3,261.0661570517358,264.4947706732811,0.45
two_lag,grouped,8,M1_history_gb,gb,Zambia,2017,203.32,204.19,219.90312523771132,211.26090635697008,0.45
two_lag,grouped,8,M1_history_gb,gb,Zambia,2018,156.7,203.32,219.90312523771132,210.78240635697009,0.45
two_lag,grouped,8,M1_history_gb,gb,Zambia,2020,189.9,156.7,194.1595139413552,173.55678127360983,0.45
two_lag,grouped,8,M2_history_env_compact_rf,rf,Burkina Faso,2017,411.99,411.62,388.18180833399924,401.07281375029964,0.45
two_lag,grouped,8,M2_history_env_compact_rf,rf,Burkina Faso,2018,398.7,411.99,389.1916353318349,401.73073589932574,0.45
two_lag,grouped,8,M2_history_env_compact_rf,rf,Burkina Faso,2020,389.9,398.7,389.17551281596184,394.4139807671828,0.45
two_lag,grouped,8,M2_history_env_compact_rf,rf,Congo,2017,197.63,201.08,225.024541478006,211.8550436651027,0.45
two_lag,grouped,8,M2_history_env_compact_rf,rf,Congo,2018,235.1,197.63,238.07952008437172,215.83228403796727,0.45
two_lag,grouped,8,M2_history_env_compact_rf,rf,Congo,2020,213.2,235.1,246.05592387319402,240.0301657429373,0.45
two_lag,grouped,8,M2_history_env_compact_rf,rf,Democratic Republic of the Congo,2017,307.62,310.59,294.981402155067,303.56613096978015,0.45
two_lag,grouped,8,M2_history_env_compact_rf,rf,Democratic Republic of the Congo,2018,319.8,307.62,292.7856141400819,300.94452636303686,0.45
two_lag,grouped,8,M2_history_env_compact_rf,rf,Democratic Republic of the Congo,2020,324.2,319.8,293.00732078205107,307.743294351923,0.45
two_lag,grouped,8,M2_history_env_compact_rf,rf,Kenya,2017,70.83,71.23,80.86212057287159,75.56445425779222,0.45
two_lag,grouped,8,M2_history_env_compact_rf,rf,Kenya,2018,70.1,70.83,90.99473341847047,79.9041300383117,0.45
two_lag,grouped,8,M2_history_env_compact_rf,rf,Kenya,2020,50.9,70.1,89.03461751370861,78.62057788116887,0.45
two_lag,grouped,8,M2_history_env_compact_rf,rf,South Sudan,2017,141.68,142.2,182.05978997689505,160.13690548960275,0.45
two_lag,grouped,8,M2_history_env_compact_rf,rf,South Sudan,2018,235.9,141.68,172.28405511675518,155.45182480253985,0.45
two_lag,grouped,8,M2_history_env_compact_rf,rf,South Sudan,2020,286.9,235.9,213.1554587066302,225.6649564179836,0.45
two_lag,grouped,8,M2_history_env_compact_rf,rf,Togo,2017,370.86,376.39,388.4050123447662,381.7967555551448,0.45
two_lag,grouped,8,M2_history_env_compact_rf,rf,Togo,2018,267.3,370.86,384.04222779498264,376.7920025077422,0.45
two_lag,grouped,8,M2_history_env_compact_rf,rf,Togo,2020,228.9,267.3,277.2764017748145,271.7893807986665,0.45
two_lag,grouped,8,M2_history_env_compact_rf,rf,Zambia,2017,203.32,204.19,228.42495959743547,215.09573181884596,0.45
two_lag,grouped,8,M2_history_env_compact_rf,rf,Zambia,2018,156.7,203.32,224.07748172339285,212.66086677552678,0.45
two_lag,grouped,8,M2_history_env_compact_rf,rf,Zambia,2020,189.9,156.7,209.5292667397451,180.4731700328853,0.45
two_lag,grouped,8,M2_history_env_compact_gb,gb,Burkina Faso,2017,411.99,411.62,383.3256042640774,397.47280213203874,0.5
two_lag,grouped,8,M2_history_env_compact_gb,gb,Burkina Faso,2018,398.7,411.99,383.11429771632976,397.55214885816486,0.5
two_lag,grouped,8,M2_history_env_compact_gb,gb,Burkina Faso,2020,389.9,398.7,383.11429771632976,390.9071488581649,0.5
two_lag,grouped,8,M2_history_env_compact_gb,gb,Congo,2017,197.63,201.08,210.0868694685988,205.5834347342994,0.5
two_lag,grouped,8,M2_history_env_compact_gb,gb,Congo,2018,235.1,197.63,239.64913587803528,218.63956793901764,0.5
two_lag,grouped,8,M2_history_env_compact_gb,gb,Congo,2020,213.2,235.1,238.81935303501263,236.9596765175063,0.5
two_lag,grouped,8,M2_history_env_compact_gb,gb,Democratic Republic of the Congo,2017,307.62,310.59,287.1913392659218,298.8906696329609,0.5
two_lag,grouped,8,M2_history_env_compact_gb,gb,Democratic Republic of the Congo,2018,319.8,307.62,287.1913392659218,297.4056696329609,0.5
two_lag,grouped,8,M2_history_env_compact_gb,gb,Democratic Republic of the Congo,2020,324.2,319.8,287.1913392659218,303.4956696329609,0.5
two_lag,grouped,8,M2_history_env_compact_gb,gb,Kenya,2017,70.83,71.23,99.61649945854893,85.42324972927446,0.5
two_lag,grouped,8,M2_history_env_compact_gb,gb,Kenya,2018,70.1,70.83,106.05749581750736,88.44374790875368,0.5
two_lag,grouped,8,M2_history_env_compact_gb,gb,Kenya,2020,50.9,70.1,115.85037055906521,92.97518527953261,0.5
two_lag,grouped,8,M2_history_env_compact_gb,gb,South Sudan,2017,141.68,142.2,183.11229505317448,162.65614752658723,0.5
two_lag,grouped,8,M2_history_env_compact_gb,gb,South Sudan,2018,235.9,141.68,177.08080753411977,159.38040376705987,0.5
two_lag,grouped,8,M2_history_env_compact_gb,gb,South Sudan,2020,286.9,235.9,196.21461038476633,216.05730519238318,0.5
two_lag,grouped,8,M2_history_env_compact_gb,gb,Togo,2017,370.86,376.39,380.65452683772276,378.52226341886137,0.5
two_lag,grouped,8,M2_history_env_compact_gb,gb,Togo,2018,267.3,370.86,378.9735381639263,374.91676908196314,0.5
two_lag,grouped,8,M2_history_env_compact_gb,gb,Togo,2020,228.9,267.3,247.6836275068701,257.49181375343505,0.5
two_lag,grouped,8,M2_history_env_compact_gb,gb,Zambia,2017,203.32,204.19,224.49499152157998,214.34249576078997,0.5
two_lag,grouped,8,M2_history_env_compact_gb,gb,Zambia,2018,156.7,203.32,213.02424418297826,208.17212209148914,0.5
two_lag,grouped,8,M2_history_env_compact_gb,gb,Zambia,2020,189.9,156.7,206.00822534346128,181.35411267173063,0.5
two_lag,grouped,8,M3_history_vc_rf,rf,Burkina Faso,2017,411.99,411.62,390.1591619348977,403.03566477395907,0.4
two_lag,grouped,8,M3_history_vc_rf,rf,Burkina Faso,2018,398.7,411.99,390.1591619348977,403.2576647739591,0.4
two_lag,grouped,8,M3_history_vc_rf,rf,Burkina Faso,2020,389.9,398.7,390.1591619348977,395.28366477395906,0.4
two_lag,grouped,8,M3_history_vc_rf,rf,Congo,2017,197.63,201.08,231.61243392195058,213.29297356878024,0.4
two_lag,grouped,8,M3_history_vc_rf,rf,Congo,2018,235.1,197.63,251.56928244231244,219.20571297692499,0.4
two_lag,grouped,8,M3_history_vc_rf,rf,Congo,2020,213.2,235.1,256.1774061833244,243.53096247332977,0.4
two_lag,grouped,8,M3_history_vc_rf,rf,Democratic Republic of the Congo,2017,307.62,310.59,308.49953617671207,309.7538144706848,0.4
two_lag,grouped,8,M3_history_vc_rf,rf,Democratic Republic of the Congo,2018,319.8,307.62,300.7015119326505,304.8526047730602,0.4
two_lag,grouped,8,M3_history_vc_rf,rf,Democratic Republic of the Congo,2020,324.2,319.8,294.4631987590985,309.6652795036394,0.4
two_lag,grouped,8,M3_history_vc_rf,rf,Kenya,2017,70.83,71.23,64.66328283943831,68.60331313577532,0.4
two_lag,grouped,8,M3_history_vc_rf,rf,Kenya,2018,70.1,70.83,64.44359250754799,68.27543700301919,0.4
two_lag,grouped,8,M3_history_vc_rf,rf,Kenya,2020,50.9,70.1,63.67118669802419,67.52847467920967,0.4
two_lag,grouped,8,M3_history_vc_rf,rf,South Sudan,2017,141.68,142.2,166.07667486827046,151.75066994730818,0.4
two_lag,grouped,8,M3_history_vc_rf,rf,South Sudan,2018,235.9,141.68,162.51550767118977,150.01420306847592,0.4
two_lag,grouped,8,M3_history_vc_rf,rf,South Sudan,2020,286.9,235.9,207.13354998246194,224.39341999298478,0.4
two_lag,grouped,8,M3_history_vc_rf,rf,Togo,2017,370.86,376.39,371.42748824608714,374.40499529843487,0.4
two_lag,grouped,8,M3_history_vc_rf,rf,Togo,2018,267.3,370.86,370.14829466472423,370.5753178658897,0.4
two_lag,grouped,8,M3_history_vc_rf,rf,Togo,2020,228.9,267.3,266.9442206831584,267.1576882732634,0.4
two_lag,grouped,8,M3_history_vc_rf,rf,Zambia,2017,203.32,204.19,238.0543653236561,217.73574612946243,0.4
two_lag,grouped,8,M3_history_vc_rf,rf,Zambia,2018,156.7,203.32,218.65321419915708,209.45328567966283,0.4
two_lag,grouped,8,M3_history_vc_rf,rf,Zambia,2020,189.9,156.7,227.32962608385193,184.95185043354076,0.4
two_lag,grouped,8,M3_history_vc_gb,gb,Burkina Faso,2017,411.99,411.62,377.5433642432436,396.2855139094596,0.45
two_lag,grouped,8,M3_history_vc_gb,gb,Burkina Faso,2018,398.7,411.99,377.5433642432436,396.48901390945963,0.45
two_lag,grouped,8,M3_history_vc_gb,gb,Burkina Faso,2020,389.9,398.7,377.5433642432436,389.1795139094596,0.45
two_lag,grouped,8,M3_history_vc_gb,gb,Congo,2017,197.63,201.08,234.50184151132868,216.11982868009792,0.45
two_lag,grouped,8,M3_history_vc_gb,gb,Congo,2018,235.1,197.63,243.25171862577957,218.15977338160081,0.45
two_lag,grouped,8,M3_history_vc_gb,gb,Congo,2020,213.2,235.1,241.81294586858,238.120825640861,0.45
two_lag,grouped,8,M3_history_vc_gb,gb,Democratic Republic of the Congo,2017,307.62,310.59,316.57045783046493,313.2812060237092,0.45
two_lag,grouped,8,M3_history_vc_gb,gb,Democratic Republic of the Congo,2018,319.8,307.62,313.4841786102098,310.2588803745944,0.45
two_lag,grouped,8,M3_history_vc_gb,gb,Democratic Republic of the Congo,2020,324.2,319.8,293.92954340282716,308.15829453127225,0.45
two_lag,grouped,8,M3_history_vc_gb,gb,Kenya,2017,70.83,71.23,66.00045388949518,68.87670425027284,0.45
two_lag,grouped,8,M3_history_vc_gb,gb,Kenya,2018,70.1,70.83,66.00045388949518,68.65670425027282,0.45
two_lag,grouped,8,M3_history_vc_gb,gb,Kenya,2020,50.9,70.1,66.00045388949518,68.25520425027283,0.45
two_lag,grouped,8,M3_history_vc_gb,gb,South Sudan,2017,141.68,142.2,178.5975311781137,158.57888903015117,0.45
two_lag,grouped,8,M3_history_vc_gb,gb,South Sudan,2018,235.9,141.68,178.27845928148858,158.14930667666988,0.45
two_lag,grouped,8,M3_history_vc_gb,gb,South Sudan,2020,286.9,235.9,199.62934781755862,219.57820651790138,0.45
two_lag,grouped,8,M3_history_vc_gb,gb,Togo,2017,370.86,376.39,362.897511372661,370.3183801176974,0.45
two_lag,grouped,8,M3_history_vc_gb,gb,Togo,2018,267.3,370.86,372.99065714643984,371.8187957158979,0.45
two_lag,grouped,8,M3_history_vc_gb,gb,Togo,2020,228.9,267.3,272.7686980942708,269.7609141424219,0.45
two_lag,grouped,8,M3_history_vc_gb,gb,Zambia,2017,203.32,204.19,234.88015734459057,218.00057080506576,0.45
two_lag,grouped,8,M3_history_vc_gb,gb,Zambia,2018,156.7,203.32,206.00793930133955,204.5295726856028,0.45
two_lag,grouped,8,M3_history_vc_gb,gb,Zambia,2020,189.9,156.7,216.55183021763548,183.63332359793597,0.45
two_lag,grouped,8,M4_history_env_compact_vc_rf,rf,Burkina Faso,2017,411.99,411.62,383.95028161413427,399.1686267263604,0.45
two_lag,grouped,8,M4_history_env_compact_vc_rf,rf,Burkina Faso,2018,398.7,411.99,384.4668577887374,399.60458600493183,0.45
two_lag,grouped,8,M4_history_env_compact_vc_rf,rf,Burkina Faso,2020,389.9,398.7,385.6745159315946,392.83853216921756,0.45
two_lag,grouped,8,M4_history_env_compact_vc_rf,rf,Congo,2017,197.63,201.08,226.28754176228003,212.423393793026,0.45
two_lag,grouped,8,M4_history_env_compact_vc_rf,rf,Congo,2018,235.1,197.63,243.24965104737564,218.15884297131905,0.45
two_lag,grouped,8,M4_history_env_compact_vc_rf,rf,Congo,2020,213.2,235.1,248.51620010319567,241.13729004643804,0.45
two_lag,grouped,8,M4_history_env_compact_vc_rf,rf,Democratic Republic of the Congo,2017,307.62,310.59,302.478318910677,306.93974350980466,0.45
two_lag,grouped,8,M4_history_env_compact_vc_rf,rf,Democratic Republic of the Congo,2018,319.8,307.62,298.1609965621923,303.3634484529865,0.45
two_lag,grouped,8,M4_history_env_compact_vc_rf,rf,Democratic Republic of the Congo,2020,324.2,319.8,292.3275845630315,307.4374130533642,0.45
two_lag,grouped,8,M4_history_env_compact_vc_rf,rf,Kenya,2017,70.83,71.23,82.97255414502173,76.51414936525978,0.45
two_lag,grouped,8,M4_history_env_compact_vc_rf,rf,Kenya,2018,70.1,70.83,89.60719319624828,79.27973693831173,0.45
two_lag,grouped,8,M4_history_env_compact_vc_rf,rf,Kenya,2020,50.9,70.1,89.53372237085145,78.84517506688314,0.45
two_lag,grouped,8,M4_history_env_compact_vc_rf,rf,South Sudan,2017,141.68,142.2,174.24746419536018,156.62135888791207,0.45
two_lag,grouped,8,M4_history_env_compact_vc_rf,rf,South Sudan,2018,235.9,141.68,166.47802918699924,152.83911313414967,0.45
two_lag,grouped,8,M4_history_env_compact_vc_rf,rf,South Sudan,2020,286.9,235.9,209.40891349616763,223.97901107327544,0.45
two_lag,grouped,8,M4_history_env_compact_vc_rf,rf,Togo,2017,370.86,376.39,382.5863208807565,379.17834439634044,0.45
two_lag,grouped,8,M4_history_env_compact_vc_rf,rf,Togo,2018,267.3,370.86,380.14795274439285,375.03957873497677,0.45
two_lag,grouped,8,M4_history_env_compact_vc_rf,rf,Togo,2020,228.9,267.3,276.40136485234353,271.3956141835546,0.45
two_lag,grouped,8,M4_history_env_compact_vc_rf,rf,Zambia,2017,203.32,204.19,224.7680398944665,213.45011795250994,0.45
two_lag,grouped,8,M4_history_env_compact_vc_rf,rf,Zambia,2018,156.7,203.32,219.5821852279111,210.63798335255998,0.45
two_lag,grouped,8,M4_history_env_compact_vc_rf,rf,Zambia,2020,189.9,156.7,204.19134960553026,178.07110732248861,0.45
two_lag,grouped,8,M4_history_env_compact_vc_gb,gb,Burkina Faso,2017,411.99,411.62,382.6350268661177,398.57676208975295,0.45
two_lag,grouped,8,M4_history_env_compact_vc_gb,gb,Burkina Faso,2018,398.7,411.99,382.6350268661177,398.78026208975297,0.45
two_lag,grouped,8,M4_history_env_compact_vc_gb,gb,Burkina Faso,2020,389.9,398.7,382.6350268661177,391.47076208975295,0.45
two_lag,grouped,8,M4_history_env_compact_vc_gb,gb,Congo,2017,197.63,201.08,225.84610048388055,212.22474521774626,0.45
two_lag,grouped,8,M4_history_env_compact_vc_gb,gb,Congo,2018,235.1,197.63,243.4166791950475,218.23400563777136,0.45
two_lag,grouped,8,M4_history_env_compact_vc_gb,gb,Congo,2020,213.2,235.1,238.5737414517199,236.66318365327396,0.45
two_lag,grouped,8,M4_history_env_compact_vc_gb,gb,Democratic Republic of the Congo,2017,307.62,310.59,296.81195450086324,304.38987952538844,0.45
two_lag,grouped,8,M4_history_env_compact_vc_gb,gb,Democratic Republic of the Congo,2018,319.8,307.62,296.81195450086324,302.75637952538847,0.45
two_lag,grouped,8,M4_history_env_compact_vc_gb,gb,Democratic Republic of the Congo,2020,324.2,319.8,282.9068260028664,303.1980717012899,0.45
two_lag,grouped,8,M4_history_env_compact_vc_gb,gb,Kenya,2017,70.83,71.23,100.02240162568577,84.1865807315586,0.45
two_lag,grouped,8,M4_history_env_compact_vc_gb,gb,Kenya,2018,70.1,70.83,103.59571127775025,85.57457007498762,0.45
two_lag,grouped,8,M4_history_env_compact_vc_gb,gb,Kenya,2020,50.9,70.1,110.20655333699638,88.14794900164837,0.45
two_lag,grouped,8,M4_history_env_compact_vc_gb,gb,South Sudan,2017,141.68,142.2,182.9924469504386,160.55660112769735,0.45
two_lag,grouped,8,M4_history_env_compact_vc_gb,gb,South Sudan,2018,235.9,141.68,180.1420036022563,158.98790162101534,0.45
two_lag,grouped,8,M4_history_env_compact_vc_gb,gb,South Sudan,2020,286.9,235.9,199.86517881949155,219.6843304687712,0.45
two_lag,grouped,8,M4_history_env_compact_vc_gb,gb,Togo,2017,370.86,376.39,375.20620968531335,375.857294358391,0.45
two_lag,grouped,8,M4_history_env_compact_vc_gb,gb,Togo,2018,267.3,370.86,381.40769629070536,375.6064633308174,0.45
two_lag,grouped,8,M4_history_env_compact_vc_gb,gb,Togo,2020,228.9,267.3,247.92418567225698,258.5808835525157,0.45
two_lag,grouped,8,M4_history_env_compact_vc_gb,gb,Zambia,2017,203.32,204.19,228.5208072668991,215.1388632701046,0.45
two_lag,grouped,8,M4_history_env_compact_vc_gb,gb,Zambia,2018,156.7,203.32,207.91624280753092,205.38830926338892,0.45
two_lag,grouped,8,M4_history_env_compact_vc_gb,gb,Zambia,2020,189.9,156.7,209.65330829520266,180.52898873284119,0.45
two_lag,grouped,8,M5_history_env_full_rf,rf,Burkina Faso,2017,411.99,411.62,374.76481721062277,395.03516774478027,0.45
two_lag,grouped,8,M5_history_env_full_rf,rf,Burkina Faso,2018,398.7,411.99,376.3247759456656,395.94064917554954,0.45
two_lag,grouped,8,M5_history_env_full_rf,rf,Burkina Faso,2020,389.9,398.7,378.4731121264294,389.5979004568932,0.45
two_lag,grouped,8,M5_history_env_full_rf,rf,Congo,2017,197.63,201.08,243.1850930654348,220.02729187944567,0.45
two_lag,grouped,8,M5_history_env_full_rf,rf,Congo,2018,235.1,197.63,243.24687267807033,218.15759270513166,0.45
two_lag,grouped,8,M5_history_env_full_rf,rf,Congo,2020,213.2,235.1,249.68368268095625,241.6626572064303,0.45
two_lag,grouped,8,M5_history_env_full_rf,rf,Democratic Republic of the Congo,2017,307.62,310.59,294.81069384608105,303.48931223073646,0.45
two_lag,grouped,8,M5_history_env_full_rf,rf,Democratic Republic of the Congo,2018,319.8,307.62,293.11551433653494,301.0929814514407,0.45
two_lag,grouped,8,M5_history_env_full_rf,rf,Democratic Republic of the Congo,2020,324.2,319.8,290.34898004465134,306.5470410200931,0.45
two_lag,grouped,8,M5_history_env_full_rf,rf,Kenya,2017,70.83,71.23,89.31790210889106,79.36955594900098,0.45
two_lag,grouped,8,M5_history_env_full_rf,rf,Kenya,2018,70.1,70.83,97.09744598912197,82.65035069510489,0.45
two_lag,grouped,8,M5_history_env_full_rf,rf,Kenya,2020,50.9,70.1,96.9481009508824,82.18164542789708,0.45
two_lag,grouped,8,M5_history_env_full_rf,rf,South Sudan,2017,141.68,142.2,175.7727154168267,157.307721937572,0.45
two_lag,grouped,8,M5_history_env_full_rf,rf,South Sudan,2018,235.9,141.68,168.10554161512832,153.57149372680774,0.45
two_lag,grouped,8,M5_history_env_full_rf,rf,South Sudan,2020,286.9,235.9,215.0654362471353,226.52444631121088,0.45
two_lag,grouped,8,M5_history_env_full_rf,rf,Togo,2017,370.86,376.39,371.237072725523,374.07118272648535,0.45
two_lag,grouped,8,M5_history_env_full_rf,rf,Togo,2018,267.3,370.86,370.14105200829573,370.5364734037331,0.45
two_lag,grouped,8,M5_history_env_full_rf,rf,Togo,2020,228.9,267.3,281.0376392139005,273.48193764625523,0.45
two_lag,grouped,8,M5_history_env_full_rf,rf,Zambia,2017,203.32,204.19,228.70035114976776,215.2196580173955,0.45
two_lag,grouped,8,M5_history_env_full_rf,rf,Zambia,2018,156.7,203.32,224.65807942277243,212.9221357402476,0.45
two_lag,grouped,8,M5_history_env_full_rf,rf,Zambia,2020,189.9,156.7,202.69499428071302,177.39774742632085,0.45
two_lag,grouped,8,M5_history_env_full_gb,gb,Burkina Faso,2017,411.99,411.62,378.55734303634733,398.3949372145389,0.4
two_lag,grouped,8,M5_history_env_full_gb,gb,Burkina Faso,2018,398.7,411.99,378.55734303634733,398.61693721453895,0.4
two_lag,grouped,8,M5_history_env_full_gb,gb,Burkina Faso,2020,389.9,398.7,378.55734303634733,390.6429372145389,0.4
two_lag,grouped,8,M5_history_env_full_gb,gb,Congo,2017,197.63,201.08,222.86382234255413,209.79352893702165,0.4
two_lag,grouped,8,M5_history_env_full_gb,gb,Congo,2018,235.1,197.63,247.53164999065987,217.59065999626395,0.4
two_lag,grouped,8,M5_history_env_full_gb,gb,Congo,2020,213.2,235.1,247.53164999065987,240.07265999626395,0.4
two_lag,grouped,8,M5_history_env_full_gb,gb,Democratic Republic of the Congo,2017,307.62,310.59,295.48683069331514,304.54873227732605,0.4
two_lag,grouped,8,M5_history_env_full_gb,gb,Democratic Republic of the Congo,2018,319.8,307.62,294.0134067258002,302.1773626903201,0.4
two_lag,grouped,8,M5_history_env_full_gb,gb,Democratic Republic of the Congo,2020,324.2,319.8,295.48683069331514,310.07473227732606,0.4
two_lag,grouped,8,M5_history_env_full_gb,gb,Kenya,2017,70.83,71.23,108.08071311914962,85.97028524765986,0.4
two_lag,grouped,8,M5_history_env_full_gb,gb,Kenya,2018,70.1,70.83,111.86112605062432,87.24245042024972,0.4
two_lag,grouped,8,M5_history_env_full_gb,gb,Kenya,2020,50.9,70.1,116.75668538790036,88.76267415516014,0.4
two_lag,grouped,8,M5_history_env_full_gb,gb,South Sudan,2017,141.68,142.2,177.774112790091,156.4296451160364,0.4
two_lag,grouped,8,M5_history_env_full_gb,gb,South Sudan,2018,235.9,141.68,177.774112790091,156.1176451160364,0.4
two_lag,grouped,8,M5_history_env_full_gb,gb,South Sudan,2020,286.9,235.9,199.26968460177093,221.24787384070837,0.4
two_lag,grouped,8,M5_history_env_full_gb,gb,Togo,2017,370.86,376.39,366.97064078236286,372.6222563129451,0.4
two_lag,grouped,8,M5_history_env_full_gb,gb,Togo,2018,267.3,370.86,366.97064078236286,369.30425631294514,0.4
two_lag,grouped,8,M5_history_env_full_gb,gb,Togo,2020,228.9,267.3,248.69999432760423,259.8599977310417,0.4
two_lag,grouped,8,M5_history_env_full_gb,gb,Zambia,2017,203.32,204.19,222.67707342700984,211.58482937080393,0.4
two_lag,grouped,8,M5_history_env_full_gb,gb,Zambia,2018,156.7,203.32,214.86522696560672,207.9380907862427,0.4
two_lag,grouped,8,M5_history_env_full_gb,gb,Zambia,2020,189.9,156.7,199.74617296024994,173.91846918409996,0.4
two_lag,grouped,8,M6_history_env_full_vc_rf,rf,Burkina Faso,2017,411.99,411.62,373.29685975365925,394.37458688914666,0.45
two_lag,grouped,8,M6_history_env_full_vc_rf,rf,Burkina Faso,2018,398.7,411.99,374.5585603283068,395.1458521477381,0.45
two_lag,grouped,8,M6_history_env_full_vc_rf,rf,Burkina Faso,2020,389.9,398.7,377.27693803502245,389.0596221157601,0.45
two_lag,grouped,8,M6_history_env_full_vc_rf,rf,Congo,2017,197.63,201.08,238.95229253162177,218.1225316392298,0.45
two_lag,grouped,8,M6_history_env_full_vc_rf,rf,Congo,2018,235.1,197.63,242.95907036833324,218.02808166574997,0.45
two_lag,grouped,8,M6_history_env_full_vc_rf,rf,Congo,2020,213.2,235.1,249.72144483551963,241.67965017598382,0.45
two_lag,grouped,8,M6_history_env_full_vc_rf,rf,Democratic Republic of the Congo,2017,307.62,310.59,300.8538925427129,306.2087516442208,0.45
two_lag,grouped,8,M6_history_env_full_vc_rf,rf,Democratic Republic of the Congo,2018,319.8,307.62,300.0062074056279,304.19379333253255,0.45
two_lag,grouped,8,M6_history_env_full_vc_rf,rf,Democratic Republic of the Congo,2020,324.2,319.8,294.0043226405817,308.19194518826174,0.45
two_lag,grouped,8,M6_history_env_full_vc_rf,rf,Kenya,2017,70.83,71.23,86.58291678132981,78.13881255159842,0.45
two_lag,grouped,8,M6_history_env_full_vc_rf,rf,Kenya,2018,70.1,70.83,92.82821461971363,80.72919657887114,0.45
two_lag,grouped,8,M6_history_env_full_vc_rf,rf,Kenya,2020,50.9,70.1,90.99871690542791,79.50442260744256,0.45
two_lag,grouped,8,M6_history_env_full_vc_rf,rf,South Sudan,2017,141.68,142.2,174.45592775555497,156.71516748999971,0.45
two_lag,grouped,8,M6_history_env_full_vc_rf,rf,South Sudan,2018,235.9,141.68,167.2395866981123,153.18181401415055,0.45
two_lag,grouped,8,M6_history_env_full_vc_rf,rf,South Sudan,2020,286.9,235.9,215.04701435502398,226.5161564597608,0.45
two_lag,grouped,8,M6_history_env_full_vc_rf,rf,Togo,2017,370.86,376.39,372.08826301937466,374.4542183587186,0.45
two_lag,grouped,8,M6_history_env_full_vc_rf,rf,Togo,2018,267.3,370.86,371.3883700169328,371.0977665076198,0.45
two_lag,grouped,8,M6_history_env_full_vc_rf,rf,Togo,2020,228.9,267.3,277.22984864078427,271.76843188835295,0.45
two_lag,grouped,8,M6_history_env_full_vc_rf,rf,Zambia,2017,203.32,204.19,229.4533378998605,215.5585020549372,0.45
two_lag,grouped,8,M6_history_env_full_vc_rf,rf,Zambia,2018,156.7,203.32,225.12032970806686,213.13014836863007,0.45
two_lag,grouped,8,M6_history_env_full_vc_rf,rf,Zambia,2020,189.9,156.7,207.86494031635985,179.72422314236192,0.45
two_lag,grouped,8,M6_history_env_full_vc_gb,gb,Burkina Faso,2017,411.99,411.62,371.9915919047004,395.76863676188015,0.4
two_lag,grouped,8,M6_history_env_full_vc_gb,gb,Burkina Faso,2018,398.7,411.99,371.9915919047004,395.9906367618802,0.4
two_lag,grouped,8,M6_history_env_full_vc_gb,gb,Burkina Faso,2020,389.9,398.7,371.9915919047004,388.01663676188014,0.4
two_lag,grouped,8,M6_history_env_full_vc_gb,gb,Congo,2017,197.63,201.08,228.94751392367,212.227005569468,0.4
two_lag,grouped,8,M6_history_env_full_vc_gb,gb,Congo,2018,235.1,197.63,237.27090924196403,213.48636369678562,0.4
two_lag,grouped,8,M6_history_env_full_vc_gb,gb,Congo,2020,213.2,235.1,235.65003720178237,235.32001488071293,0.4
two_lag,grouped,8,M6_history_env_full_vc_gb,gb,Democratic Republic of the Congo,2017,307.62,310.59,297.6354828246882,305.40819312987526,0.4
two_lag,grouped,8,M6_history_env_full_vc_gb,gb,Democratic Republic of the Congo,2018,319.8,307.62,295.42210385467064,302.74084154186824,0.4
two_lag,grouped,8,M6_history_env_full_vc_gb,gb,Democratic Republic of the Congo,2020,324.2,319.8,285.6092284031491,306.12369136125966,0.4
two_lag,grouped,8,M6_history_env_full_vc_gb,gb,Kenya,2017,70.83,71.23,105.55914946032965,84.96165978413187,0.4
two_lag,grouped,8,M6_history_env_full_vc_gb,gb,Kenya,2018,70.1,70.83,105.33829561167319,84.63331824466928,0.4
two_lag,grouped,8,M6_history_env_full_vc_gb,gb,Kenya,2020,50.9,70.1,111.36315010016526,86.6052600400661,0.4
two_lag,grouped,8,M6_history_env_full_vc_gb,gb,South Sudan,2017,141.68,142.2,178.01727109734583,156.52690843893834,0.4
two_lag,grouped,8,M6_history_env_full_vc_gb,gb,South Sudan,2018,235.9,141.68,178.01727109734583,156.21490843893832,0.4
two_lag,grouped,8,M6_history_env_full_vc_gb,gb,South Sudan,2020,286.9,235.9,202.2900561101494,222.45602244405976,0.4
two_lag,grouped,8,M6_history_env_full_vc_gb,gb,Togo,2017,370.86,376.39,366.8687561957407,372.5815024782963,0.4
two_lag,grouped,8,M6_history_env_full_vc_gb,gb,Togo,2018,267.3,370.86,372.1392900866835,371.3717160346734,0.4
two_lag,grouped,8,M6_history_env_full_vc_gb,gb,Togo,2020,228.9,267.3,260.80848575458066,264.70339430183225,0.4
two_lag,grouped,8,M6_history_env_full_vc_gb,gb,Zambia,2017,203.32,204.19,229.0502021407825,214.134080856313,0.4
two_lag,grouped,8,M6_history_env_full_vc_gb,gb,Zambia,2018,156.7,203.32,209.24237203108456,205.6889488124338,0.4
two_lag,grouped,8,M6_history_env_full_vc_gb,gb,Zambia,2020,189.9,156.7,206.11930167402258,176.46772066960904,0.4
two_lag,grouped,9,M0_persistence,baseline,Côte d'Ivoire,2017,138.86,140.1,140.1,140.1,
two_lag,grouped,9,M0_persistence,baseline,Côte d'Ivoire,2018,330.6,138.86,138.86,138.86,
two_lag,grouped,9,M0_persistence,baseline,Côte d'Ivoire,2020,287.0,330.6,330.6,330.6,
two_lag,grouped,9,M0_persistence,baseline,Democratic Republic of the Congo,2017,307.62,310.59,310.59,310.59,
two_lag,grouped,9,M0_persistence,baseline,Democratic Republic of the Congo,2018,319.8,307.62,307.62,307.62,
two_lag,grouped,9,M0_persistence,baseline,Democratic Republic of the Congo,2020,324.2,319.8,319.8,319.8,
two_lag,grouped,9,M0_persistence,baseline,Malawi,2017,231.1,233.45,233.45,233.45,
two_lag,grouped,9,M0_persistence,baseline,Malawi,2018,213.6,231.1,231.1,231.1,
two_lag,grouped,9,M0_persistence,baseline,Malawi,2020,228.5,213.6,213.6,213.6,
two_lag,grouped,9,M0_persistence,baseline,Mali,2017,386.16,383.59,383.59,383.59,
two_lag,grouped,9,M0_persistence,baseline,Mali,2018,386.8,386.16,386.16,386.16,
two_lag,grouped,9,M0_persistence,baseline,Mozambique,2017,337.92,338.3,338.3,338.3,
two_lag,grouped,9,M0_persistence,baseline,Mozambique,2018,305.4,337.92,337.92,337.92,
two_lag,grouped,9,M0_persistence,baseline,Mozambique,2020,320.2,305.4,305.4,305.4,
two_lag,grouped,9,M0_persistence,baseline,Togo,2017,370.86,376.39,376.39,376.39,
two_lag,grouped,9,M0_persistence,baseline,Togo,2018,267.3,370.86,370.86,370.86,
two_lag,grouped,9,M0_persistence,baseline,Togo,2020,228.9,267.3,267.3,267.3,
two_lag,grouped,9,M0_persistence,baseline,Zambia,2017,203.32,204.19,204.19,204.19,
two_lag,grouped,9,M0_persistence,baseline,Zambia,2018,156.7,203.32,203.32,203.32,
two_lag,grouped,9,M0_persistence,baseline,Zambia,2020,189.9,156.7,156.7,156.7,
two_lag,grouped,9,M1_history_rf,rf,Côte d'Ivoire,2017,138.86,140.1,182.65635763664127,159.25036093648856,0.45
two_lag,grouped,9,M1_history_rf,rf,Côte d'Ivoire,2018,330.6,138.86,177.38674381124451,156.19703471506003,0.45
two_lag,grouped,9,M1_history_rf,rf,Côte d'Ivoire,2020,287.0,330.6,264.8715521611792,301.02219847253065,0.45
two_lag,grouped,9,M1_history_rf,rf,Democratic Republic of the Congo,2017,307.62,310.59,296.1927795637141,304.11125080367134,0.45
two_lag,grouped,9,M1_history_rf,rf,Democratic Republic of the Congo,2018,319.8,307.62,289.74151415750913,299.5746813708791,0.45
two_lag,grouped,9,M1_history_rf,rf,Democratic Republic of the Congo,2020,324.2,319.8,291.48248394105894,307.05711777347653,0.45
two_lag,grouped,9,M1_history_rf,rf,Malawi,2017,231.1,233.45,216.7427849798209,225.9317532409194,0.45
two_lag,grouped,9,M1_history_rf,rf,Malawi,2018,213.6,231.1,216.21483821791608,224.40167719806223,0.45
two_lag,grouped,9,M1_history_rf,rf,Malawi,2020,228.5,213.6,208.8607602705857,211.46734212176355,0.45
two_lag,grouped,9,M1_history_rf,rf,Mali,2017,386.16,383.59,364.64955970829175,375.06680186873126,0.45
two_lag,grouped,9,M1_history_rf,rf,Mali,2018,386.8,386.16,367.46726428765675,377.74826892944554,0.45
two_lag,grouped,9,M1_history_rf,rf,Mozambique,2017,337.92,338.3,309.51534647569105,325.346905914061,0.45
two_lag,grouped,9,M1_history_rf,rf,Mozambique,2018,305.4,337.92,309.51534647569105,325.137905914061,0.45
two_lag,grouped,9,M1_history_rf,rf,Mozambique,2020,320.2,305.4,298.1879794742482,302.1545907634117,0.45
two_lag,grouped,9,M1_history_rf,rf,Togo,2017,370.86,376.39,360.9687498130205,369.4504374158592,0.45
two_lag,grouped,9,M1_history_rf,rf,Togo,2018,267.3,370.86,365.12553957303817,368.2794928078672,0.45
two_lag,grouped,9,M1_history_rf,rf,Togo,2020,228.9,267.3,300.7315081120774,282.34417865043486,0.45
two_lag,grouped,9,M1_history_rf,rf,Zambia,2017,203.32,204.19,209.44705106423646,206.55567297890641,0.45
two_lag,grouped,9,M1_history_rf,rf,Zambia,2018,156.7,203.32,216.40656589465604,209.20895465259522,0.45
two_lag,grouped,9,M1_history_rf,rf,Zambia,2020,189.9,156.7,202.39706560063144,177.26367952028414,0.45
two_lag,grouped,9,M1_history_gb,gb,Côte d'Ivoire,2017,138.86,140.1,196.26744060756096,170.99209233415854,0.55
two_lag,grouped,9,M1_history_gb,gb,Côte d'Ivoire,2018,330.6,138.86,196.26744060756096,170.43409233415855,0.55
two_lag,grouped,9,M1_history_gb,gb,Côte d'Ivoire,2020,287.0,330.6,307.4991388124933,317.8945263468713,0.55
two_lag,grouped,9,M1_history_gb,gb,Democratic Republic of the Congo,2017,307.62,310.59,303.476917326431,306.67780452953707,0.55
two_lag,grouped,9,M1_history_gb,gb,Democratic Republic of the Congo,2018,319.8,307.62,299.1166837220163,302.943176047109,0.55
two_lag,grouped,9,M1_history_gb,gb,Democratic Republic of the Congo,2020,324.2,319.8,299.1166837220163,308.424176047109,0.55
two_lag,grouped,9,M1_history_gb,gb,Malawi,2017,231.1,233.45,214.62857365215214,223.09821550868367,0.55
two_lag,grouped,9,M1_history_gb,gb,Malawi,2018,213.6,231.1,214.62857365215214,222.04071550868366,0.55
two_lag,grouped,9,M1_history_gb,gb,Malawi,2020,228.5,213.6,202.5905237011489,207.54478803563188,0.55
two_lag,grouped,9,M1_history_gb,gb,Mali,2017,386.16,383.59,364.9740762207167,373.3512419213942,0.55
two_lag,grouped,9,M1_history_gb,gb,Mali,2018,386.8,386.16,364.9740762207167,374.5077419213942,0.55
two_lag,grouped,9,M1_history_gb,gb,Mozambique,2017,337.92,338.3,305.7027856855282,320.37153212704055,0.55
two_lag,grouped,9,M1_history_gb,gb,Mozambique,2018,305.4,337.92,305.7027856855282,320.20053212704056,0.55
two_lag,grouped,9,M1_history_gb,gb,Mozambique,2020,320.2,305.4,305.7027856855282,305.5665321270405,0.55
two_lag,grouped,9,M1_history_gb,gb,Togo,2017,370.86,376.39,360.8109534858285,367.8215244172057,0.55
two_lag,grouped,9,M1_history_gb,gb,Togo,2018,267.3,370.86,362.5049391450677,366.2647165297872,0.55
two_lag,grouped,9,M1_history_gb,gb,Togo,2020,228.9,267.3,255.28874031586972,260.6938071737284,0.55
two_lag,grouped,9,M1_history_gb,gb,Zambia,2017,203.32,204.19,202.5905237011489,203.31028803563188,0.55
two_lag,grouped,9,M1_history_gb,gb,Zambia,2018,156.7,203.32,207.75519620831852,205.7593579145752,0.55
two_lag,grouped,9,M1_history_gb,gb,Zambia,2020,189.9,156.7,190.27613929357756,175.16687661146764,0.55
two_lag,grouped,9,M2_history_env_compact_rf,rf,Côte d'Ivoire,2017,138.86,140.1,196.48003592991728,171.1090197614545,0.55
two_lag,grouped,9,M2_history_env_compact_rf,rf,Côte d'Ivoire,2018,330.6,138.86,184.7504569997919,164.09975134988557,0.55
two_lag,grouped,9,M2_history_env_compact_rf,rf,Côte d'Ivoire,2020,287.0,330.6,275.371701938263,300.2244360660447,0.55
two_lag,grouped,9,M2_history_env_compact_rf,rf,Democratic Republic of the Congo,2017,307.62,310.59,277.2712821278854,292.264705170337,0.55
two_lag,grouped,9,M2_history_env_compact_rf,rf,Democratic Republic of the Congo,2018,319.8,307.62,274.28081474804287,289.2834481114236,0.55
two_lag,grouped,9,M2_history_env_compact_rf,rf,Democratic Republic of the Congo,2020,324.2,319.8,281.19983766107435,298.5699107135909,0.55
two_lag,grouped,9,M2_history_env_compact_rf,rf,Malawi,2017,231.1,233.45,236.3700199247801,235.05601095862906,0.55
two_lag,grouped,9,M2_history_env_compact_rf,rf,Malawi,2018,213.6,231.1,234.1602446832896,232.78313457580927,0.55
two_lag,grouped,9,M2_history_env_compact_rf,rf,Malawi,2020,228.5,213.6,221.73980830569485,218.07689456813216,0.55
two_lag,grouped,9,M2_history_env_compact_rf,rf,Mali,2017,386.16,383.59,373.8910709816845,378.25558903992646,0.55
two_lag,grouped,9,M2_history_env_compact_rf,rf,Mali,2018,386.8,386.16,374.99497743045794,380.0192375867519,0.55
two_lag,grouped,9,M2_history_env_compact_rf,rf,Mozambique,2017,337.92,338.3,311.2167905632031,323.4042348097617,0.55
two_lag,grouped,9,M2_history_env_compact_rf,rf,Mozambique,2018,305.4,337.92,313.11981405615137,324.27989773088325,0.55
two_lag,grouped,9,M2_history_env_compact_rf,rf,Mozambique,2020,320.2,305.4,299.85002402888773,302.3475132158882,0.55
two_lag,grouped,9,M2_history_env_compact_rf,rf,Togo,2017,370.86,376.39,383.199371098568,380.1351541042124,0.55
two_lag,grouped,9,M2_history_env_compact_rf,rf,Togo,2018,267.3,370.86,376.90800803146846,374.18640441730764,0.55
two_lag,grouped,9,M2_history_env_compact_rf,rf,Togo,2020,228.9,267.3,286.31961217589594,277.7607866967428,0.55
two_lag,grouped,9,M2_history_env_compact_rf,rf,Zambia,2017,203.32,204.19,229.31703839913908,218.0098711195265,0.55
two_lag,grouped,9,M2_history_env_compact_rf,rf,Zambia,2018,156.7,203.32,226.53513659041013,216.08832512472557,0.55
two_lag,grouped,9,M2_history_env_compact_rf,rf,Zambia,2020,189.9,156.7,197.37147662797722,179.06931214538747,0.55
two_lag,grouped,9,M2_history_env_compact_gb,gb,Côte d'Ivoire,2017,138.86,140.1,191.0740314050073,168.13571727275402,0.55
two_lag,grouped,9,M2_history_env_compact_gb,gb,Côte d'Ivoire,2018,330.6,138.86,178.21946195296346,160.50770407412992,0.55
two_lag,grouped,9,M2_history_env_compact_gb,gb,Côte d'Ivoire,2020,287.0,330.6,307.39590242732635,317.8377463350295,0.55
two_lag,grouped,9,M2_history_env_compact_gb,gb,Democratic Republic of the Congo,2017,307.62,310.59,276.5488931229626,291.86739121762946,0.55
two_lag,grouped,9,M2_history_env_compact_gb,gb,Democratic Republic of the Congo,2018,319.8,307.62,276.5488931229626,290.53089121762946,0.55
two_lag,grouped,9,M2_history_env_compact_gb,gb,Democratic Republic of the Congo,2020,324.2,319.8,276.5488931229626,296.01189121762945,0.55
two_lag,grouped,9,M2_history_env_compact_gb,gb,Malawi,2017,231.1,233.45,226.87239692825105,229.83231831053808,0.55
two_lag,grouped,9,M2_history_env_compact_gb,gb,Malawi,2018,213.6,231.1,226.87239692825105,228.77481831053808,0.55
two_lag,grouped,9,M2_history_env_compact_gb,gb,Malawi,2020,228.5,213.6,206.50544164453103,209.69799290449205,0.55
two_lag,grouped,9,M2_history_env_compact_gb,gb,Mali,2017,386.16,383.59,383.3155715109551,383.4390643310253,0.55
two_lag,grouped,9,M2_history_env_compact_gb,gb,Mali,2018,386.8,386.16,383.3155715109551,384.59556433102534,0.55
two_lag,grouped,9,M2_history_env_compact_gb,gb,Mozambique,2017,337.92,338.3,316.3344542871804,326.2189498579492,0.55
two_lag,grouped,9,M2_history_env_compact_gb,gb,Mozambique,2018,305.4,337.92,316.3344542871804,326.0479498579492,0.55
two_lag,grouped,9,M2_history_env_compact_gb,gb,Mozambique,2020,320.2,305.4,303.7733982936064,304.5053690614835,0.55
two_lag,grouped,9,M2_history_env_compact_gb,gb,Togo,2017,370.86,376.39,384.6864602929491,380.953053161122,0.55
two_lag,grouped,9,M2_history_env_compact_gb,gb,Togo,2018,267.3,370.86,384.6864602929491,378.464553161122,0.55
two_lag,grouped,9,M2_history_env_compact_gb,gb,Togo,2020,228.9,267.3,256.16186529866013,261.1740259142631,0.55
two_lag,grouped,9,M2_history_env_compact_gb,gb,Zambia,2017,203.32,204.19,225.91248524392833,216.13736688416057,0.55
two_lag,grouped,9,M2_history_env_compact_gb,gb,Zambia,2018,156.7,203.32,219.68565247019492,212.3211088586072,0.55
two_lag,grouped,9,M2_history_env_compact_gb,gb,Zambia,2020,189.9,156.7,199.96479597433563,180.49563778588458,0.55
two_lag,grouped,9,M3_history_vc_rf,rf,Côte d'Ivoire,2017,138.86,140.1,186.9411022750335,163.52055113751675,0.5
two_lag,grouped,9,M3_history_vc_rf,rf,Côte d'Ivoire,2018,330.6,138.86,180.10684067185883,159.48342033592942,0.5
two_lag,grouped,9,M3_history_vc_rf,rf,Côte d'Ivoire,2020,287.0,330.6,281.83877667082913,306.2193883354146,0.5
two_lag,grouped,9,M3_history_vc_rf,rf,Democratic Republic of the Congo,2017,307.62,310.59,295.49957281267547,303.0447864063377,0.5
two_lag,grouped,9,M3_history_vc_rf,rf,Democratic Republic of the Congo,2018,319.8,307.62,290.00843040452804,298.814215202264,0.5
two_lag,grouped,9,M3_history_vc_rf,rf,Democratic Republic of the Congo,2020,324.2,319.8,290.9816855159578,305.39084275797893,0.5
two_lag,grouped,9,M3_history_vc_rf,rf,Malawi,2017,231.1,233.45,230.60539091085613,232.02769545542805,0.5
two_lag,grouped,9,M3_history_vc_rf,rf,Malawi,2018,213.6,231.1,232.01172971477445,231.55586485738723,0.5
two_lag,grouped,9,M3_history_vc_rf,rf,Malawi,2020,228.5,213.6,228.99244249701388,221.29622124850692,0.5
two_lag,grouped,9,M3_history_vc_rf,rf,Mali,2017,386.16,383.59,374.4264379183041,379.00821895915203,0.5
two_lag,grouped,9,M3_history_vc_rf,rf,Mali,2018,386.8,386.16,375.92953302941515,381.0447665147076,0.5
two_lag,grouped,9,M3_history_vc_rf,rf,Mozambique,2017,337.92,338.3,312.8842517045177,325.59212585225885,0.5
two_lag,grouped,9,M3_history_vc_rf,rf,Mozambique,2018,305.4,337.92,313.9593611961372,325.9396805980686,0.5
two_lag,grouped,9,M3_history_vc_rf,rf,Mozambique,2020,320.2,305.4,303.5050923276723,304.45254616383613,0.5
two_lag,grouped,9,M3_history_vc_rf,rf,Togo,2017,370.86,376.39,368.82762042263306,372.6088102113165,0.5
two_lag,grouped,9,M3_history_vc_rf,rf,Togo,2018,267.3,370.86,369.4699264305695,370.16496321528473,0.5
two_lag,grouped,9,M3_history_vc_rf,rf,Togo,2020,228.9,267.3,279.319644248076,273.30982212403796,0.5
two_lag,grouped,9,M3_history_vc_rf,rf,Zambia,2017,203.32,204.19,226.14412422302178,215.1670621115109,0.5
two_lag,grouped,9,M3_history_vc_rf,rf,Zambia,2018,156.7,203.32,219.67297528343673,211.49648764171837,0.5
two_lag,grouped,9,M3_history_vc_rf,rf,Zambia,2020,189.9,156.7,210.1978590161242,183.4489295080621,0.5
two_lag,grouped,9,M3_history_vc_gb,gb,Côte d'Ivoire,2017,138.86,140.1,196.3444301312653,168.22221506563267,0.5
two_lag,grouped,9,M3_history_vc_gb,gb,Côte d'Ivoire,2018,330.6,138.86,196.3444301312653,167.60221506563266,0.5
two_lag,grouped,9,M3_history_vc_gb,gb,Côte d'Ivoire,2020,287.0,330.6,318.89446376115,324.747231880575,0.5
two_lag,grouped,9,M3_history_vc_gb,gb,Democratic Republic of the Congo,2017,307.62,310.59,322.6440089971859,316.6170044985929,0.5
two_lag,grouped,9,M3_history_vc_gb,gb,Democratic Republic of the Congo,2018,319.8,307.62,341.81239578791593,324.716197893958,0.5
two_lag,grouped,9,M3_history_vc_gb,gb,Democratic Republic of the Congo,2020,324.2,319.8,318.7956250132215,319.29781250661074,0.5
two_lag,grouped,9,M3_history_vc_gb,gb,Malawi,2017,231.1,233.45,237.10596095182058,235.27798047591028,0.5
two_lag,grouped,9,M3_history_vc_gb,gb,Malawi,2018,213.6,231.1,231.93276020171706,231.51638010085853,0.5
two_lag,grouped,9,M3_history_vc_gb,gb,Malawi,2020,228.5,213.6,218.98711840895294,216.29355920447648,0.5
two_lag,grouped,9,M3_history_vc_gb,gb,Mali,2017,386.16,383.59,387.09008180863026,385.3400409043151,0.5
two_lag,grouped,9,M3_history_vc_gb,gb,Mali,2018,386.8,386.16,387.09008180863026,386.62504090431514,0.5
two_lag,grouped,9,M3_history_vc_gb,gb,Mozambique,2017,337.92,338.3,323.59428019089347,330.94714009544674,0.5
two_lag,grouped,9,M3_history_vc_gb,gb,Mozambique,2018,305.4,337.92,320.37500918147964,329.1475045907398,0.5
two_lag,grouped,9,M3_history_vc_gb,gb,Mozambique,2020,320.2,305.4,320.37500918147964,312.8875045907398,0.5
two_lag,grouped,9,M3_history_vc_gb,gb,Togo,2017,370.86,376.39,367.4553189786018,371.9226594893009,0.5
two_lag,grouped,9,M3_history_vc_gb,gb,Togo,2018,267.3,370.86,373.67453809421613,372.2672690471081,0.5
two_lag,grouped,9,M3_history_vc_gb,gb,Togo,2020,228.9,267.3,261.0742309884592,264.1871154942296,0.5
two_lag,grouped,9,M3_history_vc_gb,gb,Zambia,2017,203.32,204.19,219.350951500999,211.7704757504995,0.5
two_lag,grouped,9,M3_history_vc_gb,gb,Zambia,2018,156.7,203.32,211.84197326451974,207.58098663225985,0.5
two_lag,grouped,9,M3_history_vc_gb,gb,Zambia,2020,189.9,156.7,200.56318629352614,178.63159314676307,0.5
two_lag,grouped,9,M4_history_env_compact_vc_rf,rf,Côte d'Ivoire,2017,138.86,140.1,193.9754626745354,169.73150447099448,0.55
two_lag,grouped,9,M4_history_env_compact_vc_rf,rf,Côte d'Ivoire,2018,330.6,138.86,185.3104447011247,164.4077445856186,0.55
two_lag,grouped,9,M4_history_env_compact_vc_rf,rf,Côte d'Ivoire,2020,287.0,330.6,277.18565824827283,301.2221120365501,0.55
two_lag,grouped,9,M4_history_env_compact_vc_rf,rf,Democratic Republic of the Congo,2017,307.62,310.59,285.58713784974816,296.8384258173615,0.55
two_lag,grouped,9,M4_history_env_compact_vc_rf,rf,Democratic Republic of the Congo,2018,319.8,307.62,282.6089202476835,293.8639061362259,0.55
two_lag,grouped,9,M4_history_env_compact_vc_rf,rf,Democratic Republic of the Congo,2020,324.2,319.8,282.0496064934999,299.03728357142495,0.55
two_lag,grouped,9,M4_history_env_compact_vc_rf,rf,Malawi,2017,231.1,233.45,239.34742102347752,236.69358156291264,0.55
two_lag,grouped,9,M4_history_env_compact_vc_rf,rf,Malawi,2018,213.6,231.1,236.73901281648995,234.20145704906946,0.55
two_lag,grouped,9,M4_history_env_compact_vc_rf,rf,Malawi,2020,228.5,213.6,225.10904204234743,219.9299731232911,0.55
two_lag,grouped,9,M4_history_env_compact_vc_rf,rf,Mali,2017,386.16,383.59,373.1764959525472,377.862572773901,0.55
two_lag,grouped,9,M4_history_env_compact_vc_rf,rf,Mali,2018,386.8,386.16,374.2943205081028,379.63387627945656,0.55
two_lag,grouped,9,M4_history_env_compact_vc_rf,rf,Mozambique,2017,337.92,338.3,312.8581804465468,324.3069992456007,0.55
two_lag,grouped,9,M4_history_env_compact_vc_rf,rf,Mozambique,2018,305.4,337.92,314.35129785663673,324.9572138211502,0.55
two_lag,grouped,9,M4_history_env_compact_vc_rf,rf,Mozambique,2020,320.2,305.4,300.83759663483045,302.8906781491567,0.55
two_lag,grouped,9,M4_history_env_compact_vc_rf,rf,Togo,2017,370.86,376.39,379.3490712807193,378.0174892043956,0.55
two_lag,grouped,9,M4_history_env_compact_vc_rf,rf,Togo,2018,267.3,370.86,374.10426351881455,372.644344935348,0.55
two_lag,grouped,9,M4_history_env_compact_vc_rf,rf,Togo,2020,228.9,267.3,289.1218913661124,279.3020402513618,0.55
two_lag,grouped,9,M4_history_env_compact_vc_rf,rf,Zambia,2017,203.32,204.19,229.28641481728994,217.99302814950946,0.55
two_lag,grouped,9,M4_history_env_compact_vc_rf,rf,Zambia,2018,156.7,203.32,227.89299903185312,216.83514946751922,0.55
two_lag,grouped,9,M4_history_env_compact_vc_rf,rf,Zambia,2020,189.9,156.7,203.62566272638875,182.5091144995138,0.55
two_lag,grouped,9,M4_history_env_compact_vc_gb,gb,Côte d'Ivoire,2017,138.86,140.1,185.18348007758567,164.89591404267213,0.55
two_lag,grouped,9,M4_history_env_compact_vc_gb,gb,Côte d'Ivoire,2018,330.6,138.86,176.07780061239674,159.3297903368182,0.55
two_lag,grouped,9,M4_history_env_compact_vc_gb,gb,Côte d'Ivoire,2020,287.0,330.6,316.1155005327526,322.6335252930139,0.55
two_lag,grouped,9,M4_history_env_compact_vc_gb,gb,Democratic Republic of the Congo,2017,307.62,310.59,283.6548400022504,295.7756620012377,0.55
two_lag,grouped,9,M4_history_env_compact_vc_gb,gb,Democratic Republic of the Congo,2018,319.8,307.62,283.6548400022504,294.4391620012377,0.55
two_lag,grouped,9,M4_history_env_compact_vc_gb,gb,Democratic Republic of the Congo,2020,324.2,319.8,277.32499644814567,296.4387480464801,0.55
two_lag,grouped,9,M4_history_env_compact_vc_gb,gb,Malawi,2017,231.1,233.45,230.19864126649506,231.66175269657228,0.55
two_lag,grouped,9,M4_history_env_compact_vc_gb,gb,Malawi,2018,213.6,231.1,225.12867186086976,227.81576952347837,0.55
two_lag,grouped,9,M4_history_env_compact_vc_gb,gb,Malawi,2020,228.5,213.6,210.74045959377187,212.02725277657453,0.55
two_lag,grouped,9,M4_history_env_compact_vc_gb,gb,Mali,2017,386.16,383.59,395.58002298911543,390.18451264401347,0.55
two_lag,grouped,9,M4_history_env_compact_vc_gb,gb,Mali,2018,386.8,386.16,395.58002298911543,391.3410126440135,0.55
two_lag,grouped,9,M4_history_env_compact_vc_gb,gb,Mozambique,2017,337.92,338.3,322.9347956852268,329.8491376268747,0.55
two_lag,grouped,9,M4_history_env_compact_vc_gb,gb,Mozambique,2018,305.4,337.92,317.86482627960163,326.8896544537809,0.55
two_lag,grouped,9,M4_history_env_compact_vc_gb,gb,Mozambique,2020,320.2,305.4,300.7301502829035,302.8315826555969,0.55
two_lag,grouped,9,M4_history_env_compact_vc_gb,gb,Togo,2017,370.86,376.39,380.6199458878061,378.71647023829337,0.55
two_lag,grouped,9,M4_history_env_compact_vc_gb,gb,Togo,2018,267.3,370.86,385.4325644320588,378.87491043763237,0.55
two_lag,grouped,9,M4_history_env_compact_vc_gb,gb,Togo,2020,228.9,267.3,254.25511342809202,260.1253123854506,0.55
two_lag,grouped,9,M4_history_env_compact_vc_gb,gb,Zambia,2017,203.32,204.19,229.35935618174773,218.03314589996126,0.55
two_lag,grouped,9,M4_history_env_compact_vc_gb,gb,Zambia,2018,156.7,203.32,213.90268779313158,209.14047828622236,0.55
two_lag,grouped,9,M4_history_env_compact_vc_gb,gb,Zambia,2020,189.9,156.7,203.82793622256963,182.6203649224133,0.55
two_lag,grouped,9,M5_history_env_full_rf,rf,Côte d'Ivoire,2017,138.86,140.1,195.06981784926825,167.58490892463414,0.5
two_lag,grouped,9,M5_history_env_full_rf,rf,Côte d'Ivoire,2018,330.6,138.86,184.2753864410098,161.5676932205049,0.5
two_lag,grouped,9,M5_history_env_full_rf,rf,Côte d'Ivoire,2020,287.0,330.6,275.57225923039584,303.08612961519793,0.5
two_lag,grouped,9,M5_history_env_full_rf,rf,Democratic Republic of the Congo,2017,307.62,310.59,280.24795240577015,295.41897620288506,0.5
two_lag,grouped,9,M5_history_env_full_rf,rf,Democratic Republic of the Congo,2018,319.8,307.62,278.3967970046157,293.00839850230784,0.5
two_lag,grouped,9,M5_history_env_full_rf,rf,Democratic Republic of the Congo,2020,324.2,319.8,280.13487336922344,299.9674366846117,0.5
two_lag,grouped,9,M5_history_env_full_rf,rf,Malawi,2017,231.1,233.45,248.50360293081468,240.97680146540733,0.5
two_lag,grouped,9,M5_history_env_full_rf,rf,Malawi,2018,213.6,231.1,247.23430968920377,239.1671548446019,0.5
two_lag,grouped,9,M5_history_env_full_rf,rf,Malawi,2020,228.5,213.6,232.23249994005553,222.91624997002776,0.5
two_lag,grouped,9,M5_history_env_full_rf,rf,Mali,2017,386.16,383.59,366.7184019531581,375.15420097657903,0.5
two_lag,grouped,9,M5_history_env_full_rf,rf,Mali,2018,386.8,386.16,368.39550106859826,377.2777505342991,0.5
two_lag,grouped,9,M5_history_env_full_rf,rf,Mozambique,2017,337.92,338.3,314.24409318326747,326.27204659163374,0.5
two_lag,grouped,9,M5_history_env_full_rf,rf,Mozambique,2018,305.4,337.92,317.208405467539,327.56420273376955,0.5
two_lag,grouped,9,M5_history_env_full_rf,rf,Mozambique,2020,320.2,305.4,306.6023859126385,306.00119295631924,0.5
two_lag,grouped,9,M5_history_env_full_rf,rf,Togo,2017,370.86,376.39,369.62887832936485,373.0094391646824,0.5
two_lag,grouped,9,M5_history_env_full_rf,rf,Togo,2018,267.3,370.86,367.916599269425,369.3882996347125,0.5
two_lag,grouped,9,M5_history_env_full_rf,rf,Togo,2020,228.9,267.3,290.1097085744004,278.7048542872002,0.5
two_lag,grouped,9,M5_history_env_full_rf,rf,Zambia,2017,203.32,204.19,237.5870314812199,220.88851574060993,0.5
two_lag,grouped,9,M5_history_env_full_rf,rf,Zambia,2018,156.7,203.32,236.33215142513717,219.82607571256858,0.5
two_lag,grouped,9,M5_history_env_full_rf,rf,Zambia,2020,189.9,156.7,204.41359254007102,180.5567962700355,0.5
two_lag,grouped,9,M5_history_env_full_gb,gb,Côte d'Ivoire,2017,138.86,140.1,194.20120691048146,167.15060345524074,0.5
two_lag,grouped,9,M5_history_env_full_gb,gb,Côte d'Ivoire,2018,330.6,138.86,180.81645765875894,159.8382288293795,0.5
two_lag,grouped,9,M5_history_env_full_gb,gb,Côte d'Ivoire,2020,287.0,330.6,309.9101753387845,320.25508766939225,0.5
two_lag,grouped,9,M5_history_env_full_gb,gb,Democratic Republic of the Congo,2017,307.62,310.59,277.88745211999253,294.2387260599962,0.5
two_lag,grouped,9,M5_history_env_full_gb,gb,Democratic Republic of the Congo,2018,319.8,307.62,277.88745211999253,292.75372605999627,0.5
two_lag,grouped,9,M5_history_env_full_gb,gb,Democratic Republic of the Congo,2020,324.2,319.8,277.88745211999253,298.84372605999624,0.5
two_lag,grouped,9,M5_history_env_full_gb,gb,Malawi,2017,231.1,233.45,228.6785932362567,231.06429661812834,0.5
two_lag,grouped,9,M5_history_env_full_gb,gb,Malawi,2018,213.6,231.1,228.6785932362567,229.88929661812836,0.5
two_lag,grouped,9,M5_history_env_full_gb,gb,Malawi,2020,228.5,213.6,203.11223742042338,208.3561187102117,0.5
two_lag,grouped,9,M5_history_env_full_gb,gb,Mali,2017,386.16,383.59,400.1953775180899,391.892688759045,0.5
two_lag,grouped,9,M5_history_env_full_gb,gb,Mali,2018,386.8,386.16,400.1953775180899,393.17768875904494,0.5
two_lag,grouped,9,M5_history_env_full_gb,gb,Mozambique,2017,337.92,338.3,315.00450288772333,326.6522514438617,0.5
two_lag,grouped,9,M5_history_env_full_gb,gb,Mozambique,2018,305.4,337.92,315.00450288772333,326.46225144386165,0.5
two_lag,grouped,9,M5_history_env_full_gb,gb,Mozambique,2020,320.2,305.4,304.1238790899077,304.76193954495386,0.5
two_lag,grouped,9,M5_history_env_full_gb,gb,Togo,2017,370.86,376.39,379.3604935865112,377.8752467932556,0.5
two_lag,grouped,9,M5_history_env_full_gb,gb,Togo,2018,267.3,370.86,379.3604935865112,375.1102467932556,0.5
two_lag,grouped,9,M5_history_env_full_gb,gb,Togo,2020,228.9,267.3,258.5309792163099,262.915489608155,0.5
two_lag,grouped,9,M5_history_env_full_gb,gb,Zambia,2017,203.32,204.19,225.75400601908981,214.9720030095449,0.5
two_lag,grouped,9,M5_history_env_full_gb,gb,Zambia,2018,156.7,203.32,219.13028417315167,211.22514208657583,0.5
two_lag,grouped,9,M5_history_env_full_gb,gb,Zambia,2020,189.9,156.7,198.83248629918774,177.76624314959386,0.5
two_lag,grouped,9,M6_history_env_full_vc_rf,rf,Côte d'Ivoire,2017,138.86,140.1,193.57110984479854,166.83555492239927,0.5
two_lag,grouped,9,M6_history_env_full_vc_rf,rf,Côte d'Ivoire,2018,330.6,138.86,185.03431476399038,161.9471573819952,0.5
two_lag,grouped,9,M6_history_env_full_vc_rf,rf,Côte d'Ivoire,2020,287.0,330.6,276.5291154394908,303.5645577197454,0.5
two_lag,grouped,9,M6_history_env_full_vc_rf,rf,Democratic Republic of the Congo,2017,307.62,310.59,280.7526715327983,295.6713357663991,0.5
two_lag,grouped,9,M6_history_env_full_vc_rf,rf,Democratic Republic of the Congo,2018,319.8,307.62,279.41815440439893,293.51907720219947,0.5
two_lag,grouped,9,M6_history_env_full_vc_rf,rf,Democratic Republic of the Congo,2020,324.2,319.8,278.5423577319603,299.17117886598015,0.5
two_lag,grouped,9,M6_history_env_full_vc_rf,rf,Malawi,2017,231.1,233.45,247.17785212869896,240.31392606434946,0.5
two_lag,grouped,9,M6_history_env_full_vc_rf,rf,Malawi,2018,213.6,231.1,246.26845092717838,238.6842254635892,0.5
two_lag,grouped,9,M6_history_env_full_vc_rf,rf,Malawi,2020,228.5,213.6,227.9963018491676,220.7981509245838,0.5
two_lag,grouped,9,M6_history_env_full_vc_rf,rf,Mali,2017,386.16,383.59,370.1733073403819,376.88165367019093,0.5
two_lag,grouped,9,M6_history_env_full_vc_rf,rf,Mali,2018,386.8,386.16,371.03618840964606,378.59809420482304,0.5
two_lag,grouped,9,M6_history_env_full_vc_rf,rf,Mozambique,2017,337.92,338.3,311.2976268411528,324.7988134205764,0.5
two_lag,grouped,9,M6_history_env_full_vc_rf,rf,Mozambique,2018,305.4,337.92,312.02506142986977,324.9725307149349,0.5
two_lag,grouped,9,M6_history_env_full_vc_rf,rf,Mozambique,2020,320.2,305.4,302.70866762815103,304.0543338140755,0.5
two_lag,grouped,9,M6_history_env_full_vc_rf,rf,Togo,2017,370.86,376.39,370.7753656007328,373.5826828003664,0.5
two_lag,grouped,9,M6_history_env_full_vc_rf,rf,Togo,2018,267.3,370.86,371.60986664685316,371.2349333234266,0.5
two_lag,grouped,9,M6_history_env_full_vc_rf,rf,Togo,2020,228.9,267.3,290.3077151547078,278.80385757735394,0.5
two_lag,grouped,9,M6_history_env_full_vc_rf,rf,Zambia,2017,203.32,204.19,236.0624667499895,220.12623337499474,0.5
two_lag,grouped,9,M6_history_env_full_vc_rf,rf,Zambia,2018,156.7,203.32,235.0146838912535,219.16734194562673,0.5
two_lag,grouped,9,M6_history_env_full_vc_rf,rf,Zambia,2020,189.9,156.7,202.60938123348834,179.65469061674418,0.5
two_lag,grouped,9,M6_history_env_full_vc_gb,gb,Côte d'Ivoire,2017,138.86,140.1,178.29339410519248,159.19669705259622,0.5
two_lag,grouped,9,M6_history_env_full_vc_gb,gb,Côte d'Ivoire,2018,330.6,138.86,168.01486475534645,153.43743237767325,0.5
two_lag,grouped,9,M6_history_env_full_vc_gb,gb,Côte d'Ivoire,2020,287.0,330.6,313.2859738830869,321.9429869415435,0.5
two_lag,grouped,9,M6_history_env_full_vc_gb,gb,Democratic Republic of the Congo,2017,307.62,310.59,294.00003437141197,302.295017185706,0.5
two_lag,grouped,9,M6_history_env_full_vc_gb,gb,Democratic Republic of the Congo,2018,319.8,307.62,294.00003437141197,300.810017185706,0.5
two_lag,grouped,9,M6_history_env_full_vc_gb,gb,Democratic Republic of the Congo,2020,324.2,319.8,280.7955272067767,300.2977636033884,0.5
two_lag,grouped,9,M6_history_env_full_vc_gb,gb,Malawi,2017,231.1,233.45,235.12191392712927,234.28595696356462,0.5
two_lag,grouped,9,M6_history_env_full_vc_gb,gb,Malawi,2018,213.6,231.1,226.160886062668,228.63044303133398,0.5
two_lag,grouped,9,M6_history_env_full_vc_gb,gb,Malawi,2020,228.5,213.6,200.15217918562647,206.87608959281323,0.5
two_lag,grouped,9,M6_history_env_full_vc_gb,gb,Mali,2017,386.16,383.59,398.3065772213824,390.9482886106912,0.5
two_lag,grouped,9,M6_history_env_full_vc_gb,gb,Mali,2018,386.8,386.16,398.3065772213824,392.2332886106912,0.5
two_lag,grouped,9,M6_history_env_full_vc_gb,gb,Mozambique,2017,337.92,338.3,318.61867466972893,328.4593373348645,0.5
two_lag,grouped,9,M6_history_env_full_vc_gb,gb,Mozambique,2018,305.4,337.92,315.39131767328143,326.6556588366407,0.5
two_lag,grouped,9,M6_history_env_full_vc_gb,gb,Mozambique,2020,320.2,305.4,305.1317608036058,305.26588040180286,0.5
two_lag,grouped,9,M6_history_env_full_vc_gb,gb,Togo,2017,370.86,376.39,375.51199853446377,375.95099926723185,0.5
two_lag,grouped,9,M6_history_env_full_vc_gb,gb,Togo,2018,267.3,370.86,379.24124208792824,375.05062104396416,0.5
two_lag,grouped,9,M6_history_env_full_vc_gb,gb,Togo,2020,228.9,267.3,255.7970280451055,261.54851402255275,0.5
two_lag,grouped,9,M6_history_env_full_vc_gb,gb,Zambia,2017,203.32,204.19,231.1138820145857,217.65194100729286,0.5
two_lag,grouped,9,M6_history_env_full_vc_gb,gb,Zambia,2018,156.7,203.32,215.9102468962065,209.61512344810325,0.5
two_lag,grouped,9,M6_history_env_full_vc_gb,gb,Zambia,2020,189.9,156.7,205.73470807714247,181.21735403857122,0.5
two_lag,grouped,10,M0_persistence,baseline,Burkina Faso,2017,411.99,411.62,411.62,411.62,
two_lag,grouped,10,M0_persistence,baseline,Burkina Faso,2018,398.7,411.99,411.99,411.99,
two_lag,grouped,10,M0_persistence,baseline,Burkina Faso,2020,389.9,398.7,398.7,398.7,
two_lag,grouped,10,M0_persistence,baseline,Côte d'Ivoire,2017,138.86,140.1,140.1,140.1,
two_lag,grouped,10,M0_persistence,baseline,Côte d'Ivoire,2018,330.6,138.86,138.86,138.86,
two_lag,grouped,10,M0_persistence,baseline,Côte d'Ivoire,2020,287.0,330.6,330.6,330.6,
two_lag,grouped,10,M0_persistence,baseline,Gabon,2017,168.87,169.11,169.11,169.11,
two_lag,grouped,10,M0_persistence,baseline,Gabon,2018,248.2,168.87,168.87,168.87,
two_lag,grouped,10,M0_persistence,baseline,Gabon,2020,215.5,248.2,248.2,248.2,
two_lag,grouped,10,M0_persistence,baseline,Kenya,2017,70.83,71.23,71.23,71.23,
two_lag,grouped,10,M0_persistence,baseline,Kenya,2018,70.1,70.83,70.83,70.83,
two_lag,grouped,10,M0_persistence,baseline,Kenya,2020,50.9,70.1,70.1,70.1,
two_lag,grouped,10,M0_persistence,baseline,Madagascar,2017,90.9,67.97,67.97,67.97,
two_lag,grouped,10,M0_persistence,baseline,Madagascar,2018,82.4,90.9,90.9,90.9,
two_lag,grouped,10,M0_persistence,baseline,Madagascar,2020,133.5,82.4,82.4,82.4,
two_lag,grouped,10,M0_persistence,baseline,Mali,2017,386.16,383.59,383.59,383.59,
two_lag,grouped,10,M0_persistence,baseline,Mali,2018,386.8,386.16,386.16,386.16,
two_lag,grouped,10,M0_persistence,baseline,Uganda,2017,200.66,203.09,203.09,203.09,
two_lag,grouped,10,M0_persistence,baseline,Uganda,2018,289.2,200.66,200.66,200.66,
two_lag,grouped,10,M0_persistence,baseline,Uganda,2020,283.8,289.2,289.2,289.2,
two_lag,grouped,10,M1_history_rf,rf,Burkina Faso,2017,411.99,411.62,367.4597643841986,396.16391753446953,0.35000000000000003
two_lag,grouped,10,M1_history_rf,rf,Burkina Faso,2018,398.7,411.99,367.4597643841986,396.40441753446953,0.35000000000000003
two_lag,grouped,10,M1_history_rf,rf,Burkina Faso,2020,389.9,398.7,367.4597643841986,387.7659175344695,0.35000000000000003
two_lag,grouped,10,M1_history_rf,rf,Côte d'Ivoire,2017,138.86,140.1,175.15202935087143,152.368210272805,0.35000000000000003
two_lag,grouped,10,M1_history_rf,rf,Côte d'Ivoire,2018,330.6,138.86,170.6991741445222,150.00371095058279,0.35000000000000003
two_lag,grouped,10,M1_history_rf,rf,Côte d'Ivoire,2020,287.0,330.6,273.6321783254523,310.66126241390833,0.35000000000000003
two_lag,grouped,10,M1_history_rf,rf,Gabon,2017,168.87,169.11,199.7771209248888,179.8434923237111,0.35000000000000003
two_lag,grouped,10,M1_history_rf,rf,Gabon,2018,248.2,168.87,201.47606817885702,180.28212386259997,0.35000000000000003
two_lag,grouped,10,M1_history_rf,rf,Gabon,2020,215.5,248.2,260.0239593416025,252.33838576956086,0.35000000000000003
two_lag,grouped,10,M1_history_rf,rf,Kenya,2017,70.83,71.23,74.87306054834056,72.5050711919192,0.35000000000000003
two_lag,grouped,10,M1_history_rf,rf,Kenya,2018,70.1,70.83,73.94917781818184,71.92171223636365,0.35000000000000003
two_lag,grouped,10,M1_history_rf,rf,Kenya,2020,50.9,70.1,73.94917781818184,71.44721223636364,0.35000000000000003
two_lag,grouped,10,M1_history_rf,rf,Madagascar,2017,90.9,67.97,90.81718590043295,75.96651506515153,0.35000000000000003
two_lag,grouped,10,M1_history_rf,rf,Madagascar,2018,82.4,90.9,77.49156788600287,86.207048760101,0.35000000000000003
two_lag,grouped,10,M1_history_rf,rf,Madagascar,2020,133.5,82.4,87.53518953030309,84.19731633560609,0.35000000000000003
two_lag,grouped,10,M1_history_rf,rf,Mali,2017,386.16,383.59,359.83694816991306,375.27643185946954,0.35000000000000003
two_lag,grouped,10,M1_history_rf,rf,Mali,2018,386.8,386.16,364.2543287499439,378.49301506248037,0.35000000000000003
two_lag,grouped,10,M1_history_rf,rf,Uganda,2017,200.66,203.09,195.56728440826828,200.4570495428939,0.35000000000000003
two_lag,grouped,10,M1_history_rf,rf,Uganda,2018,289.2,200.66,197.88756222356406,199.6896467782474,0.35000000000000003
two_lag,grouped,10,M1_history_rf,rf,Uganda,2020,283.8,289.2,271.1726404343434,282.89042415202016,0.35000000000000003
two_lag,grouped,10,M1_history_gb,gb,Burkina Faso,2017,411.99,411.62,393.064984393338,402.342492196669,0.5
two_lag,grouped,10,M1_history_gb,gb,Burkina Faso,2018,398.7,411.99,393.064984393338,402.527492196669,0.5
two_lag,grouped,10,M1_history_gb,gb,Burkina Faso,2020,389.9,398.7,393.064984393338,395.882492196669,0.5
two_lag,grouped,10,M1_history_gb,gb,Côte d'Ivoire,2017,138.86,140.1,192.85122496586567,166.47561248293283,0.5
two_lag,grouped,10,M1_history_gb,gb,Côte d'Ivoire,2018,330.6,138.86,192.85122496586567,165.85561248293283,0.5
two_lag,grouped,10,M1_history_gb,gb,Côte d'Ivoire,2020,287.0,330.6,324.21170302523745,327.4058515126187,0.5
two_lag,grouped,10,M1_history_gb,gb,Gabon,2017,168.87,169.11,191.8240231734209,180.46701158671044,0.5
two_lag,grouped,10,M1_history_gb,gb,Gabon,2018,248.2,168.87,191.8240231734209,180.34701158671044,0.5
two_lag,grouped,10,M1_history_gb,gb,Gabon,2020,215.5,248.2,269.9192547121077,259.05962735605385,0.5
two_lag,grouped,10,M1_history_gb,gb,Kenya,2017,70.83,71.23,72.06070185170678,71.64535092585339,0.5
two_lag,grouped,10,M1_history_gb,gb,Kenya,2018,70.1,70.83,70.66725075831293,70.74862537915646,0.5
two_lag,grouped,10,M1_history_gb,gb,Kenya,2020,50.9,70.1,70.66725075831293,70.38362537915646,0.5
two_lag,grouped,10,M1_history_gb,gb,Madagascar,2017,90.9,67.97,92.42641959514715,80.19820979757358,0.5
two_lag,grouped,10,M1_history_gb,gb,Madagascar,2018,82.4,90.9,70.66725075831293,80.78362537915646,0.5
two_lag,grouped,10,M1_history_gb,gb,Madagascar,2020,133.5,82.4,92.42641959514715,87.41320979757359,0.5
two_lag,grouped,10,M1_history_gb,gb,Mali,2017,386.16,383.59,358.67744183331433,371.1337209166571,0.5
two_lag,grouped,10,M1_history_gb,gb,Mali,2018,386.8,386.16,358.67744183331433,372.4187209166572,0.5
two_lag,grouped,10,M1_history_gb,gb,Uganda,2017,200.66,203.09,200.48849967372632,201.78924983686318,0.5
two_lag,grouped,10,M1_history_gb,gb,Uganda,2018,289.2,200.66,211.43114873563954,206.04557436781977,0.5
two_lag,grouped,10,M1_history_gb,gb,Uganda,2020,283.8,289.2,292.90729280530064,291.0536464026503,0.5
two_lag,grouped,10,M2_history_env_compact_rf,rf,Burkina Faso,2017,411.99,411.62,374.5927737304359,396.80910949217434,0.4
two_lag,grouped,10,M2_history_env_compact_rf,rf,Burkina Faso,2018,398.7,411.99,376.9106872318789,397.95827489275155,0.4
two_lag,grouped,10,M2_history_env_compact_rf,rf,Burkina Faso,2020,389.9,398.7,380.8220707846595,391.5488283138638,0.4
two_lag,grouped,10,M2_history_env_compact_rf,rf,Côte d'Ivoire,2017,138.86,140.1,203.07889942019096,165.29155976807638,0.4
two_lag,grouped,10,M2_history_env_compact_rf,rf,Côte d'Ivoire,2018,330.6,138.86,196.7793611893107,162.0277444757243,0.4
two_lag,grouped,10,M2_history_env_compact_rf,rf,Côte d'Ivoire,2020,287.0,330.6,293.1538768789751,315.62155075159006,0.4
two_lag,grouped,10,M2_history_env_compact_rf,rf,Gabon,2017,168.87,169.11,211.9701999469779,186.25407997879117,0.4
two_lag,grouped,10,M2_history_env_compact_rf,rf,Gabon,2018,248.2,168.87,229.17055963791773,192.9902238551671,0.4
two_lag,grouped,10,M2_history_env_compact_rf,rf,Gabon,2020,215.5,248.2,267.0655661778778,255.74622647115112,0.4
two_lag,grouped,10,M2_history_env_compact_rf,rf,Kenya,2017,70.83,71.23,81.07349879725832,75.16739951890334,0.4
two_lag,grouped,10,M2_history_env_compact_rf,rf,Kenya,2018,70.1,70.83,91.4922191438007,79.09488765752027,0.4
two_lag,grouped,10,M2_history_env_compact_rf,rf,Kenya,2020,50.9,70.1,89.65752388189593,77.92300955275837,0.4
two_lag,grouped,10,M2_history_env_compact_rf,rf,Madagascar,2017,90.9,67.97,110.01838227583525,84.7893529103341,0.4
two_lag,grouped,10,M2_history_env_compact_rf,rf,Madagascar,2018,82.4,90.9,107.8152207520258,97.66608830081032,0.4
two_lag,grouped,10,M2_history_env_compact_rf,rf,Madagascar,2020,133.5,82.4,106.00292222965923,91.8411688918637,0.4
two_lag,grouped,10,M2_history_env_compact_rf,rf,Mali,2017,386.16,383.59,379.1266024862358,381.8046409944943,0.4
two_lag,grouped,10,M2_history_env_compact_rf,rf,Mali,2018,386.8,386.16,380.789245676712,384.0116982706848,0.4
two_lag,grouped,10,M2_history_env_compact_rf,rf,Uganda,2017,200.66,203.09,206.7341599058702,204.54766396234808,0.4
two_lag,grouped,10,M2_history_env_compact_rf,rf,Uganda,2018,289.2,200.66,221.92055209081593,209.16422083632636,0.4
two_lag,grouped,10,M2_history_env_compact_rf,rf,Uganda,2020,283.8,289.2,284.77097987441454,287.4283919497658,0.4
two_lag,grouped,10,M2_history_env_compact_gb,gb,Burkina Faso,2017,411.99,411.62,384.0789295686036,400.60357182744144,0.4
two_lag,grouped,10,M2_history_env_compact_gb,gb,Burkina Faso,2018,398.7,411.99,384.0789295686036,400.8255718274414,0.4
two_lag,grouped,10,M2_history_env_compact_gb,gb,Burkina Faso,2020,389.9,398.7,384.0789295686036,392.85157182744143,0.4
two_lag,grouped,10,M2_history_env_compact_gb,gb,Côte d'Ivoire,2017,138.86,140.1,210.66062932630874,168.32425173052349,0.4
two_lag,grouped,10,M2_history_env_compact_gb,gb,Côte d'Ivoire,2018,330.6,138.86,207.0342951590871,166.12971806363484,0.4
two_lag,grouped,10,M2_history_env_compact_gb,gb,Côte d'Ivoire,2020,287.0,330.6,316.73013521033033,325.0520540841321,0.4
two_lag,grouped,10,M2_history_env_compact_gb,gb,Gabon,2017,168.87,169.11,198.963523596634,181.0514094386536,0.4
two_lag,grouped,10,M2_history_env_compact_gb,gb,Gabon,2018,248.2,168.87,206.473112544382,183.9112450177528,0.4
two_lag,grouped,10,M2_history_env_compact_gb,gb,Gabon,2020,215.5,248.2,262.2901992754344,253.83607971017375,0.4
two_lag,grouped,10,M2_history_env_compact_gb,gb,Kenya,2017,70.83,71.23,88.83942627916907,78.27377051166764,0.4
two_lag,grouped,10,M2_history_env_compact_gb,gb,Kenya,2018,70.1,70.83,93.4536543854293,79.87946175417171,0.4
two_lag,grouped,10,M2_history_env_compact_gb,gb,Kenya,2020,50.9,70.1,98.63862303713499,81.51544921485399,0.4
two_lag,grouped,10,M2_history_env_compact_gb,gb,Madagascar,2017,90.9,67.97,116.23619844994634,87.27647937997854,0.4
two_lag,grouped,10,M2_history_env_compact_gb,gb,Madagascar,2018,82.4,90.9,109.12074723174136,98.18829889269655,0.4
two_lag,grouped,10,M2_history_env_compact_gb,gb,Madagascar,2020,133.5,82.4,114.9574149463724,95.42296597854896,0.4
two_lag,grouped,10,M2_history_env_compact_gb,gb,Mali,2017,386.16,383.59,390.71209595169955,386.4388383806798,0.4
two_lag,grouped,10,M2_history_env_compact_gb,gb,Mali,2018,386.8,386.16,391.94896363661525,388.47558545464614,0.4
two_lag,grouped,10,M2_history_env_compact_gb,gb,Uganda,2017,200.66,203.09,199.27575595126865,201.56430238050746,0.4
two_lag,grouped,10,M2_history_env_compact_gb,gb,Uganda,2018,289.2,200.66,205.52180313226842,202.60472125290735,0.4
two_lag,grouped,10,M2_history_env_compact_gb,gb,Uganda,2020,283.8,289.2,294.2912929109076,291.236517164363,0.4
two_lag,grouped,10,M3_history_vc_rf,rf,Burkina Faso,2017,411.99,411.62,379.11368907108596,398.61747562843436,0.4
two_lag,grouped,10,M3_history_vc_rf,rf,Burkina Faso,2018,398.7,411.99,379.08218907108596,398.8268756284344,0.4
two_lag,grouped,10,M3_history_vc_rf,rf,Burkina Faso,2020,389.9,398.7,379.11368907108596,390.86547562843435,0.4
two_lag,grouped,10,M3_history_vc_rf,rf,Côte d'Ivoire,2017,138.86,140.1,183.41616474940707,157.42646589976283,0.4
two_lag,grouped,10,M3_history_vc_rf,rf,Côte d'Ivoire,2018,330.6,138.86,178.12151950337534,154.56460780135015,0.4
two_lag,grouped,10,M3_history_vc_rf,rf,Côte d'Ivoire,2020,287.0,330.6,292.1475238199458,315.2190095279783,0.4
two_lag,grouped,10,M3_history_vc_rf,rf,Gabon,2017,168.87,169.11,236.58686386724378,196.1007455468975,0.4
two_lag,grouped,10,M3_history_vc_rf,rf,Gabon,2018,248.2,168.87,212.69911529325725,186.4016461173029,0.4
two_lag,grouped,10,M3_history_vc_rf,rf,Gabon,2020,215.5,248.2,273.3195341760461,258.24781367041845,0.4
two_lag,grouped,10,M3_history_vc_rf,rf,Kenya,2017,70.83,71.23,65.39870248196243,68.89748099278498,0.4
two_lag,grouped,10,M3_history_vc_rf,rf,Kenya,2018,70.1,70.83,64.36007640259739,68.24203056103896,0.4
two_lag,grouped,10,M3_history_vc_rf,rf,Kenya,2020,50.9,70.1,64.00278300577197,67.66111320230878,0.4
two_lag,grouped,10,M3_history_vc_rf,rf,Madagascar,2017,90.9,67.97,98.71903176623381,80.26961270649352,0.4
two_lag,grouped,10,M3_history_vc_rf,rf,Madagascar,2018,82.4,90.9,90.45065831529587,90.72026332611836,0.4
two_lag,grouped,10,M3_history_vc_rf,rf,Madagascar,2020,133.5,82.4,95.84658324458879,87.77863329783551,0.4
two_lag,grouped,10,M3_history_vc_rf,rf,Mali,2017,386.16,383.59,369.66586647187967,378.02034658875186,0.4
two_lag,grouped,10,M3_history_vc_rf,rf,Mali,2018,386.8,386.16,371.258102868705,380.19924114748204,0.4
two_lag,grouped,10,M3_history_vc_rf,rf,Uganda,2017,200.66,203.09,191.98204375339643,198.64681750135858,0.4
two_lag,grouped,10,M3_history_vc_rf,rf,Uganda,2018,289.2,200.66,201.9346840291484,201.16987361165937,0.4
two_lag,grouped,10,M3_history_vc_rf,rf,Uganda,2020,283.8,289.2,286.29505561541043,288.0380222461642,0.4
two_lag,grouped,10,M3_history_vc_gb,gb,Burkina Faso,2017,411.99,411.62,370.30919908430764,395.0956796337231,0.4
two_lag,grouped,10,M3_history_vc_gb,gb,Burkina Faso,2018,398.7,411.99,370.30919908430764,395.31767963372306,0.4
two_lag,grouped,10,M3_history_vc_gb,gb,Burkina Faso,2020,389.9,398.7,370.30919908430764,387.34367963372307,0.4
two_lag,grouped,10,M3_history_vc_gb,gb,Côte d'Ivoire,2017,138.86,140.1,207.0261589037076,166.87046356148304,0.4
two_lag,grouped,10,M3_history_vc_gb,gb,Côte d'Ivoire,2018,330.6,138.86,207.0261589037076,166.12646356148304,0.4
two_lag,grouped,10,M3_history_vc_gb,gb,Côte d'Ivoire,2020,287.0,330.6,325.69250290379927,328.6370011615197,0.4
two_lag,grouped,10,M3_history_vc_gb,gb,Gabon,2017,168.87,169.11,239.15074316805922,197.1262972672237,0.4
two_lag,grouped,10,M3_history_vc_gb,gb,Gabon,2018,248.2,168.87,217.6477081514121,188.38108326056485,0.4
two_lag,grouped,10,M3_history_vc_gb,gb,Gabon,2020,215.5,248.2,271.8188009997131,257.64752039988525,0.4
two_lag,grouped,10,M3_history_vc_gb,gb,Kenya,2017,70.83,71.23,62.71241530797692,67.82296612319077,0.4
two_lag,grouped,10,M3_history_vc_gb,gb,Kenya,2018,70.1,70.83,62.98494490779249,67.691977963117,0.4
two_lag,grouped,10,M3_history_vc_gb,gb,Kenya,2020,50.9,70.1,62.98494490779249,67.253977963117,0.4
two_lag,grouped,10,M3_history_vc_gb,gb,Madagascar,2017,90.9,67.97,100.83440045573421,81.11576018229368,0.4
two_lag,grouped,10,M3_history_vc_gb,gb,Madagascar,2018,82.4,90.9,86.62748521237205,89.19099408494883,0.4
two_lag,grouped,10,M3_history_vc_gb,gb,Madagascar,2020,133.5,82.4,100.83440045573421,89.77376018229369,0.4
two_lag,grouped,10,M3_history_vc_gb,gb,Mali,2017,386.16,383.59,372.1109591517191,378.99838366068764,0.4
two_lag,grouped,10,M3_history_vc_gb,gb,Mali,2018,386.8,386.16,374.99155723512274,381.6926228940491,0.4
two_lag,grouped,10,M3_history_vc_gb,gb,Uganda,2017,200.66,203.09,188.11999073074765,197.10199629229905,0.4
two_lag,grouped,10,M3_history_vc_gb,gb,Uganda,2018,289.2,200.66,199.4733261138951,200.18533044555804,0.4
two_lag,grouped,10,M3_history_vc_gb,gb,Uganda,2020,283.8,289.2,303.6086505679004,294.96346022716017,0.4
two_lag,grouped,10,M4_history_env_compact_vc_rf,rf,Burkina Faso,2017,411.99,411.62,370.7066054298412,395.2546421719365,0.4
two_lag,grouped,10,M4_history_env_compact_vc_rf,rf,Burkina Faso,2018,398.7,411.99,371.4224558576735,395.76298234306944,0.4
two_lag,grouped,10,M4_history_env_compact_vc_rf,rf,Burkina Faso,2020,389.9,398.7,374.30240775157495,388.94096310063,0.4
two_lag,grouped,10,M4_history_env_compact_vc_rf,rf,Côte d'Ivoire,2017,138.86,140.1,198.11981898863232,163.30792759545292,0.4
two_lag,grouped,10,M4_history_env_compact_vc_rf,rf,Côte d'Ivoire,2018,330.6,138.86,191.55902079739215,159.93960831895686,0.4
two_lag,grouped,10,M4_history_env_compact_vc_rf,rf,Côte d'Ivoire,2020,287.0,330.6,290.6495474348002,314.6198189739201,0.4
two_lag,grouped,10,M4_history_env_compact_vc_rf,rf,Gabon,2017,168.87,169.11,222.43980945743147,190.4419237829726,0.4
two_lag,grouped,10,M4_history_env_compact_vc_rf,rf,Gabon,2018,248.2,168.87,216.44076986486704,187.8983079459468,0.4
two_lag,grouped,10,M4_history_env_compact_vc_rf,rf,Gabon,2020,215.5,248.2,271.31135231845917,257.4445409273837,0.4
two_lag,grouped,10,M4_history_env_compact_vc_rf,rf,Kenya,2017,70.83,71.23,81.83547037123984,75.47218814849593,0.4
two_lag,grouped,10,M4_history_env_compact_vc_rf,rf,Kenya,2018,70.1,70.83,91.03676399628151,78.9127055985126,0.4
two_lag,grouped,10,M4_history_env_compact_vc_rf,rf,Kenya,2020,50.9,70.1,88.79171025818626,77.5766841032745,0.4
two_lag,grouped,10,M4_history_env_compact_vc_rf,rf,Madagascar,2017,90.9,67.97,111.0464574065379,85.20058296261516,0.4
two_lag,grouped,10,M4_history_env_compact_vc_rf,rf,Madagascar,2018,82.4,90.9,108.30604893034744,97.86241957213898,0.4
two_lag,grouped,10,M4_history_env_compact_vc_rf,rf,Madagascar,2020,133.5,82.4,107.4224341366967,92.40897365467868,0.4
two_lag,grouped,10,M4_history_env_compact_vc_rf,rf,Mali,2017,386.16,383.59,373.32046659295594,379.48218663718234,0.4
two_lag,grouped,10,M4_history_env_compact_vc_rf,rf,Mali,2018,386.8,386.16,374.8782849580353,381.64731398321413,0.4
two_lag,grouped,10,M4_history_env_compact_vc_rf,rf,Uganda,2017,200.66,203.09,205.5798150004261,204.08592600017045,0.4
two_lag,grouped,10,M4_history_env_compact_vc_rf,rf,Uganda,2018,289.2,200.66,212.59684888742765,205.43473955497106,0.4
two_lag,grouped,10,M4_history_env_compact_vc_rf,rf,Uganda,2020,283.8,289.2,288.1329527107338,288.7731810842935,0.4
two_lag,grouped,10,M4_history_env_compact_vc_gb,gb,Burkina Faso,2017,411.99,411.62,369.8537581455463,394.9135032582185,0.4
two_lag,grouped,10,M4_history_env_compact_vc_gb,gb,Burkina Faso,2018,398.7,411.99,369.8537581455463,395.13550325821853,0.4
two_lag,grouped,10,M4_history_env_compact_vc_gb,gb,Burkina Faso,2020,389.9,398.7,370.27081468131985,387.32832587252796,0.4
two_lag,grouped,10,M4_history_env_compact_vc_gb,gb,Côte d'Ivoire,2017,138.86,140.1,202.73596459119008,165.15438583647602,0.4
two_lag,grouped,10,M4_history_env_compact_vc_gb,gb,Côte d'Ivoire,2018,330.6,138.86,196.5243146999813,161.9257258799925,0.4
two_lag,grouped,10,M4_history_env_compact_vc_gb,gb,Côte d'Ivoire,2020,287.0,330.6,315.55783983339717,324.5831359333589,0.4
two_lag,grouped,10,M4_history_env_compact_vc_gb,gb,Gabon,2017,168.87,169.11,214.73390112623827,187.3595604504953,0.4
two_lag,grouped,10,M4_history_env_compact_vc_gb,gb,Gabon,2018,248.2,168.87,205.0250242474587,183.33200969898348,0.4
two_lag,grouped,10,M4_history_env_compact_vc_gb,gb,Gabon,2020,215.5,248.2,266.06215708971575,255.3448628358863,0.4
two_lag,grouped,10,M4_history_env_compact_vc_gb,gb,Kenya,2017,70.83,71.23,86.52783790739585,77.34913516295835,0.4
two_lag,grouped,10,M4_history_env_compact_vc_gb,gb,Kenya,2018,70.1,70.83,89.68312144923871,78.37124857969549,0.4
two_lag,grouped,10,M4_history_env_compact_vc_gb,gb,Kenya,2020,50.9,70.1,94.9345485231151,80.03381940924604,0.4
two_lag,grouped,10,M4_history_env_compact_vc_gb,gb,Madagascar,2017,90.9,67.97,115.22781353736207,86.87312541494482,0.4
two_lag,grouped,10,M4_history_env_compact_vc_gb,gb,Madagascar,2018,82.4,90.9,111.07741062684731,98.97096425073893,0.4
two_lag,grouped,10,M4_history_env_compact_vc_gb,gb,Madagascar,2020,133.5,82.4,117.9443016616307,96.61772066465228,0.4
two_lag,grouped,10,M4_history_env_compact_vc_gb,gb,Mali,2017,386.16,383.59,374.08358792467493,379.78743516987,0.4
two_lag,grouped,10,M4_history_env_compact_vc_gb,gb,Mali,2018,386.8,386.16,378.0519633689886,382.91678534759546,0.4
two_lag,grouped,10,M4_history_env_compact_vc_gb,gb,Uganda,2017,200.66,203.09,196.30255788742926,200.3750231549717,0.4
two_lag,grouped,10,M4_history_env_compact_vc_gb,gb,Uganda,2018,289.2,200.66,199.85406708527324,200.3376268341093,0.4
two_lag,grouped,10,M4_history_env_compact_vc_gb,gb,Uganda,2020,283.8,289.2,300.4272165840264,293.69088663361055,0.4
two_lag,grouped,10,M5_history_env_full_rf,rf,Burkina Faso,2017,411.99,411.62,356.7213988675371,389.6605595470148,0.4
two_lag,grouped,10,M5_history_env_full_rf,rf,Burkina Faso,2018,398.7,411.99,360.6187465987503,391.44149863950014,0.4
two_lag,grouped,10,M5_history_env_full_rf,rf,Burkina Faso,2020,389.9,398.7,364.168202829131,384.8872811316524,0.4
two_lag,grouped,10,M5_history_env_full_rf,rf,Côte d'Ivoire,2017,138.86,140.1,195.69997148394944,162.3399885935798,0.4
two_lag,grouped,10,M5_history_env_full_rf,rf,Côte d'Ivoire,2018,330.6,138.86,192.61845216360308,160.36338086544123,0.4
two_lag,grouped,10,M5_history_env_full_rf,rf,Côte d'Ivoire,2020,287.0,330.6,294.0474662674311,315.97898650697243,0.4
two_lag,grouped,10,M5_history_env_full_rf,rf,Gabon,2017,168.87,169.11,211.93997681798126,186.2419907271925,0.4
two_lag,grouped,10,M5_history_env_full_rf,rf,Gabon,2018,248.2,168.87,226.16196116850148,191.7867844674006,0.4
two_lag,grouped,10,M5_history_env_full_rf,rf,Gabon,2020,215.5,248.2,269.5597048837975,256.743881953519,0.4
two_lag,grouped,10,M5_history_env_full_rf,rf,Kenya,2017,70.83,71.23,86.89535506060611,77.49614202424245,0.4
two_lag,grouped,10,M5_history_env_full_rf,rf,Kenya,2018,70.1,70.83,97.2586951885337,81.40147807541348,0.4
two_lag,grouped,10,M5_history_env_full_rf,rf,Kenya,2020,50.9,70.1,95.80531406154955,80.38212562461982,0.4
two_lag,grouped,10,M5_history_env_full_rf,rf,Madagascar,2017,90.9,67.97,113.73337672893764,86.27535069157506,0.4
two_lag,grouped,10,M5_history_env_full_rf,rf,Madagascar,2018,82.4,90.9,112.31635968131857,99.46654387252744,0.4
two_lag,grouped,10,M5_history_env_full_rf,rf,Madagascar,2020,133.5,82.4,110.62973790354083,93.69189516141634,0.4
two_lag,grouped,10,M5_history_env_full_rf,rf,Mali,2017,386.16,383.59,366.5825037229713,376.7870014891885,0.4
two_lag,grouped,10,M5_history_env_full_rf,rf,Mali,2018,386.8,386.16,366.84452672874335,378.43381069149734,0.4
two_lag,grouped,10,M5_history_env_full_rf,rf,Uganda,2017,200.66,203.09,207.8801231214701,205.00604924858803,0.4
two_lag,grouped,10,M5_history_env_full_rf,rf,Uganda,2018,289.2,200.66,224.30376365144994,210.11750546057996,0.4
two_lag,grouped,10,M5_history_env_full_rf,rf,Uganda,2020,283.8,289.2,285.3160259014091,287.6464103605636,0.4
two_lag,grouped,10,M5_history_env_full_gb,gb,Burkina Faso,2017,411.99,411.62,372.73599809913236,396.0663992396529,0.4
two_lag,grouped,10,M5_history_env_full_gb,gb,Burkina Faso,2018,398.7,411.99,372.20852437204826,396.0774097488193,0.4
two_lag,grouped,10,M5_history_env_full_gb,gb,Burkina Faso,2020,389.9,398.7,372.97190279846905,388.40876111938763,0.4
two_lag,grouped,10,M5_history_env_full_gb,gb,Côte d'Ivoire,2017,138.86,140.1,206.30319535914023,166.5812781436561,0.4
two_lag,grouped,10,M5_history_env_full_gb,gb,Côte d'Ivoire,2018,330.6,138.86,200.09377485590258,163.35350994236103,0.4
two_lag,grouped,10,M5_history_env_full_gb,gb,Côte d'Ivoire,2020,287.0,330.6,311.37689356855805,322.9107574274232,0.4
two_lag,grouped,10,M5_history_env_full_gb,gb,Gabon,2017,168.87,169.11,196.28122556491238,179.97849022596495,0.4
two_lag,grouped,10,M5_history_env_full_gb,gb,Gabon,2018,248.2,168.87,207.6284478946448,184.37337915785793,0.4
two_lag,grouped,10,M5_history_env_full_gb,gb,Gabon,2020,215.5,248.2,261.9105262320089,253.68421049280357,0.4
two_lag,grouped,10,M5_history_env_full_gb,gb,Kenya,2017,70.83,71.23,99.16349108272843,82.40339643309137,0.4
two_lag,grouped,10,M5_history_env_full_gb,gb,Kenya,2018,70.1,70.83,99.23738355804947,82.19295342321979,0.4
two_lag,grouped,10,M5_history_env_full_gb,gb,Kenya,2020,50.9,70.1,107.00095471128479,84.86038188451391,0.4
two_lag,grouped,10,M5_history_env_full_gb,gb,Madagascar,2017,90.9,67.97,119.4595259435124,88.56581037740496,0.4
two_lag,grouped,10,M5_history_env_full_gb,gb,Madagascar,2018,82.4,90.9,121.59741349772641,103.17896539909057,0.4
two_lag,grouped,10,M5_history_env_full_gb,gb,Madagascar,2020,133.5,82.4,120.51215627989006,97.64486251195603,0.4
two_lag,grouped,10,M5_history_env_full_gb,gb,Mali,2017,386.16,383.59,380.11838125278996,382.201352501116,0.4
two_lag,grouped,10,M5_history_env_full_gb,gb,Mali,2018,386.8,386.16,380.11838125278996,383.743352501116,0.4
two_lag,grouped,10,M5_history_env_full_gb,gb,Uganda,2017,200.66,203.09,199.18538599874225,201.5281543994969,0.4
two_lag,grouped,10,M5_history_env_full_gb,gb,Uganda,2018,289.2,200.66,205.9774636268927,202.78698545075707,0.4
two_lag,grouped,10,M5_history_env_full_gb,gb,Uganda,2020,283.8,289.2,293.4927646431266,290.91710585725065,0.4
two_lag,grouped,10,M6_history_env_full_vc_rf,rf,Burkina Faso,2017,411.99,411.62,359.61931508158864,390.81972603263546,0.4
two_lag,grouped,10,M6_history_env_full_vc_rf,rf,Burkina Faso,2018,398.7,411.99,360.67675675895043,391.4647027035802,0.4
two_lag,grouped,10,M6_history_env_full_vc_rf,rf,Burkina Faso,2020,389.9,398.7,364.5323134652995,385.0329253861198,0.4
two_lag,grouped,10,M6_history_env_full_vc_rf,rf,Côte d'Ivoire,2017,138.86,140.1,195.78367163025857,162.37346865210344,0.4
two_lag,grouped,10,M6_history_env_full_vc_rf,rf,Côte d'Ivoire,2018,330.6,138.86,189.70900964613173,159.1996038584527,0.4
two_lag,grouped,10,M6_history_env_full_vc_rf,rf,Côte d'Ivoire,2020,287.0,330.6,292.61128015587354,315.40451206234945,0.4
two_lag,grouped,10,M6_history_env_full_vc_rf,rf,Gabon,2017,168.87,169.11,220.17966414901755,189.53786565960704,0.4
two_lag,grouped,10,M6_history_env_full_vc_rf,rf,Gabon,2018,248.2,168.87,216.19372101641147,187.7994884065646,0.4
two_lag,grouped,10,M6_history_env_full_vc_rf,rf,Gabon,2020,215.5,248.2,273.3208607767234,258.24834431068933,0.4
two_lag,grouped,10,M6_history_env_full_vc_rf,rf,Kenya,2017,70.83,71.23,87.12064049494951,77.58625619797981,0.4
two_lag,grouped,10,M6_history_env_full_vc_rf,rf,Kenya,2018,70.1,70.83,96.04247500888002,80.914990003552,0.4
two_lag,grouped,10,M6_history_env_full_vc_rf,rf,Kenya,2020,50.9,70.1,94.05524816039521,79.68209926415808,0.4
two_lag,grouped,10,M6_history_env_full_vc_rf,rf,Madagascar,2017,90.9,67.97,112.53114380108774,85.79445752043509,0.4
two_lag,grouped,10,M6_history_env_full_vc_rf,rf,Madagascar,2018,82.4,90.9,112.81884119791313,99.66753647916525,0.4
two_lag,grouped,10,M6_history_env_full_vc_rf,rf,Madagascar,2020,133.5,82.4,109.22602891580632,93.13041156632254,0.4
two_lag,grouped,10,M6_history_env_full_vc_rf,rf,Mali,2017,386.16,383.59,364.7091581603122,376.0376632641249,0.4
two_lag,grouped,10,M6_history_env_full_vc_rf,rf,Mali,2018,386.8,386.16,366.50651265237576,378.2986050609503,0.4
two_lag,grouped,10,M6_history_env_full_vc_rf,rf,Uganda,2017,200.66,203.09,205.88858998447654,204.2094359937906,0.4
two_lag,grouped,10,M6_history_env_full_vc_rf,rf,Uganda,2018,289.2,200.66,215.19028707637943,206.47211483055176,0.4
two_lag,grouped,10,M6_history_env_full_vc_rf,rf,Uganda,2020,283.8,289.2,286.56509633998917,288.1460385359957,0.4
two_lag,grouped,10,M6_history_env_full_vc_gb,gb,Burkina Faso,2017,411.99,411.62,358.4210453327306,390.34041813309227,0.4
two_lag,grouped,10,M6_history_env_full_vc_gb,gb,Burkina Faso,2018,398.7,411.99,360.5069845405598,391.3967938162239,0.4
two_lag,grouped,10,M6_history_env_full_vc_gb,gb,Burkina Faso,2020,389.9,398.7,364.2254046595058,384.91016186380233,0.4
two_lag,grouped,10,M6_history_env_full_vc_gb,gb,Côte d'Ivoire,2017,138.86,140.1,203.39251789144606,165.41700715657842,0.4
two_lag,grouped,10,M6_history_env_full_vc_gb,gb,Côte d'Ivoire,2018,330.6,138.86,194.99307576680485,161.31323030672195,0.4
two_lag,grouped,10,M6_history_env_full_vc_gb,gb,Côte d'Ivoire,2020,287.0,330.6,308.69327721582306,321.83731088632925,0.4
two_lag,grouped,10,M6_history_env_full_vc_gb,gb,Gabon,2017,168.87,169.11,211.88397916239103,186.21959166495643,0.4
two_lag,grouped,10,M6_history_env_full_vc_gb,gb,Gabon,2018,248.2,168.87,208.4716654202388,184.7106661680955,0.4
two_lag,grouped,10,M6_history_env_full_vc_gb,gb,Gabon,2020,215.5,248.2,263.4890128728004,254.31560514912016,0.4
two_lag,grouped,10,M6_history_env_full_vc_gb,gb,Kenya,2017,70.83,71.23,93.98896804449049,80.3335872177962,0.4
two_lag,grouped,10,M6_history_env_full_vc_gb,gb,Kenya,2018,70.1,70.83,96.91036391828915,81.26214556731566,0.4
two_lag,grouped,10,M6_history_env_full_vc_gb,gb,Kenya,2020,50.9,70.1,97.93859607568578,81.23543843027431,0.4
two_lag,grouped,10,M6_history_env_full_vc_gb,gb,Madagascar,2017,90.9,67.97,116.95245828252804,87.56298331301122,0.4
two_lag,grouped,10,M6_history_env_full_vc_gb,gb,Madagascar,2018,82.4,90.9,119.45230669818162,102.32092267927266,0.4
two_lag,grouped,10,M6_history_env_full_vc_gb,gb,Madagascar,2020,133.5,82.4,119.04545894898705,97.05818357959483,0.4
two_lag,grouped,10,M6_history_env_full_vc_gb,gb,Mali,2017,386.16,383.59,368.5918733151135,377.5907493260454,0.4
two_lag,grouped,10,M6_history_env_full_vc_gb,gb,Mali,2018,386.8,386.16,370.9465964838622,380.0746385935449,0.4
two_lag,grouped,10,M6_history_env_full_vc_gb,gb,Uganda,2017,200.66,203.09,196.12236731268598,200.3029469250744,0.4
two_lag,grouped,10,M6_history_env_full_vc_gb,gb,Uganda,2018,289.2,200.66,197.9280847289613,199.56723389158452,0.4
two_lag,grouped,10,M6_history_env_full_vc_gb,gb,Uganda,2020,283.8,289.2,296.1012585813746,291.96050343254984,0.4
two_lag,temporal_2020,1,M0_persistence,baseline,Angola,2020,251.6,228.9,228.9,228.9,
two_lag,temporal_2020,1,M0_persistence,baseline,Benin,2020,388.3,386.2,386.2,386.2,
two_lag,temporal_2020,1,M0_persistence,baseline,Burkina Faso,2020,389.9,398.7,398.7,398.7,
two_lag,temporal_2020,1,M0_persistence,baseline,Burundi,2020,294.9,250.3,250.3,250.3,
two_lag,temporal_2020,1,M0_persistence,baseline,Cameroon,2020,260.0,247.0,247.0,247.0,
two_lag,temporal_2020,1,M0_persistence,baseline,Central African Republic,2020,336.0,347.3,347.3,347.3,
two_lag,temporal_2020,1,M0_persistence,baseline,Chad,2020,206.3,164.8,164.8,164.8,
two_lag,temporal_2020,1,M0_persistence,baseline,Congo,2020,213.2,235.1,235.1,235.1,
two_lag,temporal_2020,1,M0_persistence,baseline,Côte d'Ivoire,2020,287.0,330.6,330.6,330.6,
two_lag,temporal_2020,1,M0_persistence,baseline,Democratic Republic of the Congo,2020,324.2,319.8,319.8,319.8,
two_lag,temporal_2020,1,M0_persistence,baseline,Equatorial Guinea,2020,240.8,269.0,269.0,269.0,
two_lag,temporal_2020,1,M0_persistence,baseline,Gabon,2020,215.5,248.2,248.2,248.2,
two_lag,temporal_2020,1,M0_persistence,baseline,Gambia,2020,87.3,66.0,66.0,66.0,
two_lag,temporal_2020,1,M0_persistence,baseline,Ghana,2020,162.8,224.3,224.3,224.3,
two_lag,temporal_2020,1,M0_persistence,baseline,Guinea,2020,319.5,283.9,283.9,283.9,
two_lag,temporal_2020,1,M0_persistence,baseline,Kenya,2020,50.9,70.1,70.1,70.1,
two_lag,temporal_2020,1,M0_persistence,baseline,Liberia,2020,358.0,361.5,361.5,361.5,
two_lag,temporal_2020,1,M0_persistence,baseline,Madagascar,2020,133.5,82.4,82.4,82.4,
two_lag,temporal_2020,1,M0_persistence,baseline,Malawi,2020,228.5,213.6,213.6,213.6,
two_lag,temporal_2020,1,M0_persistence,baseline,Mozambique,2020,320.2,305.4,305.4,305.4,
two_lag,temporal_2020,1,M0_persistence,baseline,Niger,2020,324.1,356.6,356.6,356.6,
two_lag,temporal_2020,1,M0_persistence,baseline,Nigeria,2020,313.8,291.9,291.9,291.9,
two_lag,temporal_2020,1,M0_persistence,baseline,Rwanda,2020,230.5,486.5,486.5,486.5,
two_lag,temporal_2020,1,M0_persistence,baseline,Senegal,2020,49.9,55.8,55.8,55.8,
two_lag,temporal_2020,1,M0_persistence,baseline,Sierra Leone,2020,328.2,320.4,320.4,320.4,
two_lag,temporal_2020,1,M0_persistence,baseline,South Sudan,2020,286.9,235.9,235.9,235.9,
two_lag,temporal_2020,1,M0_persistence,baseline,Togo,2020,228.9,267.3,267.3,267.3,
two_lag,temporal_2020,1,M0_persistence,baseline,Uganda,2020,283.8,289.2,289.2,289.2,
two_lag,temporal_2020,1,M0_persistence,baseline,United Republic of Tanzania,2020,120.2,124.3,124.3,124.3,
two_lag,temporal_2020,1,M0_persistence,baseline,Zambia,2020,189.9,156.7,156.7,156.7,
two_lag,temporal_2020,1,M0_persistence,baseline,Zimbabwe,2020,98.5,51.0,51.0,51.0,
two_lag,temporal_2020,1,M1_history_rf,rf,Angola,2020,251.6,228.9,213.2658237949973,223.42803832824904,0.35000000000000003
two_lag,temporal_2020,1,M1_history_rf,rf,Benin,2020,388.3,386.2,374.4430691827063,382.0850742139472,0.35000000000000003
two_lag,temporal_2020,1,M1_history_rf,rf,Burkina Faso,2020,389.9,398.7,401.90415095010593,399.8214528325371,0.35000000000000003
two_lag,temporal_2020,1,M1_history_rf,rf,Burundi,2020,294.9,250.3,231.18207168643937,243.60872509025378,0.35000000000000003
two_lag,temporal_2020,1,M1_history_rf,rf,Cameroon,2020,260.0,247.0,250.74260778979348,248.3099127264277,0.35000000000000003
two_lag,temporal_2020,1,M1_history_rf,rf,Central African Republic,2020,336.0,347.3,353.61875147205564,349.5115630152195,0.35000000000000003
two_lag,temporal_2020,1,M1_history_rf,rf,Chad,2020,206.3,164.8,197.62230488912553,176.28780671119395,0.35000000000000003
two_lag,temporal_2020,1,M1_history_rf,rf,Congo,2020,213.2,235.1,232.3506949505085,234.13774323267796,0.35000000000000003
two_lag,temporal_2020,1,M1_history_rf,rf,Côte d'Ivoire,2020,287.0,330.6,251.50207591425243,302.91572656998835,0.35000000000000003
two_lag,temporal_2020,1,M1_history_rf,rf,Democratic Republic of the Congo,2020,324.2,319.8,289.8245522341267,309.30859328194435,0.35000000000000003
two_lag,temporal_2020,1,M1_history_rf,rf,Equatorial Guinea,2020,240.8,269.0,279.935302062493,272.82735572187255,0.35000000000000003
two_lag,temporal_2020,1,M1_history_rf,rf,Gabon,2020,215.5,248.2,218.01313391221353,237.63459686927473,0.35000000000000003
two_lag,temporal_2020,1,M1_history_rf,rf,Gambia,2020,87.3,66.0,70.21782712831605,67.47623949491062,0.35000000000000003
two_lag,temporal_2020,1,M1_history_rf,rf,Ghana,2020,162.8,224.3,226.03325498237865,224.90663924383253,0.35000000000000003
two_lag,temporal_2020,1,M1_history_rf,rf,Guinea,2020,319.5,283.9,298.1326598536463,288.8814309487762,0.35000000000000003
two_lag,temporal_2020,1,M1_history_rf,rf,Kenya,2020,50.9,70.1,71.6137472711732,70.62981154491061,0.35000000000000003
two_lag,temporal_2020,1,M1_history_rf,rf,Liberia,2020,358.0,361.5,269.5751252354867,329.32629383242033,0.35000000000000003
two_lag,temporal_2020,1,M1_history_rf,rf,Madagascar,2020,133.5,82.4,83.17884738517036,82.67259658480963,0.35000000000000003
two_lag,temporal_2020,1,M1_history_rf,rf,Malawi,2020,228.5,213.6,208.18252744903782,211.70388460716325,0.35000000000000003
two_lag,temporal_2020,1,M1_history_rf,rf,Mozambique,2020,320.2,305.4,305.72184532334325,305.5126458631701,0.35000000000000003
two_lag,temporal_2020,1,M1_history_rf,rf,Niger,2020,324.1,356.6,351.7061980437065,354.8871693152973,0.35000000000000003
two_lag,temporal_2020,1,M1_history_rf,rf,Nigeria,2020,313.8,291.9,276.38587648715173,286.4700567705031,0.35000000000000003
two_lag,temporal_2020,1,M1_history_rf,rf,Rwanda,2020,230.5,486.5,419.82291366916456,463.1630197842076,0.35000000000000003
two_lag,temporal_2020,1,M1_history_rf,rf,Senegal,2020,49.9,55.8,70.18820242701733,60.835870849456064,0.35000000000000003
two_lag,temporal_2020,1,M1_history_rf,rf,Sierra Leone,2020,328.2,320.4,329.0552680070485,323.429343802467,0.35000000000000003
two_lag,temporal_2020,1,M1_history_rf,rf,South Sudan,2020,286.9,235.9,214.0191903633588,228.24171662717558,0.35000000000000003
two_lag,temporal_2020,1,M1_history_rf,rf,Togo,2020,228.9,267.3,287.7163221576201,274.44571275516705,0.35000000000000003
two_lag,temporal_2020,1,M1_history_rf,rf,Uganda,2020,283.8,289.2,251.18488925537042,275.89471123937966,0.35000000000000003
two_lag,temporal_2020,1,M1_history_rf,rf,United Republic of Tanzania,2020,120.2,124.3,97.13476087290492,114.79216630551672,0.35000000000000003
two_lag,temporal_2020,1,M1_history_rf,rf,Zambia,2020,189.9,156.7,208.44580910375743,174.8110331863151,0.35000000000000003
two_lag,temporal_2020,1,M1_history_rf,rf,Zimbabwe,2020,98.5,51.0,81.05972052658453,61.52090218430459,0.35000000000000003
two_lag,temporal_2020,1,M1_history_gb,gb,Angola,2020,251.6,228.9,216.980488233015,224.72817088155526,0.35000000000000003
two_lag,temporal_2020,1,M1_history_gb,gb,Benin,2020,388.3,386.2,381.16857252416594,384.43900038345805,0.35000000000000003
two_lag,temporal_2020,1,M1_history_gb,gb,Burkina Faso,2020,389.9,398.7,380.94558167780764,392.48595358723264,0.35000000000000003
two_lag,temporal_2020,1,M1_history_gb,gb,Burundi,2020,294.9,250.3,228.59598366053453,242.7035942811871,0.35000000000000003
two_lag,temporal_2020,1,M1_history_gb,gb,Cameroon,2020,260.0,247.0,245.69830026432555,246.54440509251395,0.35000000000000003
two_lag,temporal_2020,1,M1_history_gb,gb,Central African Republic,2020,336.0,347.3,338.9212799674008,344.3674479885903,0.35000000000000003
two_lag,temporal_2020,1,M1_history_gb,gb,Chad,2020,206.3,164.8,193.85588257049247,174.96955889967236,0.35000000000000003
two_lag,temporal_2020,1,M1_history_gb,gb,Congo,2020,213.2,235.1,228.59598366053453,232.82359428118707,0.35000000000000003
two_lag,temporal_2020,1,M1_history_gb,gb,Côte d'Ivoire,2020,287.0,330.6,273.31944298556675,310.55180504494837,0.35000000000000003
two_lag,temporal_2020,1,M1_history_gb,gb,Democratic Republic of the Congo,2020,324.2,319.8,291.0094722196135,309.72331527686475,0.35000000000000003
two_lag,temporal_2020,1,M1_history_gb,gb,Equatorial Guinea,2020,240.8,269.0,256.96638567100683,264.7882349848524,0.35000000000000003
two_lag,temporal_2020,1,M1_history_gb,gb,Gabon,2020,215.5,248.2,228.59598366053453,241.33859428118708,0.35000000000000003
two_lag,temporal_2020,1,M1_history_gb,gb,Gambia,2020,87.3,66.0,73.53651797117604,68.63778128991162,0.35000000000000003
two_lag,temporal_2020,1,M1_history_gb,gb,Ghana,2020,162.8,224.3,213.52890073773145,220.53011525820602,0.35000000000000003
two_lag,temporal_2020,1,M1_history_gb,gb,Guinea,2020,319.5,283.9,283.45922488529715,283.745728709854,0.35000000000000003
two_lag,temporal_2020,1,M1_history_gb,gb,Kenya,2020,50.9,70.1,74.17852887351984,71.52748510573194,0.35000000000000003
two_lag,temporal_2020,1,M1_history_gb,gb,Liberia,2020,358.0,361.5,320.307022646293,347.08245792620255,0.35000000000000003
two_lag,temporal_2020,1,M1_history_gb,gb,Madagascar,2020,133.5,82.4,87.94190909351266,84.33966818272944,0.35000000000000003
two_lag,temporal_2020,1,M1_history_gb,gb,Malawi,2020,228.5,213.6,213.52890073773145,213.575115258206,0.35000000000000003
two_lag,temporal_2020,1,M1_history_gb,gb,Mozambique,2020,320.2,305.4,302.2775576262948,304.3071451692032,0.35000000000000003
two_lag,temporal_2020,1,M1_history_gb,gb,Niger,2020,324.1,356.6,352.5655982901988,355.1879594015696,0.35000000000000003
two_lag,temporal_2020,1,M1_history_gb,gb,Nigeria,2020,313.8,291.9,272.1911394786158,285.0018988175155,0.35000000000000003
two_lag,temporal_2020,1,M1_history_gb,gb,Rwanda,2020,230.5,486.5,434.1917921245526,468.1921272435934,0.35000000000000003
two_lag,temporal_2020,1,M1_history_gb,gb,Senegal,2020,49.9,55.8,73.53651797117604,62.00778128991161,0.35000000000000003
two_lag,temporal_2020,1,M1_history_gb,gb,Sierra Leone,2020,328.2,320.4,301.4664805530955,313.7732681935834,0.35000000000000003
two_lag,temporal_2020,1,M1_history_gb,gb,South Sudan,2020,286.9,235.9,228.48347673571052,233.3042168574987,0.35000000000000003
two_lag,temporal_2020,1,M1_history_gb,gb,Togo,2020,228.9,267.3,256.96638567100683,263.6832349848524,0.35000000000000003
two_lag,temporal_2020,1,M1_history_gb,gb,Uganda,2020,283.8,289.2,254.61361716939308,277.0947660092876,0.35000000000000003
two_lag,temporal_2020,1,M1_history_gb,gb,United Republic of Tanzania,2020,120.2,124.3,105.85913685219549,117.84569789826841,0.35000000000000003
two_lag,temporal_2020,1,M1_history_gb,gb,Zambia,2020,189.9,156.7,193.85588257049247,169.70455889967235,0.35000000000000003
two_lag,temporal_2020,1,M1_history_gb,gb,Zimbabwe,2020,98.5,51.0,87.29989819116886,63.7049643669091,0.35000000000000003
two_lag,temporal_2020,1,M2_history_env_compact_rf,rf,Angola,2020,251.6,228.9,198.17921677872118,216.6116867114885,0.4
two_lag,temporal_2020,1,M2_history_env_compact_rf,rf,Benin,2020,388.3,386.2,374.4622240058276,381.50488960233105,0.4
two_lag,temporal_2020,1,M2_history_env_compact_rf,rf,Burkina Faso,2020,389.9,398.7,399.92380047680115,399.18952019072043,0.4
two_lag,temporal_2020,1,M2_history_env_compact_rf,rf,Burundi,2020,294.9,250.3,249.92654765287352,250.15061906114943,0.4
two_lag,temporal_2020,1,M2_history_env_compact_rf,rf,Cameroon,2020,260.0,247.0,255.7367558447926,250.49470233791703,0.4
two_lag,temporal_2020,1,M2_history_env_compact_rf,rf,Central African Republic,2020,336.0,347.3,338.82050703058064,343.9082028122323,0.4
two_lag,temporal_2020,1,M2_history_env_compact_rf,rf,Chad,2020,206.3,164.8,172.02627254678654,167.69050901871464,0.4
two_lag,temporal_2020,1,M2_history_env_compact_rf,rf,Congo,2020,213.2,235.1,233.00390681770853,234.2615627270834,0.4
two_lag,temporal_2020,1,M2_history_env_compact_rf,rf,Côte d'Ivoire,2020,287.0,330.6,254.32854555772008,300.09141822308806,0.4
two_lag,temporal_2020,1,M2_history_env_compact_rf,rf,Democratic Republic of the Congo,2020,324.2,319.8,296.1494303550893,310.3397721420357,0.4
two_lag,temporal_2020,1,M2_history_env_compact_rf,rf,Equatorial Guinea,2020,240.8,269.0,279.56233243281525,273.2249329731261,0.4
two_lag,temporal_2020,1,M2_history_env_compact_rf,rf,Gabon,2020,215.5,248.2,252.09788492160453,249.7591539686418,0.4
two_lag,temporal_2020,1,M2_history_env_compact_rf,rf,Gambia,2020,87.3,66.0,76.849273119658,70.3397092478632,0.4
two_lag,temporal_2020,1,M2_history_env_compact_rf,rf,Ghana,2020,162.8,224.3,235.49843800546512,228.77937520218606,0.4
two_lag,temporal_2020,1,M2_history_env_compact_rf,rf,Guinea,2020,319.5,283.9,293.2845547121469,287.65382188485876,0.4
two_lag,temporal_2020,1,M2_history_env_compact_rf,rf,Kenya,2020,50.9,70.1,74.04091707997554,71.67636683199021,0.4
two_lag,temporal_2020,1,M2_history_env_compact_rf,rf,Liberia,2020,358.0,361.5,297.64928889671444,335.9597155586858,0.4
two_lag,temporal_2020,1,M2_history_env_compact_rf,rf,Madagascar,2020,133.5,82.4,87.3780930585526,84.39123722342104,0.4
two_lag,temporal_2020,1,M2_history_env_compact_rf,rf,Malawi,2020,228.5,213.6,208.12347969180814,211.40939187672325,0.4
two_lag,temporal_2020,1,M2_history_env_compact_rf,rf,Mozambique,2020,320.2,305.4,311.9486473132421,308.0194589252968,0.4
two_lag,temporal_2020,1,M2_history_env_compact_rf,rf,Niger,2020,324.1,356.6,358.14474500255324,357.2178980010213,0.4
two_lag,temporal_2020,1,M2_history_env_compact_rf,rf,Nigeria,2020,313.8,291.9,276.91721236793586,285.9068849471743,0.4
two_lag,temporal_2020,1,M2_history_env_compact_rf,rf,Rwanda,2020,230.5,486.5,420.80901845382374,460.2236073815295,0.4
two_lag,temporal_2020,1,M2_history_env_compact_rf,rf,Senegal,2020,49.9,55.8,64.70165603740699,59.360662414962796,0.4
two_lag,temporal_2020,1,M2_history_env_compact_rf,rf,Sierra Leone,2020,328.2,320.4,317.11016596331405,319.0840663853256,0.4
two_lag,temporal_2020,1,M2_history_env_compact_rf,rf,South Sudan,2020,286.9,235.9,193.0884502649018,218.77538010596072,0.4
two_lag,temporal_2020,1,M2_history_env_compact_rf,rf,Togo,2020,228.9,267.3,281.11797409948196,272.8271896397928,0.4
two_lag,temporal_2020,1,M2_history_env_compact_rf,rf,Uganda,2020,283.8,289.2,272.8172277600994,282.64689110403975,0.4
two_lag,temporal_2020,1,M2_history_env_compact_rf,rf,United Republic of Tanzania,2020,120.2,124.3,107.93364257009655,117.75345702803862,0.4
two_lag,temporal_2020,1,M2_history_env_compact_rf,rf,Zambia,2020,189.9,156.7,196.01813349689198,172.4272533987568,0.4
two_lag,temporal_2020,1,M2_history_env_compact_rf,rf,Zimbabwe,2020,98.5,51.0,71.05776593301141,59.02310637320456,0.4
two_lag,temporal_2020,1,M2_history_env_compact_gb,gb,Angola,2020,251.6,228.9,197.51748810176883,217.9161208356191,0.35000000000000003
two_lag,temporal_2020,1,M2_history_env_compact_gb,gb,Benin,2020,388.3,386.2,373.4015653048335,381.7205478566917,0.35000000000000003
two_lag,temporal_2020,1,M2_history_env_compact_gb,gb,Burkina Faso,2020,389.9,398.7,381.744922793525,392.76572297773373,0.35000000000000003
two_lag,temporal_2020,1,M2_history_env_compact_gb,gb,Burundi,2020,294.9,250.3,253.6546852113669,251.47413982397842,0.35000000000000003
two_lag,temporal_2020,1,M2_history_env_compact_gb,gb,Cameroon,2020,260.0,247.0,247.34434772130072,247.12052170245525,0.35000000000000003
two_lag,temporal_2020,1,M2_history_env_compact_gb,gb,Central African Republic,2020,336.0,347.3,343.6675542798199,346.02864399793697,0.35000000000000003
two_lag,temporal_2020,1,M2_history_env_compact_gb,gb,Chad,2020,206.3,164.8,168.02981356885718,165.93043474910002,0.35000000000000003
two_lag,temporal_2020,1,M2_history_env_compact_gb,gb,Congo,2020,213.2,235.1,230.2167778296469,233.3908722403764,0.35000000000000003
two_lag,temporal_2020,1,M2_history_env_compact_gb,gb,Côte d'Ivoire,2020,287.0,330.6,258.500387081475,305.36513547851627,0.35000000000000003
two_lag,temporal_2020,1,M2_history_env_compact_gb,gb,Democratic Republic of the Congo,2020,324.2,319.8,292.71880242067346,310.32158084723574,0.35000000000000003
two_lag,temporal_2020,1,M2_history_env_compact_gb,gb,Equatorial Guinea,2020,240.8,269.0,245.02459420012423,260.60860797004347,0.35000000000000003
two_lag,temporal_2020,1,M2_history_env_compact_gb,gb,Gabon,2020,215.5,248.2,242.07021130456172,246.05457395659658,0.35000000000000003
two_lag,temporal_2020,1,M2_history_env_compact_gb,gb,Gambia,2020,87.3,66.0,91.79002366762734,75.02650828366957,0.35000000000000003
two_lag,temporal_2020,1,M2_history_env_compact_gb,gb,Ghana,2020,162.8,224.3,219.22937802974587,222.52528231041106,0.35000000000000003
two_lag,temporal_2020,1,M2_history_env_compact_gb,gb,Guinea,2020,319.5,283.9,282.47977295014243,283.40292053254984,0.35000000000000003
two_lag,temporal_2020,1,M2_history_env_compact_gb,gb,Kenya,2020,50.9,70.1,113.27385754798044,85.21085014179314,0.35000000000000003
two_lag,temporal_2020,1,M2_history_env_compact_gb,gb,Liberia,2020,358.0,361.5,307.284840058218,342.5246940203763,0.35000000000000003
two_lag,temporal_2020,1,M2_history_env_compact_gb,gb,Madagascar,2020,133.5,82.4,83.91264369025002,82.9294252915875,0.35000000000000003
two_lag,temporal_2020,1,M2_history_env_compact_gb,gb,Malawi,2020,228.5,213.6,206.34837896832883,211.0619326389151,0.35000000000000003
two_lag,temporal_2020,1,M2_history_env_compact_gb,gb,Mozambique,2020,320.2,305.4,297.8414843445972,302.754519520609,0.35000000000000003
two_lag,temporal_2020,1,M2_history_env_compact_gb,gb,Niger,2020,324.1,356.6,353.68361301383067,355.57926455484073,0.35000000000000003
two_lag,temporal_2020,1,M2_history_env_compact_gb,gb,Nigeria,2020,313.8,291.9,285.5208814600182,289.66730851100635,0.35000000000000003
two_lag,temporal_2020,1,M2_history_env_compact_gb,gb,Rwanda,2020,230.5,486.5,450.05948585710235,473.7458200499858,0.35000000000000003
two_lag,temporal_2020,1,M2_history_env_compact_gb,gb,Senegal,2020,49.9,55.8,59.260044966449065,57.01101573825717,0.35000000000000003
two_lag,temporal_2020,1,M2_history_env_compact_gb,gb,Sierra Leone,2020,328.2,320.4,291.95251313705734,310.4433795979701,0.35000000000000003
two_lag,temporal_2020,1,M2_history_env_compact_gb,gb,South Sudan,2020,286.9,235.9,218.7440491236696,229.89541719328437,0.35000000000000003
two_lag,temporal_2020,1,M2_history_env_compact_gb,gb,Togo,2020,228.9,267.3,268.77400877388345,267.81590307085924,0.35000000000000003
two_lag,temporal_2020,1,M2_history_env_compact_gb,gb,Uganda,2020,283.8,289.2,272.0578129375899,283.20023452815644,0.35000000000000003
two_lag,temporal_2020,1,M2_history_env_compact_gb,gb,United Republic of Tanzania,2020,120.2,124.3,113.06861312229591,120.36901459280357,0.35000000000000003
two_lag,temporal_2020,1,M2_history_env_compact_gb,gb,Zambia,2020,189.9,156.7,186.57798974014418,167.15729640905045,0.35000000000000003
two_lag,temporal_2020,1,M2_history_env_compact_gb,gb,Zimbabwe,2020,98.5,51.0,69.38376432482816,57.434317513689855,0.35000000000000003
two_lag,temporal_2020,1,M3_history_vc_rf,rf,Angola,2020,251.6,228.9,216.54027155201263,224.5740950432044,0.35000000000000003
two_lag,temporal_2020,1,M3_history_vc_rf,rf,Benin,2020,388.3,386.2,359.6865740577202,376.92030092020207,0.35000000000000003
two_lag,temporal_2020,1,M3_history_vc_rf,rf,Burkina Faso,2020,389.9,398.7,399.5924932572428,399.012372640035,0.35000000000000003
two_lag,temporal_2020,1,M3_history_vc_rf,rf,Burundi,2020,294.9,250.3,243.99879772577415,248.09457920402096,0.35000000000000003
two_lag,temporal_2020,1,M3_history_vc_rf,rf,Cameroon,2020,260.0,247.0,254.86868926677022,249.75404124336958,0.35000000000000003
two_lag,temporal_2020,1,M3_history_vc_rf,rf,Central African Republic,2020,336.0,347.3,341.20050752886,345.16517763510103,0.35000000000000003
two_lag,temporal_2020,1,M3_history_vc_rf,rf,Chad,2020,206.3,164.8,184.5954330952886,171.72840158335103,0.35000000000000003
two_lag,temporal_2020,1,M3_history_vc_rf,rf,Congo,2020,213.2,235.1,245.0243169083138,238.57351091790983,0.35000000000000003
two_lag,temporal_2020,1,M3_history_vc_rf,rf,Côte d'Ivoire,2020,287.0,330.6,257.5623207162836,305.03681225069926,0.35000000000000003
two_lag,temporal_2020,1,M3_history_vc_rf,rf,Democratic Republic of the Congo,2020,324.2,319.8,293.5745753314464,310.62110136600626,0.35000000000000003
two_lag,temporal_2020,1,M3_history_vc_rf,rf,Equatorial Guinea,2020,240.8,269.0,282.9104056253194,273.8686419688618,0.35000000000000003
two_lag,temporal_2020,1,M3_history_vc_rf,rf,Gabon,2020,215.5,248.2,235.85948422938162,243.88081948028355,0.35000000000000003
two_lag,temporal_2020,1,M3_history_vc_rf,rf,Gambia,2020,87.3,66.0,85.23633484188026,72.7327171946581,0.35000000000000003
two_lag,temporal_2020,1,M3_history_vc_rf,rf,Ghana,2020,162.8,224.3,222.3834129108207,223.62919451878724,0.35000000000000003
two_lag,temporal_2020,1,M3_history_vc_rf,rf,Guinea,2020,319.5,283.9,284.9775640220009,284.2771474077003,0.35000000000000003
two_lag,temporal_2020,1,M3_history_vc_rf,rf,Kenya,2020,50.9,70.1,65.41411463553113,68.4599401224359,0.35000000000000003
two_lag,temporal_2020,1,M3_history_vc_rf,rf,Liberia,2020,358.0,361.5,281.44841785864116,333.4819462505244,0.35000000000000003
two_lag,temporal_2020,1,M3_history_vc_rf,rf,Madagascar,2020,133.5,82.4,89.8622811990231,85.01179841965809,0.35000000000000003
two_lag,temporal_2020,1,M3_history_vc_rf,rf,Malawi,2020,228.5,213.6,224.09243103658366,217.27235086280427,0.35000000000000003
two_lag,temporal_2020,1,M3_history_vc_rf,rf,Mozambique,2020,320.2,305.4,296.9568348069933,302.44489218244763,0.35000000000000003
two_lag,temporal_2020,1,M3_history_vc_rf,rf,Niger,2020,324.1,356.6,355.730248864358,356.2955871025253,0.35000000000000003
two_lag,temporal_2020,1,M3_history_vc_rf,rf,Nigeria,2020,313.8,291.9,277.9612841635501,287.0214494572425,0.35000000000000003
two_lag,temporal_2020,1,M3_history_vc_rf,rf,Rwanda,2020,230.5,486.5,420.93179572943745,463.5511285053031,0.35000000000000003
two_lag,temporal_2020,1,M3_history_vc_rf,rf,Senegal,2020,49.9,55.8,65.33193513769565,59.13617729819347,0.35000000000000003
two_lag,temporal_2020,1,M3_history_vc_rf,rf,Sierra Leone,2020,328.2,320.4,313.98260765345765,318.1539126787102,0.35000000000000003
two_lag,temporal_2020,1,M3_history_vc_rf,rf,South Sudan,2020,286.9,235.9,198.80371992595408,222.91630197408392,0.35000000000000003
two_lag,temporal_2020,1,M3_history_vc_rf,rf,Togo,2020,228.9,267.3,277.30154501927274,270.8005407567455,0.35000000000000003
two_lag,temporal_2020,1,M3_history_vc_rf,rf,Uganda,2020,283.8,289.2,248.52931375659082,274.96525981480676,0.35000000000000003
two_lag,temporal_2020,1,M3_history_vc_rf,rf,United Republic of Tanzania,2020,120.2,124.3,109.60146530724829,119.1555128575369,0.35000000000000003
two_lag,temporal_2020,1,M3_history_vc_rf,rf,Zambia,2020,189.9,156.7,230.53965015885024,182.5438775555976,0.35000000000000003
two_lag,temporal_2020,1,M3_history_vc_rf,rf,Zimbabwe,2020,98.5,51.0,76.0516221954157,59.7680677683955,0.35000000000000003
two_lag,temporal_2020,1,M3_history_vc_gb,gb,Angola,2020,251.6,228.9,217.52529228710196,225.48758768613058,0.30000000000000004
two_lag,temporal_2020,1,M3_history_vc_gb,gb,Benin,2020,388.3,386.2,340.99750830316793,372.63925249095035,0.30000000000000004
two_lag,temporal_2020,1,M3_history_vc_gb,gb,Burkina Faso,2020,389.9,398.7,382.3653857518094,393.7996157255428,0.30000000000000004
two_lag,temporal_2020,1,M3_history_vc_gb,gb,Burundi,2020,294.9,250.3,258.0489184657882,252.62467553973647,0.30000000000000004
two_lag,temporal_2020,1,M3_history_vc_gb,gb,Cameroon,2020,260.0,247.0,257.6663009024741,250.19989027074223,0.30000000000000004
two_lag,temporal_2020,1,M3_history_vc_gb,gb,Central African Republic,2020,336.0,347.3,355.9007218147615,349.88021654442844,0.30000000000000004
two_lag,temporal_2020,1,M3_history_vc_gb,gb,Chad,2020,206.3,164.8,175.61936514527196,168.04580954358158,0.30000000000000004
two_lag,temporal_2020,1,M3_history_vc_gb,gb,Congo,2020,213.2,235.1,258.0489184657882,241.98467553973646,0.30000000000000004
two_lag,temporal_2020,1,M3_history_vc_gb,gb,Côte d'Ivoire,2020,287.0,330.6,276.7706152131807,314.4511845639542,0.30000000000000004
two_lag,temporal_2020,1,M3_history_vc_gb,gb,Democratic Republic of the Congo,2020,324.2,319.8,308.4512582622493,316.3953774786748,0.30000000000000004
two_lag,temporal_2020,1,M3_history_vc_gb,gb,Equatorial Guinea,2020,240.8,269.0,268.87516904508516,268.96255071352556,0.30000000000000004
two_lag,temporal_2020,1,M3_history_vc_gb,gb,Gabon,2020,215.5,248.2,225.08694589834275,241.2660837695028,0.30000000000000004
two_lag,temporal_2020,1,M3_history_vc_gb,gb,Gambia,2020,87.3,66.0,89.53492869132651,73.06047860739795,0.30000000000000004
two_lag,temporal_2020,1,M3_history_vc_gb,gb,Ghana,2020,162.8,224.3,199.6272703296024,216.8981810988807,0.30000000000000004
two_lag,temporal_2020,1,M3_history_vc_gb,gb,Guinea,2020,319.5,283.9,285.0603711521972,284.24811134565914,0.30000000000000004
two_lag,temporal_2020,1,M3_history_vc_gb,gb,Kenya,2020,50.9,70.1,71.34628273920143,70.47388482176042,0.30000000000000004
two_lag,temporal_2020,1,M3_history_vc_gb,gb,Liberia,2020,358.0,361.5,312.17653699960425,346.7029610998813,0.30000000000000004
two_lag,temporal_2020,1,M3_history_vc_gb,gb,Madagascar,2020,133.5,82.4,93.12962478765267,85.61888743629581,0.30000000000000004
two_lag,temporal_2020,1,M3_history_vc_gb,gb,Malawi,2020,228.5,213.6,214.85514497716062,213.97654349314817,0.30000000000000004
two_lag,temporal_2020,1,M3_history_vc_gb,gb,Mozambique,2020,320.2,305.4,314.47281199113706,308.1218435973411,0.30000000000000004
two_lag,temporal_2020,1,M3_history_vc_gb,gb,Niger,2020,324.1,356.6,352.11710665717254,355.25513199715175,0.30000000000000004
two_lag,temporal_2020,1,M3_history_vc_gb,gb,Nigeria,2020,313.8,291.9,278.4048895414896,287.85146686244684,0.30000000000000004
two_lag,temporal_2020,1,M3_history_vc_gb,gb,Rwanda,2020,230.5,486.5,441.7877279822486,473.0863183946746,0.30000000000000004
two_lag,temporal_2020,1,M3_history_vc_gb,gb,Senegal,2020,49.9,55.8,71.34628273920143,60.46388482176043,0.30000000000000004
two_lag,temporal_2020,1,M3_history_vc_gb,gb,Sierra Leone,2020,328.2,320.4,283.98487213072036,309.47546163921606,0.30000000000000004
two_lag,temporal_2020,1,M3_history_vc_gb,gb,South Sudan,2020,286.9,235.9,228.86901669378562,233.7907050081357,0.30000000000000004
two_lag,temporal_2020,1,M3_history_vc_gb,gb,Togo,2020,228.9,267.3,269.9196148979375,268.08588446938126,0.30000000000000004
two_lag,temporal_2020,1,M3_history_vc_gb,gb,Uganda,2020,283.8,289.2,255.3240492878847,279.0372147863654,0.30000000000000004
two_lag,temporal_2020,1,M3_history_vc_gb,gb,United Republic of Tanzania,2020,120.2,124.3,111.20568721891117,120.37170616567334,0.30000000000000004
two_lag,temporal_2020,1,M3_history_vc_gb,gb,Zambia,2020,189.9,156.7,209.57191741821845,172.56157522546553,0.30000000000000004
two_lag,temporal_2020,1,M3_history_vc_gb,gb,Zimbabwe,2020,98.5,51.0,79.21393905358738,59.46418171607621,0.30000000000000004
two_lag,temporal_2020,1,M4_history_env_compact_vc_rf,rf,Angola,2020,251.6,228.9,201.25647881007868,217.84259152403146,0.4
two_lag,temporal_2020,1,M4_history_env_compact_vc_rf,rf,Benin,2020,388.3,386.2,363.0471898997115,376.93887595988457,0.4
two_lag,temporal_2020,1,M4_history_env_compact_vc_rf,rf,Burkina Faso,2020,389.9,398.7,397.24825577244985,398.1193023089799,0.4
two_lag,temporal_2020,1,M4_history_env_compact_vc_rf,rf,Burundi,2020,294.9,250.3,248.68333754483794,249.65333501793518,0.4
two_lag,temporal_2020,1,M4_history_env_compact_vc_rf,rf,Cameroon,2020,260.0,247.0,256.0574626442431,250.62298505769724,0.4
two_lag,temporal_2020,1,M4_history_env_compact_vc_rf,rf,Central African Republic,2020,336.0,347.3,342.2216236991619,345.26864947966476,0.4
two_lag,temporal_2020,1,M4_history_env_compact_vc_rf,rf,Chad,2020,206.3,164.8,173.337947538961,168.2151790155844,0.4
two_lag,temporal_2020,1,M4_history_env_compact_vc_rf,rf,Congo,2020,213.2,235.1,236.5242774128033,235.6697109651213,0.4
two_lag,temporal_2020,1,M4_history_env_compact_vc_rf,rf,Côte d'Ivoire,2020,287.0,330.6,257.6421741333899,301.416869653356,0.4
two_lag,temporal_2020,1,M4_history_env_compact_vc_rf,rf,Democratic Republic of the Congo,2020,324.2,319.8,295.91789111974145,310.2471564478966,0.4
two_lag,temporal_2020,1,M4_history_env_compact_vc_rf,rf,Equatorial Guinea,2020,240.8,269.0,277.10449193586817,272.2417967743473,0.4
two_lag,temporal_2020,1,M4_history_env_compact_vc_rf,rf,Gabon,2020,215.5,248.2,252.7225707791358,250.0090283116543,0.4
two_lag,temporal_2020,1,M4_history_env_compact_vc_rf,rf,Gambia,2020,87.3,66.0,80.67624199350647,71.87049679740258,0.4
two_lag,temporal_2020,1,M4_history_env_compact_vc_rf,rf,Ghana,2020,162.8,224.3,235.9303280361567,228.9521312144627,0.4
two_lag,temporal_2020,1,M4_history_env_compact_vc_rf,rf,Guinea,2020,319.5,283.9,290.88155241813575,286.6926209672543,0.4
two_lag,temporal_2020,1,M4_history_env_compact_vc_rf,rf,Kenya,2020,50.9,70.1,73.38106125036073,71.41242450014428,0.4
two_lag,temporal_2020,1,M4_history_env_compact_vc_rf,rf,Liberia,2020,358.0,361.5,297.94397037667875,336.0775881506715,0.4
two_lag,temporal_2020,1,M4_history_env_compact_vc_rf,rf,Madagascar,2020,133.5,82.4,88.5814011911977,84.87256047647908,0.4
two_lag,temporal_2020,1,M4_history_env_compact_vc_rf,rf,Malawi,2020,228.5,213.6,205.94408015034992,210.53763206013997,0.4
two_lag,temporal_2020,1,M4_history_env_compact_vc_rf,rf,Mozambique,2020,320.2,305.4,306.06004276046156,305.6640171041846,0.4
two_lag,temporal_2020,1,M4_history_env_compact_vc_rf,rf,Niger,2020,324.1,356.6,356.8524764779667,356.7009905911867,0.4
two_lag,temporal_2020,1,M4_history_env_compact_vc_rf,rf,Nigeria,2020,313.8,291.9,279.51384269968787,286.9455370798751,0.4
two_lag,temporal_2020,1,M4_history_env_compact_vc_rf,rf,Rwanda,2020,230.5,486.5,418.4508754826842,459.2803501930737,0.4
two_lag,temporal_2020,1,M4_history_env_compact_vc_rf,rf,Senegal,2020,49.9,55.8,65.20201049134197,59.560804196536786,0.4
two_lag,temporal_2020,1,M4_history_env_compact_vc_rf,rf,Sierra Leone,2020,328.2,320.4,314.4916613051115,318.0366645220446,0.4
two_lag,temporal_2020,1,M4_history_env_compact_vc_rf,rf,South Sudan,2020,286.9,235.9,195.70433348476092,219.82173339390437,0.4
two_lag,temporal_2020,1,M4_history_env_compact_vc_rf,rf,Togo,2020,228.9,267.3,276.3505134231601,270.92020536926407,0.4
two_lag,temporal_2020,1,M4_history_env_compact_vc_rf,rf,Uganda,2020,283.8,289.2,275.7200998886375,283.808039955455,0.4
two_lag,temporal_2020,1,M4_history_env_compact_vc_rf,rf,United Republic of Tanzania,2020,120.2,124.3,111.03709409163056,118.99483763665222,0.4
two_lag,temporal_2020,1,M4_history_env_compact_vc_rf,rf,Zambia,2020,189.9,156.7,200.7151649566224,174.30606598264896,0.4
two_lag,temporal_2020,1,M4_history_env_compact_vc_rf,rf,Zimbabwe,2020,98.5,51.0,70.4756468145743,58.79025872582972,0.4
two_lag,temporal_2020,1,M4_history_env_compact_vc_gb,gb,Angola,2020,251.6,228.9,196.61768561926587,217.60118996674305,0.35000000000000003
two_lag,temporal_2020,1,M4_history_env_compact_vc_gb,gb,Benin,2020,388.3,386.2,346.7169344544195,372.3809270590468,0.35000000000000003
two_lag,temporal_2020,1,M4_history_env_compact_vc_gb,gb,Burkina Faso,2020,389.9,398.7,377.9320224208826,391.4312078473089,0.35000000000000003
two_lag,temporal_2020,1,M4_history_env_compact_vc_gb,gb,Burundi,2020,294.9,250.3,248.15043439446478,249.5476520380627,0.35000000000000003
two_lag,temporal_2020,1,M4_history_env_compact_vc_gb,gb,Cameroon,2020,260.0,247.0,245.27036925059423,246.394629237708,0.35000000000000003
two_lag,temporal_2020,1,M4_history_env_compact_vc_gb,gb,Central African Republic,2020,336.0,347.3,357.9791433721769,351.03770018026194,0.35000000000000003
two_lag,temporal_2020,1,M4_history_env_compact_vc_gb,gb,Chad,2020,206.3,164.8,169.61191508540733,166.48417027989257,0.35000000000000003
two_lag,temporal_2020,1,M4_history_env_compact_vc_gb,gb,Congo,2020,213.2,235.1,221.77792977739264,230.43727542208742,0.35000000000000003
two_lag,temporal_2020,1,M4_history_env_compact_vc_gb,gb,Côte d'Ivoire,2020,287.0,330.6,274.3896308299789,310.9263707904926,0.35000000000000003
two_lag,temporal_2020,1,M4_history_env_compact_vc_gb,gb,Democratic Republic of the Congo,2020,324.2,319.8,283.8402231644499,307.2140781075575,0.35000000000000003
two_lag,temporal_2020,1,M4_history_env_compact_vc_gb,gb,Equatorial Guinea,2020,240.8,269.0,235.1644691687525,257.15756420906337,0.35000000000000003
two_lag,temporal_2020,1,M4_history_env_compact_vc_gb,gb,Gabon,2020,215.5,248.2,242.96945031611537,246.36930761064036,0.35000000000000003
two_lag,temporal_2020,1,M4_history_env_compact_vc_gb,gb,Gambia,2020,87.3,66.0,93.9676986642995,75.78869453250482,0.35000000000000003
two_lag,temporal_2020,1,M4_history_env_compact_vc_gb,gb,Ghana,2020,162.8,224.3,217.52964479545082,221.93037567840778,0.35000000000000003
two_lag,temporal_2020,1,M4_history_env_compact_vc_gb,gb,Guinea,2020,319.5,283.9,287.52598054422623,285.16909319047915,0.35000000000000003
two_lag,temporal_2020,1,M4_history_env_compact_vc_gb,gb,Kenya,2020,50.9,70.1,115.57953941246652,86.01783879436329,0.35000000000000003
two_lag,temporal_2020,1,M4_history_env_compact_vc_gb,gb,Liberia,2020,358.0,361.5,313.5555134069027,344.71942969241593,0.35000000000000003
two_lag,temporal_2020,1,M4_history_env_compact_vc_gb,gb,Madagascar,2020,133.5,82.4,92.20447801431334,85.83156730500967,0.35000000000000003
two_lag,temporal_2020,1,M4_history_env_compact_vc_gb,gb,Malawi,2020,228.5,213.6,205.0248315652531,210.59869104783857,0.35000000000000003
two_lag,temporal_2020,1,M4_history_env_compact_vc_gb,gb,Mozambique,2020,320.2,305.4,302.79118926130894,304.4869162414581,0.35000000000000003
two_lag,temporal_2020,1,M4_history_env_compact_vc_gb,gb,Niger,2020,324.1,356.6,353.99196720636246,355.68718852222685,0.35000000000000003
two_lag,temporal_2020,1,M4_history_env_compact_vc_gb,gb,Nigeria,2020,313.8,291.9,283.8002108976034,289.06507381416117,0.35000000000000003
two_lag,temporal_2020,1,M4_history_env_compact_vc_gb,gb,Rwanda,2020,230.5,486.5,430.48271938784177,466.8939517857446,0.35000000000000003
two_lag,temporal_2020,1,M4_history_env_compact_vc_gb,gb,Senegal,2020,49.9,55.8,61.35727051616611,57.74504468065814,0.35000000000000003
two_lag,temporal_2020,1,M4_history_env_compact_vc_gb,gb,Sierra Leone,2020,328.2,320.4,284.6535170255951,307.88873095895826,0.35000000000000003
two_lag,temporal_2020,1,M4_history_env_compact_vc_gb,gb,South Sudan,2020,286.9,235.9,219.07385597006825,230.0108495895239,0.35000000000000003
two_lag,temporal_2020,1,M4_history_env_compact_vc_gb,gb,Togo,2020,228.9,267.3,265.0144031400626,266.5000410990219,0.35000000000000003
two_lag,temporal_2020,1,M4_history_env_compact_vc_gb,gb,Uganda,2020,283.8,289.2,282.56661207865886,286.8783142275306,0.35000000000000003
two_lag,temporal_2020,1,M4_history_env_compact_vc_gb,gb,United Republic of Tanzania,2020,120.2,124.3,111.55219108638275,119.83826688023396,0.35000000000000003
two_lag,temporal_2020,1,M4_history_env_compact_vc_gb,gb,Zambia,2020,189.9,156.7,190.63070987555793,168.57574845644527,0.35000000000000003
two_lag,temporal_2020,1,M4_history_env_compact_vc_gb,gb,Zimbabwe,2020,98.5,51.0,71.46090133088016,58.16131546580806,0.35000000000000003
two_lag,temporal_2020,1,M5_history_env_full_rf,rf,Angola,2020,251.6,228.9,199.38626797419226,218.5701937909673,0.35000000000000003
two_lag,temporal_2020,1,M5_history_env_full_rf,rf,Benin,2020,388.3,386.2,362.9444651850931,378.0605628147826,0.35000000000000003
two_lag,temporal_2020,1,M5_history_env_full_rf,rf,Burkina Faso,2020,389.9,398.7,398.5604426388056,398.65115492358194,0.35000000000000003
two_lag,temporal_2020,1,M5_history_env_full_rf,rf,Burundi,2020,294.9,250.3,248.2528039622044,249.58348138677155,0.35000000000000003
two_lag,temporal_2020,1,M5_history_env_full_rf,rf,Cameroon,2020,260.0,247.0,262.35932002952615,252.37576201033414,0.35000000000000003
two_lag,temporal_2020,1,M5_history_env_full_rf,rf,Central African Republic,2020,336.0,347.3,340.14201566766576,344.794705483683,0.35000000000000003
two_lag,temporal_2020,1,M5_history_env_full_rf,rf,Chad,2020,206.3,164.8,174.38489063997108,168.1547117239899,0.35000000000000003
two_lag,temporal_2020,1,M5_history_env_full_rf,rf,Congo,2020,213.2,235.1,232.59786513980467,234.22425279893162,0.35000000000000003
two_lag,temporal_2020,1,M5_history_env_full_rf,rf,Côte d'Ivoire,2020,287.0,330.6,254.69516888195133,304.033309108683,0.35000000000000003
two_lag,temporal_2020,1,M5_history_env_full_rf,rf,Democratic Republic of the Congo,2020,324.2,319.8,297.0586234904539,311.8405182216589,0.35000000000000003
two_lag,temporal_2020,1,M5_history_env_full_rf,rf,Equatorial Guinea,2020,240.8,269.0,285.32203309496055,274.71271158323617,0.35000000000000003
two_lag,temporal_2020,1,M5_history_env_full_rf,rf,Gabon,2020,215.5,248.2,252.2360671900323,249.6126235165113,0.35000000000000003
two_lag,temporal_2020,1,M5_history_env_full_rf,rf,Gambia,2020,87.3,66.0,76.21601883588626,69.57560659256019,0.35000000000000003
two_lag,temporal_2020,1,M5_history_env_full_rf,rf,Ghana,2020,162.8,224.3,235.6822247033522,228.2837786461733,0.35000000000000003
two_lag,temporal_2020,1,M5_history_env_full_rf,rf,Guinea,2020,319.5,283.9,297.6799342090684,288.7229769731739,0.35000000000000003
two_lag,temporal_2020,1,M5_history_env_full_rf,rf,Kenya,2020,50.9,70.1,76.14167305522247,72.21458556932787,0.35000000000000003
two_lag,temporal_2020,1,M5_history_env_full_rf,rf,Liberia,2020,358.0,361.5,295.00550680114304,338.22692738040007,0.35000000000000003
two_lag,temporal_2020,1,M5_history_env_full_rf,rf,Madagascar,2020,133.5,82.4,89.83344373848381,85.00170530846934,0.35000000000000003
two_lag,temporal_2020,1,M5_history_env_full_rf,rf,Malawi,2020,228.5,213.6,205.61005117815498,210.80351791235424,0.35000000000000003
two_lag,temporal_2020,1,M5_history_env_full_rf,rf,Mozambique,2020,320.2,305.4,313.93850511072276,308.38847678875294,0.35000000000000003
two_lag,temporal_2020,1,M5_history_env_full_rf,rf,Niger,2020,324.1,356.6,360.6555344385617,358.01943705349663,0.35000000000000003
two_lag,temporal_2020,1,M5_history_env_full_rf,rf,Nigeria,2020,313.8,291.9,275.0277974862916,285.99472912020207,0.35000000000000003
two_lag,temporal_2020,1,M5_history_env_full_rf,rf,Rwanda,2020,230.5,486.5,419.97779073881657,463.2172267585858,0.35000000000000003
two_lag,temporal_2020,1,M5_history_env_full_rf,rf,Senegal,2020,49.9,55.8,64.7742010393495,58.94097036377232,0.35000000000000003
two_lag,temporal_2020,1,M5_history_env_full_rf,rf,Sierra Leone,2020,328.2,320.4,314.042446734543,318.17485635709005,0.35000000000000003
two_lag,temporal_2020,1,M5_history_env_full_rf,rf,South Sudan,2020,286.9,235.9,192.83669073665214,220.82784175782825,0.35000000000000003
two_lag,temporal_2020,1,M5_history_env_full_rf,rf,Togo,2020,228.9,267.3,282.1287959489956,272.4900785821485,0.35000000000000003
two_lag,temporal_2020,1,M5_history_env_full_rf,rf,Uganda,2020,283.8,289.2,272.3636676428016,283.30728367498057,0.35000000000000003
two_lag,temporal_2020,1,M5_history_env_full_rf,rf,United Republic of Tanzania,2020,120.2,124.3,112.33230785248082,120.11130774836829,0.35000000000000003
two_lag,temporal_2020,1,M5_history_env_full_rf,rf,Zambia,2020,189.9,156.7,193.80734187834378,169.6875696574203,0.35000000000000003
two_lag,temporal_2020,1,M5_history_env_full_rf,rf,Zimbabwe,2020,98.5,51.0,72.9354408459874,58.67740429609559,0.35000000000000003
two_lag,temporal_2020,1,M5_history_env_full_gb,gb,Angola,2020,251.6,228.9,205.38760459881618,221.84628137964486,0.30000000000000004
two_lag,temporal_2020,1,M5_history_env_full_gb,gb,Benin,2020,388.3,386.2,370.0954195430049,381.36862586290147,0.30000000000000004
two_lag,temporal_2020,1,M5_history_env_full_gb,gb,Burkina Faso,2020,389.9,398.7,393.55193257028066,397.1555797710842,0.30000000000000004
two_lag,temporal_2020,1,M5_history_env_full_gb,gb,Burundi,2020,294.9,250.3,248.35529422064207,249.71658826619262,0.30000000000000004
two_lag,temporal_2020,1,M5_history_env_full_gb,gb,Cameroon,2020,260.0,247.0,240.91162811181218,245.17348843354364,0.30000000000000004
two_lag,temporal_2020,1,M5_history_env_full_gb,gb,Central African Republic,2020,336.0,347.3,347.3978455971982,347.32935367915945,0.30000000000000004
two_lag,temporal_2020,1,M5_history_env_full_gb,gb,Chad,2020,206.3,164.8,167.09444987190116,165.48833496157036,0.30000000000000004
two_lag,temporal_2020,1,M5_history_env_full_gb,gb,Congo,2020,213.2,235.1,236.51323036163546,235.52396910849063,0.30000000000000004
two_lag,temporal_2020,1,M5_history_env_full_gb,gb,Côte d'Ivoire,2020,287.0,330.6,277.3852835508802,314.6355850652641,0.30000000000000004
two_lag,temporal_2020,1,M5_history_env_full_gb,gb,Democratic Republic of the Congo,2020,324.2,319.8,302.99358092232785,314.7580742766984,0.30000000000000004
two_lag,temporal_2020,1,M5_history_env_full_gb,gb,Equatorial Guinea,2020,240.8,269.0,241.2338271046531,260.67014813139593,0.30000000000000004
two_lag,temporal_2020,1,M5_history_env_full_gb,gb,Gabon,2020,215.5,248.2,247.1183807762233,247.87551423286698,0.30000000000000004
two_lag,temporal_2020,1,M5_history_env_full_gb,gb,Gambia,2020,87.3,66.0,80.75108213774088,70.42532464132226,0.30000000000000004
two_lag,temporal_2020,1,M5_history_env_full_gb,gb,Ghana,2020,162.8,224.3,218.80147436140524,222.6504423084216,0.30000000000000004
two_lag,temporal_2020,1,M5_history_env_full_gb,gb,Guinea,2020,319.5,283.9,274.14060322007896,280.97218096602364,0.30000000000000004
two_lag,temporal_2020,1,M5_history_env_full_gb,gb,Kenya,2020,50.9,70.1,113.65065052484547,83.16519515745364,0.30000000000000004
two_lag,temporal_2020,1,M5_history_env_full_gb,gb,Liberia,2020,358.0,361.5,298.89096759805415,342.71729027941626,0.30000000000000004
two_lag,temporal_2020,1,M5_history_env_full_gb,gb,Madagascar,2020,133.5,82.4,85.920463937856,83.4561391813568,0.30000000000000004
two_lag,temporal_2020,1,M5_history_env_full_gb,gb,Malawi,2020,228.5,213.6,195.47419634579006,208.162258903737,0.30000000000000004
two_lag,temporal_2020,1,M5_history_env_full_gb,gb,Mozambique,2020,320.2,305.4,305.3029027790371,305.3708708337111,0.30000000000000004
two_lag,temporal_2020,1,M5_history_env_full_gb,gb,Niger,2020,324.1,356.6,352.38758398414825,355.33627519524447,0.30000000000000004
two_lag,temporal_2020,1,M5_history_env_full_gb,gb,Nigeria,2020,313.8,291.9,282.09624554099645,288.9588736622989,0.30000000000000004
two_lag,temporal_2020,1,M5_history_env_full_gb,gb,Rwanda,2020,230.5,486.5,435.1100448447784,471.0830134534335,0.30000000000000004
two_lag,temporal_2020,1,M5_history_env_full_gb,gb,Senegal,2020,49.9,55.8,61.944668985318486,57.643400695595545,0.30000000000000004
two_lag,temporal_2020,1,M5_history_env_full_gb,gb,Sierra Leone,2020,328.2,320.4,294.02393595225647,312.4871807856769,0.30000000000000004
two_lag,temporal_2020,1,M5_history_env_full_gb,gb,South Sudan,2020,286.9,235.9,217.5958513090834,230.40875539272503,0.30000000000000004
two_lag,temporal_2020,1,M5_history_env_full_gb,gb,Togo,2020,228.9,267.3,249.23063948113295,261.8791918443399,0.30000000000000004
two_lag,temporal_2020,1,M5_history_env_full_gb,gb,Uganda,2020,283.8,289.2,268.24905517712335,282.914716553137,0.30000000000000004
two_lag,temporal_2020,1,M5_history_env_full_gb,gb,United Republic of Tanzania,2020,120.2,124.3,111.2338514449038,120.38015543347115,0.30000000000000004
two_lag,temporal_2020,1,M5_history_env_full_gb,gb,Zambia,2020,189.9,156.7,188.85819877093803,166.3474596312814,0.30000000000000004
two_lag,temporal_2020,1,M5_history_env_full_gb,gb,Zimbabwe,2020,98.5,51.0,72.86494043590196,57.55948213077059,0.30000000000000004
two_lag,temporal_2020,1,M6_history_env_full_vc_rf,rf,Angola,2020,251.6,228.9,199.8540067412032,218.7339023594211,0.35000000000000003
two_lag,temporal_2020,1,M6_history_env_full_vc_rf,rf,Benin,2020,388.3,386.2,358.37062244155874,376.45971785454554,0.35000000000000003
two_lag,temporal_2020,1,M6_history_env_full_vc_rf,rf,Burkina Faso,2020,389.9,398.7,395.3541763823952,397.52896173383834,0.35000000000000003
two_lag,temporal_2020,1,M6_history_env_full_vc_rf,rf,Burundi,2020,294.9,250.3,245.73044339766287,248.70065518918202,0.35000000000000003
two_lag,temporal_2020,1,M6_history_env_full_vc_rf,rf,Cameroon,2020,260.0,247.0,262.23522628458164,252.33232919960358,0.35000000000000003
two_lag,temporal_2020,1,M6_history_env_full_vc_rf,rf,Central African Republic,2020,336.0,347.3,341.1825466986903,345.15889134454164,0.35000000000000003
two_lag,temporal_2020,1,M6_history_env_full_vc_rf,rf,Chad,2020,206.3,164.8,174.8620733015873,168.32172565555555,0.35000000000000003
two_lag,temporal_2020,1,M6_history_env_full_vc_rf,rf,Congo,2020,213.2,235.1,233.82908367335466,234.65517928567414,0.35000000000000003
two_lag,temporal_2020,1,M6_history_env_full_vc_rf,rf,Côte d'Ivoire,2020,287.0,330.6,255.00437707717268,304.14153197701046,0.35000000000000003
two_lag,temporal_2020,1,M6_history_env_full_vc_rf,rf,Democratic Republic of the Congo,2020,324.2,319.8,297.60844801443005,312.0329568050505,0.35000000000000003
two_lag,temporal_2020,1,M6_history_env_full_vc_rf,rf,Equatorial Guinea,2020,240.8,269.0,278.14685894938384,272.20140063228433,0.35000000000000003
two_lag,temporal_2020,1,M6_history_env_full_vc_rf,rf,Gabon,2020,215.5,248.2,252.47626568354357,249.69669298924023,0.35000000000000003
two_lag,temporal_2020,1,M6_history_env_full_vc_rf,rf,Gambia,2020,87.3,66.0,77.60683625252521,70.06239268838382,0.35000000000000003
two_lag,temporal_2020,1,M6_history_env_full_vc_rf,rf,Ghana,2020,162.8,224.3,237.09035252930386,228.77662338525636,0.35000000000000003
two_lag,temporal_2020,1,M6_history_env_full_vc_rf,rf,Guinea,2020,319.5,283.9,296.44430688209474,288.29050740873316,0.35000000000000003
two_lag,temporal_2020,1,M6_history_env_full_vc_rf,rf,Kenya,2020,50.9,70.1,76.14867517099567,72.21703630984848,0.35000000000000003
two_lag,temporal_2020,1,M6_history_env_full_vc_rf,rf,Liberia,2020,358.0,361.5,292.8090709075091,337.4581748176282,0.35000000000000003
two_lag,temporal_2020,1,M6_history_env_full_vc_rf,rf,Madagascar,2020,133.5,82.4,89.79919391364186,84.98971786977465,0.35000000000000003
two_lag,temporal_2020,1,M6_history_env_full_vc_rf,rf,Malawi,2020,228.5,213.6,207.954820046176,211.62418701616159,0.35000000000000003
two_lag,temporal_2020,1,M6_history_env_full_vc_rf,rf,Mozambique,2020,320.2,305.4,308.4978145951272,306.4842351082945,0.35000000000000003
two_lag,temporal_2020,1,M6_history_env_full_vc_rf,rf,Niger,2020,324.1,356.6,358.41219003391086,357.23426651186884,0.35000000000000003
two_lag,temporal_2020,1,M6_history_env_full_vc_rf,rf,Nigeria,2020,313.8,291.9,277.9032458506266,287.0011360477193,0.35000000000000003
two_lag,temporal_2020,1,M6_history_env_full_vc_rf,rf,Rwanda,2020,230.5,486.5,417.50754687950933,462.3526414078283,0.35000000000000003
two_lag,temporal_2020,1,M6_history_env_full_vc_rf,rf,Senegal,2020,49.9,55.8,64.84340806349206,58.96519282222222,0.35000000000000003
two_lag,temporal_2020,1,M6_history_env_full_vc_rf,rf,Sierra Leone,2020,328.2,320.4,312.94486004412204,317.7907010154427,0.35000000000000003
two_lag,temporal_2020,1,M6_history_env_full_vc_rf,rf,South Sudan,2020,286.9,235.9,194.85936416636636,221.53577745822824,0.35000000000000003
two_lag,temporal_2020,1,M6_history_env_full_vc_rf,rf,Togo,2020,228.9,267.3,280.48882101290866,271.916087354518,0.35000000000000003
two_lag,temporal_2020,1,M6_history_env_full_vc_rf,rf,Uganda,2020,283.8,289.2,271.41612677963684,282.97564437287286,0.35000000000000003
two_lag,temporal_2020,1,M6_history_env_full_vc_rf,rf,United Republic of Tanzania,2020,120.2,124.3,110.44821402331003,119.4518749081585,0.35000000000000003
two_lag,temporal_2020,1,M6_history_env_full_vc_rf,rf,Zambia,2020,189.9,156.7,197.1300492660672,170.8505172431235,0.35000000000000003
two_lag,temporal_2020,1,M6_history_env_full_vc_rf,rf,Zimbabwe,2020,98.5,51.0,73.59039858680211,58.90663950538074,0.35000000000000003
two_lag,temporal_2020,1,M6_history_env_full_vc_gb,gb,Angola,2020,251.6,228.9,204.23659860644494,221.50097958193348,0.30000000000000004
two_lag,temporal_2020,1,M6_history_env_full_vc_gb,gb,Benin,2020,388.3,386.2,359.56587550123203,378.2097626503696,0.30000000000000004
two_lag,temporal_2020,1,M6_history_env_full_vc_gb,gb,Burkina Faso,2020,389.9,398.7,392.3533881298247,396.7960164389474,0.30000000000000004
two_lag,temporal_2020,1,M6_history_env_full_vc_gb,gb,Burundi,2020,294.9,250.3,242.36654485120218,247.91996345536066,0.30000000000000004
two_lag,temporal_2020,1,M6_history_env_full_vc_gb,gb,Cameroon,2020,260.0,247.0,254.36293959160406,249.20888187748122,0.30000000000000004
two_lag,temporal_2020,1,M6_history_env_full_vc_gb,gb,Central African Republic,2020,336.0,347.3,349.50881990862956,347.96264597258886,0.30000000000000004
two_lag,temporal_2020,1,M6_history_env_full_vc_gb,gb,Chad,2020,206.3,164.8,165.89173472958785,165.12752041887637,0.30000000000000004
two_lag,temporal_2020,1,M6_history_env_full_vc_gb,gb,Congo,2020,213.2,235.1,228.6752176252551,233.17256528757653,0.30000000000000004
two_lag,temporal_2020,1,M6_history_env_full_vc_gb,gb,Côte d'Ivoire,2020,287.0,330.6,266.91149751413445,311.4934492542404,0.30000000000000004
two_lag,temporal_2020,1,M6_history_env_full_vc_gb,gb,Democratic Republic of the Congo,2020,324.2,319.8,285.66874722017207,309.56062416605164,0.30000000000000004
two_lag,temporal_2020,1,M6_history_env_full_vc_gb,gb,Equatorial Guinea,2020,240.8,269.0,249.5914203140076,263.1774260942023,0.30000000000000004
two_lag,temporal_2020,1,M6_history_env_full_vc_gb,gb,Gabon,2020,215.5,248.2,238.26164214703607,245.21849264411082,0.30000000000000004
two_lag,temporal_2020,1,M6_history_env_full_vc_gb,gb,Gambia,2020,87.3,66.0,83.1910491661506,71.15731474984518,0.30000000000000004
two_lag,temporal_2020,1,M6_history_env_full_vc_gb,gb,Ghana,2020,162.8,224.3,218.7543801108071,222.63631403324214,0.30000000000000004
two_lag,temporal_2020,1,M6_history_env_full_vc_gb,gb,Guinea,2020,319.5,283.9,287.2948235520284,284.9184470656085,0.30000000000000004
two_lag,temporal_2020,1,M6_history_env_full_vc_gb,gb,Kenya,2020,50.9,70.1,111.86096569549149,82.62828970864744,0.30000000000000004
two_lag,temporal_2020,1,M6_history_env_full_vc_gb,gb,Liberia,2020,358.0,361.5,280.7451283537717,337.2735385061315,0.30000000000000004
two_lag,temporal_2020,1,M6_history_env_full_vc_gb,gb,Madagascar,2020,133.5,82.4,92.1472186982674,85.32416560948022,0.30000000000000004
two_lag,temporal_2020,1,M6_history_env_full_vc_gb,gb,Malawi,2020,228.5,213.6,200.35165405109586,209.62549621532875,0.30000000000000004
two_lag,temporal_2020,1,M6_history_env_full_vc_gb,gb,Mozambique,2020,320.2,305.4,304.90012726982377,305.2500381809471,0.30000000000000004
two_lag,temporal_2020,1,M6_history_env_full_vc_gb,gb,Niger,2020,324.1,356.6,352.6270942842117,355.4081282852635,0.30000000000000004
two_lag,temporal_2020,1,M6_history_env_full_vc_gb,gb,Nigeria,2020,313.8,291.9,287.0610436734123,290.4483131020237,0.30000000000000004
two_lag,temporal_2020,1,M6_history_env_full_vc_gb,gb,Rwanda,2020,230.5,486.5,429.3264873336819,469.34794620010456,0.30000000000000004
two_lag,temporal_2020,1,M6_history_env_full_vc_gb,gb,Senegal,2020,49.9,55.8,62.5029706718097,57.81089120154291,0.30000000000000004
two_lag,temporal_2020,1,M6_history_env_full_vc_gb,gb,Sierra Leone,2020,328.2,320.4,285.11441370804386,309.81432411241315,0.30000000000000004
two_lag,temporal_2020,1,M6_history_env_full_vc_gb,gb,South Sudan,2020,286.9,235.9,215.5077736499876,229.7823320949963,0.30000000000000004
two_lag,temporal_2020,1,M6_history_env_full_vc_gb,gb,Togo,2020,228.9,267.3,266.00833961253045,266.91250188375915,0.30000000000000004
two_lag,temporal_2020,1,M6_history_env_full_vc_gb,gb,Uganda,2020,283.8,289.2,262.39151610920675,281.157454832762,0.30000000000000004
two_lag,temporal_2020,1,M6_history_env_full_vc_gb,gb,United Republic of Tanzania,2020,120.2,124.3,114.38214251295432,121.3246427538863,0.30000000000000004
two_lag,temporal_2020,1,M6_history_env_full_vc_gb,gb,Zambia,2020,189.9,156.7,194.93536937325126,168.17061081197537,0.30000000000000004
two_lag,temporal_2020,1,M6_history_env_full_vc_gb,gb,Zimbabwe,2020,98.5,51.0,71.3793089809322,57.11379269427966,0.30000000000000004
